time_h,volume_l,biomass_g_l,glucose_g_l,acetate_g_l,fraction_a_g_l,fraction_b_g_l,water_g_l,biomass_g,glucose_g,acetate_g,fraction_a_g,fraction_b_g,water_g
0.0,1.0,7.4e-05,15.699999999999998,0.17,2.67,7.329999999999999,974.1299260000001,7.4e-05,15.7,0.17,2.67,7.33,974.1299260000001
0.1,1.0,8.071424656682626e-05,15.699995378519443,0.17000265930019648,2.669988363643495,7.329999372449012,974.1299260000001,8.071424656682626e-05,15.699995378519443,0.17000265930019648,2.669988363643495,7.329999372449012,974.1299260000001
0.175,1.0,8.61467749312875e-05,15.6999916392568,0.17000481095295641,2.669978948613127,7.329998864694429,974.1299260000001,8.61467749312875e-05,15.699991639256801,0.17000481095295641,2.669978948613127,7.329998864694429,974.1299260000001
0.175,1.0001,8.613816111517598e-05,15.698421797077092,0.16998781217173922,2.6697119774153855,7.329265938100618,974.132512748725,8.61467749312875e-05,15.699991639256801,0.17000481095295641,2.669978948613127,7.329998864694429,974.229926
0.2,1.0001,8.802887056451244e-05,15.698420495673567,0.16998856102670315,2.669708700657157,7.32926576138627,974.132512748725,8.80376734515689e-05,15.699990337723134,0.17000555988280586,2.669975671527223,7.3299986879624095,974.229926
0.3,1.0001,9.601593107036407e-05,15.698414998059379,0.1699917244694293,2.669694858410932,7.32926501487891,974.132512748725,9.602553266347111e-05,15.699984839559185,0.17000872364187627,2.669961827896773,7.329997941380398,974.229926
0.4,1.0001,0.00010472766631984078,15.6984090016383,0.16999517493589703,2.66967976024303,7.329264200639818,974.132512748725,0.00010473813908647277,15.699978842538465,0.1700121744533906,2.6699467282190548,7.329997127059882,974.229926
0.5,1.0001,0.00011422982859442871,15.69840246115138,0.16999893846898953,2.6696632921993633,7.3292633125233975,974.132512748725,0.00011424125157728817,15.699972301397496,0.17001593836283643,2.669930258528584,7.32999623885465,974.229926
0.6,1.0001,0.00012459413647789334,15.698395327232838,0.17000304347473807,2.6696453299857703,7.329262343826398,974.132512748725,0.00012460659589154111,15.699965166765564,0.17002004377908556,2.669912294518769,7.329995270060782,974.229926
0.7,1.0001,0.0001358988110700894,15.698387546040937,0.17000752093471427,2.6696257380387185,7.329261287237791,974.132512748725,0.0001359124009511964,15.699957384795542,0.17002452168680776,2.6698927006125226,7.329994213366515,974.229926
0.8,1.0001,0.00014822917417492936,15.698379058846212,0.17001240464297177,2.6696043684886006,7.329260134782854,974.132512748725,0.00014824399709234686,15.699948896752097,0.17002940588343607,2.6698713289254496,7.329993060796332,974.229926
0.9,1.0001,0.0001616782867368793,15.698369801591978,0.17001773145893215,2.669581060053282,7.3292588777634995,974.132512748725,0.00016169445456555302,15.69993963857214,0.17003473323207807,2.6698480181592874,7.329991803651277,974.229926
1.0,1.0001,0.00017634765238561494,15.698359704410034,0.1700235415860622,2.6695556368188047,7.32925750669251,974.132512748725,0.00017636528715085352,15.699929540380474,0.1700405439402208,2.669822592382487,7.32999043244318,974.229926
1.1,1.0001,0.00019234798440596608,15.698348691092663,0.17002987887567678,2.6695279069101803,7.329256011221843,974.132512748725,0.0001923672192044067,15.699918525961774,0.17004688186356434,2.6697948597008714,7.329988936822966,974.229926
1.2,1.0001,0.00020980004030354284,15.698336678518144,0.1700367911575197,2.6694976610450296,7.329254380064622,974.132512748725,0.0002098210203075732,15.699906512185999,0.1700537948366355,2.669764610811134,7.329987305502629,974.229926
1.3,1.0001,0.00022883553356839188,15.698323576023062,0.1700443306009272,2.669464670953436,7.329252600909908,974.132512748725,0.00022885841712174873,15.699893408380666,0.1700613350339873,2.6697316174205317,7.32998552617,974.229926
1.4,1.0001,0.0002495981273626342,15.698309284718261,0.17005255410844664,2.6694286876558246,7.329250660329814,974.132512748725,0.00024962308717537047,15.699879115646736,0.17006955936385748,2.6696956305245907,7.329983585395847,974.229926
1.5,1.0001,0.00027224451843296327,15.698293696742633,0.17006152374520023,2.669389439584475,7.3292485436781725,974.132512748725,0.0002722717428848066,15.699863526112308,0.17007852989757477,2.6696563785284333,7.329981468532541,974.229926
1.5,0.9921000000000001,0.00027224451843296327,15.698293696742631,0.1700615237452002,2.6693894395844744,7.3292485436781725,974.132512748725,0.0002700937867373429,15.574277176538367,0.16871803770761315,2.6483012630117573,7.271347480183116,966.4368658980103
1.6,0.9921000000000001,0.00029694563469994447,15.69827669443865,0.17007130721328403,2.6693466305080245,7.329246234978599,974.132512748725,0.00029459976418581493,15.574260308552587,0.1687277438862991,2.6482587921270113,7.271345189722268,966.4368658980103
1.7,0.9921000000000001,0.00032388787604891486,15.698258149498184,0.17008197834328956,2.6692999373811115,7.32924371680849,974.132512748725,0.00032132916182812845,15.574241910117149,0.16873833071437758,2.6482124678758017,7.271342691445704,966.4368658980103
1.8,0.9921000000000001,0.0003532745744431943,15.69823792195722,0.1700936176727101,2.6692490078139177,7.329240970162533,974.132512748725,0.0003504837053050931,15.57422184237376,0.16874987809309575,2.648161940652188,7.27133996649825,966.4368658980103
1.9,0.9921000000000001,0.00038532750983750206,15.698215859152244,0.1701063130464659,2.6691934574450094,7.329237974310987,974.132512748725,0.0003822834225097858,15.574199953864943,0.16876247317339882,2.648106829131194,7.2713369943139305,966.4368658980103
2.0,0.9921000000000001,0.0004202885765859869,15.698191794572903,0.17012016027705715,2.669132867053376,7.329234706643896,974.132512748725,0.00041696829683095764,15.574176079395778,0.1687762110108684,2.6480467174036546,7.27133375246141,966.4368658980103
2.1,0.9921000000000001,0.0004584216206601815,15.698165546597101,0.17013526387239805,2.6690667793744427,7.3292311424993315,974.132512748725,0.0004548000898569661,15.574150038778985,0.16879119528780612,2.647981151817385,7.271330216473587,966.4368658980103
2.2,0.9921000000000001,0.0005000144182765655,15.698136917128657,0.1701517378196884,2.668994695671029,7.329227254978408,974.132512748725,0.0004960643043721807,15.574121635483342,0.16880753909091287,2.647909637575228,7.271326359664079,966.4368658980103
2.3,0.9921000000000001,0.0005453808522368277,15.698105690098812,0.17016970644763235,2.668916071961668,7.329223014741805,974.132512748725,0.000541072343504157,15.574090655147032,0.16882536576669607,2.647831634993171,7.271322152925345,966.4368658980103
2.4,0.9921000000000001,0.0005948632793612814,15.698071629836116,0.17018930536438784,2.668830314917763,7.329218389788431,974.132512748725,0.0005901638594543274,15.574056863960413,0.16884480985200917,2.647746555429913,7.271317564509103,966.4368658980103
2.5,0.9921000000000001,0.0006488351123002717,15.698034479288623,0.1702106824804776,2.6687367773892317,7.329213345214012,974.132512748725,0.0006437093149130996,15.574020006902243,0.16886601808888183,2.6476537568478573,7.271312559786822,966.4368658980103
2.6,0.9921000000000001,0.000707703636773895,15.697993958083927,0.17023399912501025,2.6686347535221646,7.3292078429476835,974.132512748725,0.0007021127780433812,15.573979805815066,0.1688891505319227,2.6475525389693395,7.271307100988397,966.4368658980103
2.7,0.9921000000000001,0.0007719130830060388,15.697949760414073,0.17025943126265514,2.6685234734359695,7.329201841464791,974.132512748725,0.0007658149696502911,15.573935957306801,0.16891438175568016,2.6474421379958257,7.27130114691722,966.4368658980103
2.8,0.9921000000000001,0.0008419479761829336,15.697901552728197,0.17028717082122027,2.668402097416985,7.3291952954735855,974.132512748725,0.0008352965871710886,15.573888130461645,0.16894190217173263,2.647321720847391,7.2712946526393445,966.4368658980103
2.9,0.9921000000000001,0.0009183367903456193,15.697848971216132,0.17031742713951817,2.6682697095862613,7.329188155573542,974.132512748725,0.000911081929701889,15.573835964343527,0.168971919465116,2.64719037888053,7.271287569144511,966.4368658980103
3.0,0.9921000000000001,0.0010016559331338752,15.69779161906397,0.17035042854639923,2.6681253109940037,7.329180367882702,974.132512748725,0.0009937428512621178,15.573779065273365,0.1690046601608827,2.647047121037151,7.27127984297643,966.4368658980103
3.0,0.9841000000000001,0.0010016559331338752,15.697791619063969,0.17035042854639923,2.6681253109940037,7.329180367882702,974.132512748725,0.000985729603797047,15.448196732320854,0.16764185673251153,2.6257021185491993,7.212646400033368,958.6438057960205
3.1,0.9841000000000001,0.0010925341043707773,15.697729063452018,0.17038642408800445,2.667967812066181,7.329171873630059,974.132512748725,0.001075162812111282,15.448135171343132,0.1676772799450052,2.625547123854329,7.212638040839342,958.6438057960205
3.2,0.9841000000000001,0.0011916569902166046,15.6976608323214,0.17042568538810304,2.667796024469641,7.329162608716502,974.132512748725,0.0011727096440721607,15.448068025087492,0.16771591699043223,2.625378067680574,7.212628923237911,958.6438057960205
3.3,0.9841000000000001,0.0012997725002464862,15.697586410766494,0.17046850872368896,2.6676086520363897,7.329152503224991,974.132512748725,0.0012791061174925672,15.447994786835308,0.16775805943498232,2.6251936744690116,7.212618978423715,958.6438057960205
3.4,0.9841000000000001,0.0014176963545865157,15.697505237185894,0.17051521723946897,2.667404281081289,7.32914148089791,974.132512748725,0.0013951549825485905,15.44791490391464,0.16780402528536145,2.6249925530120968,7.212608131351634,958.6438057960205
3.5,0.9841000000000001,0.0015463182526779119,15.697416699032399,0.17056616339302957,2.667181369711882,7.329129458560006,974.132512748725,0.0015217317924603334,15.447827773517785,0.16785416139508044,2.624773185933463,7.212596300168903,958.6438057960205
3.6,0.9841000000000001,0.0016866085743857423,15.697320128195816,0.17062173161120567,2.666938236215771,7.329116345491457,974.132512748725,0.0016597914980530093,15.447732738157505,0.16790884607858753,2.6245339182599405,7.212583395598143,958.6438057960205
3.7,0.9841000000000001,0.0018396256894821763,15.697214795966126,0.17068234118784006,2.6666730463938157,7.329102042743971,974.132512748725,0.0018103756410194098,15.447629080710266,0.1679684919629534,2.6242729449561546,7.212569320264342,958.6438057960205
3.8,0.9841000000000001,0.002006523931982346,15.69709990753793,0.17074844944538237,2.6663837997413036,7.329086442394601,974.132512748725,0.001974620201463827,15.447516019008079,0.16803354909920082,2.6239882973254174,7.2125539679605275,958.6438057960205
3.9,0.9841000000000001,0.002188562295730951,15.696974596017203,0.17082055518276518,2.666068314379389,7.329069426731991,974.132512748725,0.002153764155228829,15.447392699940531,0.16810450835535923,2.623677828180757,7.2125372228469535,958.6438057960205
4.0,0.9841000000000001,0.0023871139162317465,15.696837915885318,0.1708992024354122,2.6657242106242243,7.329050867368934,974.132512748725,0.002349158804963662,15.447258193022744,0.16818190511668918,2.6233391956752996,7.2125189585777685,958.6438057960205
4.1,0.9841000000000001,0.002603676409380746,15.696688835871472,0.17098498457550462,2.665348893071365,7.329030624274603,974.132512748725,0.0025622779544715924,15.447111483381118,0.1682663233207541,2.622969845671531,7.212499037348638,958.6438057960205
4.2,0.9841000000000001,0.002839883144750246,15.696526231179675,0.17107854878342274,2.664939531060965,7.3290085447191755,974.132512748725,0.0027947290027487176,15.44695146410392,0.16835839985776632,2.622566992517096,7.2124773088581415,958.6438057960205
4.3,0.9841000000000001,0.003097515540270373,15.696348875010152,0.1711806009249608,2.6644930373733198,7.328984462122634,974.132512748725,0.0030482650431800746,15.446776927897492,0.16845882937025394,2.6221275980790844,7.212453609174885,958.6438057960205
4.4,0.9841000000000001,0.0033785164645182024,15.696155429315304,0.17129191086868717,2.66400604500546,7.328958194799675,974.132512748725,0.0033247980527323635,15.446586557989193,0.16856836948587506,2.6216483488898734,7.212427759502361,958.6438057960205
4.5,0.9841000000000001,0.003685004851082343,15.695944434717763,0.17141331828510967,2.6634748818478555,7.328929544590852,974.132512748725,0.003626413273950134,15.446378918205752,0.16868784652437643,2.621125631226475,7.212399564831858,958.6438057960205
4.5,0.9761000000000002,0.003685004851082343,15.695944434717761,0.17141331828510967,2.6634748818478555,7.328929544590851,974.1325127487252,0.0035969332351414754,15.320811362728008,0.16731653997809556,2.5998178321716923,7.153768128475131,950.8507456940307
4.6,0.9761000000000002,0.004019291641506618,15.695714299509627,0.1715457389741214,2.6628955430594563,7.328898295368983,974.1325127487252,0.003923230571274611,15.32058672775135,0.1674457958126399,2.5992523395803357,7.153737626109665,950.8507456940307
4.7,0.9761000000000002,0.004383897127895284,15.695463287683136,0.17169017174927634,2.6622636610180686,7.328864211414071,974.1325127487252,0.004279121986538588,15.32034171510751,0.16758677664446867,2.598635559519737,7.153704356761276,950.8507456940307
4.8,0.9761000000000002,0.004781569925211348,15.695189505833504,0.17184770597046178,2.6615744724475614,7.328827035635135,974.1325127487252,0.004667290403998798,15.320074476644084,0.1677405457977678,2.597962842556065,7.153668069483457,950.8507456940307
4.9,0.9761000000000002,0.00521530760179834,15.694890888913022,0.17201952973685847,2.660822782672746,7.328786487636073,974.1325127487252,0.00509066175011536,15.319782996668003,0.16790826297614755,2.597229118166868,7.153628490581571,950.8507456940307
5.0,0.9761000000000002,0.005688379190049422,15.694565184682348,0.17220693882872748,2.6600029266175715,7.3287422616047015,974.1325127487252,0.005552426927407241,15.319465076768443,0.16809119299072092,2.596428856671412,7.153585321552351,950.8507456940307
5.1,0.9761000000000002,0.006204349711545929,15.694209936764818,0.17241134645202497,2.6591087263141815,7.328694024012163,974.1325127487252,0.006056065753439982,15.31911831927614,0.1682907152718216,2.595556027755273,7.153538236838274,950.8507456940307
5.2,0.9761000000000002,0.0067671069190103125,15.69382246616255,0.17263429386695797,2.658133444572578,7.328641411103538,974.1325127487252,0.006605373063645967,15.318740109221267,0.1685083342435377,2.594604055247294,7.153486881378164,950.8507456940307
5.3,0.9761000000000002,0.0073808904401157175,15.69339985110456,0.1728774619748968,2.6570697344906677,7.328584026162064,974.1325127487252,0.007204487158596953,15.318327594663163,0.16874569063369682,2.5935657678363415,7.153430867936792,950.8507456940307
5.4,0.9761000000000002,0.008050323537069201,15.69293890507683,0.17314268394972113,2.655909584434532,7.328521436526595,974.1325127487252,0.007857920804533248,15.317877665245495,0.16900457380332282,2.592433345366547,7.15336977419361,950.8507456940307
5.5,0.9761000000000002,0.00878044771518556,15.692436152870439,0.17343195900758668,2.6546442580854324,7.328453170340079,974.1325127487252,0.008570595014792626,15.317386928816838,0.1692869351873054,2.591198260317191,7.153303139568951,950.8507456940307
5.6,0.9761000000000002,0.009576760437704583,15.691887804466639,0.17374746741895425,2.653264229108525,7.3283787130044695,974.1325127487252,0.009347875863243444,15.316851685939888,0.16959490294764126,2.589851214032832,7.1532304617636635,950.8507456940307
5.7,0.9761000000000002,0.010445256212264449,15.691289726571357,0.17409158687027612,2.651759109984291,7.328297503316659,974.1325127487252,0.01019561458879133,15.316267902106304,0.16993079794407656,2.588382067255667,7.153151192987392,950.8507456940307
5.8,0.9761000000000002,0.011392471354099085,15.690637411583431,0.17446691029895117,2.6501175744751384,7.328208929256155,974.1325127487252,0.011120191288736118,15.31563117744659,0.17029715114280627,2.586779764445183,7.153064735846933,950.8507456940307
5.9,0.9761000000000002,0.01242553274551544,15.689925943769692,0.1748762653313962,2.6483272731747673,7.328112323393759,974.1325127487252,0.012128562512897623,15.314936713713598,0.17069672258997587,2.5850322513458908,7.152970438864649,950.8507456940307
6.0,0.9761000000000002,0.013552210943046357,15.689149962396828,0.17532273546735475,2.6463747415329726,7.3280069578873315,974.1325127487252,0.013228313101507549,15.314179278295546,0.171132522089685,2.5831263852103348,7.152867591593825,950.8507456940307
6.0,0.9681000000000002,0.013552210943046355,15.689149962396828,0.17532273546735472,2.6463747415329726,7.3280069578873315,974.1325127487252,0.013119895413963177,15.18866607859637,0.16972994020594614,2.561955387278071,7.094243535930727,943.0576855920409
6.1,0.9681000000000002,0.014780978020808968,15.688303621542818,0.17580968316901313,2.6442452996845263,7.32789203902706,974.1325127487252,0.014309464821945164,15.187846736015606,0.17020135427592165,2.5598938746245903,7.094132282982098,943.0576855920409
6.2,0.9681000000000002,0.01612107050474202,15.687380546331836,0.17634077500112919,2.6419229434698903,7.327766701295515,974.1325127487252,0.015606808355640754,15.186953106903854,0.1707155042785932,2.5576456015732014,7.094010943524189,943.0576855920409
6.3,0.9681000000000002,0.01758255796029041,15.686373785191837,0.1769200090514899,2.639390225675552,7.3276300008882025,974.1325127487252,0.017021674361357146,15.185978461444218,0.17127626076274738,2.5551936774765025,7.09387860385987,943.0576855920409
6.4,0.9681000000000002,0.019176417614928342,15.68527575785446,0.17755174479131106,2.636628126836631,7.327480908656579,974.1325127487252,0.018564689893012132,15.184915461178907,0.17188784413246827,2.5525196895905427,7.093734267670436,943.0576855920409
6.5,0.9681000000000002,0.02091461553191697,15.684078198722858,0.17824073558920606,2.6336159147106657,7.3273183024228565,974.1325127487252,0.020247439296448823,15.183756104183603,0.1725548561239104,2.549603567031396,7.0935768485755695,943.0576855920409
6.6,0.9681000000000002,0.022810194957917584,15.682772095153656,0.17899216413738697,2.6303309913486537,7.327140958605113,974.1325127487252,0.02208254973876002,15.182491665318256,0.17328231410140435,2.546423432724632,7.0934051620256104,943.0576855920409
6.7,0.9681000000000002,0.024877372415568182,15.681347620231078,0.1798116810301683,2.626748726779448,7.326947543095565,974.1325127487252,0.024083784235511562,15.181112631145709,0.17407568840530596,2.5429554423951837,7.093217916470818,943.0576855920409
6.8,0.9681000000000002,0.027131642184409565,15.679794059555702,0.18070544676623795,2.6228422781995415,7.326736601327373,974.1325127487252,0.026266142798726903,15.179608629055878,0.17494094301439497,2.5391736095249766,7.093013703745031,943.0576855920409
6.9,0.9681000000000002,0.029589889881734187,15.67809973151562,0.18168017747685414,2.6185823934436456,7.326506547457956,974.1325127487252,0.028645972394506874,15.177968350080276,0.17588457981534253,2.5350496150927935,7.092790988594047,943.0576855920409
7.0,0.9681000000000002,0.032270515883778585,15.676251900480024,0.18274319469742062,2.6139371974631067,7.326255652593029,974.1325127487252,0.03124108642708605,15.176179464854714,0.17691368678657293,2.530552600864034,7.092548097275312,943.0576855920409
7.1,0.9681000000000002,0.03519356938807087,15.674236682303016,0.18390247952886152,2.6088719604367006,7.325982031968624,974.1325127487252,0.034070894524591416,15.174228532137553,0.1780359904318909,2.5256489448987702,7.092283205148826,943.0576855920409
7.2,0.9681000000000002,0.03838089397702076,15.672038941471923,0.18516673156485558,2.603348846038203,7.325683631001041,974.1325127487252,0.037156543459153805,15.172100899238972,0.1792599128279367,2.520302017849585,7.091994323172109,943.0576855920409
7.3,0.9681000000000002,0.04185628558283652,15.669642179192069,0.18654543298392287,2.5973266383188283,7.3253582101091075,974.1325127487252,0.04052107007274404,15.169780593675844,0.18059463367173575,2.5144719185564584,7.091679283206628,943.0576855920409
7.4,0.9681000000000002,0.04564566382248914,15.667028411633627,0.18804891824172157,2.5907604455475446,7.325003328204131,974.1325127487252,0.04418956714655175,15.167250205302517,0.18205015774981068,2.5081151873345786,7.091335722034421,943.0576855920409
7.5,0.9681000000000002,0.04977725771170293,15.664178037516432,0.1896884498254858,2.583601379287021,7.324616324736321,974.1325127487252,0.048189363190699615,15.16449075811966,0.18363738827605283,2.5011844952877658,7.090961063977234,943.0576855920409
7.5,0.9601000000000002,0.04977725771170293,15.664178037516432,0.1896884498254858,2.583601379287021,7.324616324736321,974.1325127487252,0.047791145129005994,15.03917733381953,0.18211988067744894,2.4805156842534695,7.032364133379343,935.2646254900512
7.6,0.9601000000000002,0.054281806867678264,15.661069694110477,0.19147630058625947,2.5757962068142186,7.3241943001732475,974.1325127487252,0.05211596277365792,15.03619301331547,0.18383639619286776,2.473021938162332,7.031958947596335,935.2646254900512
7.7,0.9601000000000002,0.059192779126396304,15.657680100823683,0.19342584310753538,2.567286975319956,7.32373409479877,974.1325127487252,0.0568309872392531,15.03293866480082,0.18570815196754475,2.46485222500469,7.0315171044163005,935.2646254900512
7.8,0.9601000000000002,0.06454660607932138,15.653983889110345,0.19555164681731915,2.5580106053264515,7.323232265661592,974.1325127487252,0.06197119649675647,15.029389931934844,0.18774913610930816,2.4559459821739265,7.031035298261696,935.2646254900512
7.9,0.9601000000000002,0.07038293739489819,15.649953417812101,0.19786958332704724,2.547898451882572,7.322685061554163,974.1325127487252,0.06757465819284177,15.025520276441402,0.1899745869522981,2.446237303652458,7.030509927598153,935.2646254900512
8.0,0.9601000000000002,0.07674491513049224,15.645558572767275,0.20039694063579777,2.5368758315153803,7.3220883958653715,974.1325127487252,0.07368279301678561,15.021300785713864,0.19240110270442948,2.435654485837917,7.029937068870344,935.2646254900512
8.1,0.9601000000000002,0.0836794693884651,15.640766549316822,0.20315254694765128,2.524861512681506,7.321437817122709,974.1325127487252,0.08034065855986536,15.016699963999084,0.19504676032444004,2.4241195383255145,7.029312448219514,935.2646254900512
8.2,0.9601000000000002,0.09123763630356008,15.635541616512743,0.20615690474103793,2.5117671681123874,7.320728477063861,974.1325127487252,0.08759725461504805,15.011683506013886,0.19793124424187056,2.4115476581047037,7.028631410829015,935.2646254900512
8.3,0.9601000000000002,0.09947489946490974,15.629844861619029,0.20943233584023394,2.4974967872738456,7.319955096048961,974.1325127487252,0.09550585097625987,15.006214051640432,0.20107598564020862,2.39784666546162,7.027888887716609,935.2646254900512
8.4,0.9601000000000002,0.10845155566548344,15.623633913495876,0.21300313822541744,2.48194604755484,7.319111925625134,974.1325127487252,0.10412433859443067,15.000250920347394,0.20450431301022334,2.382916400257402,7.027079359792692,935.2646254900512
8.5,0.9601000000000002,0.118233105696963,15.6168626433805,0.21689575534363711,2.4650016431437036,7.318192708045181,974.1325127487252,0.1135156047796542,14.993749823909623,0.20824161470542604,2.36664807758227,7.02619681899418,935.2646254900512
8.6,0.9601000000000002,0.12889067057954356,15.60948084156653,0.2211389586674264,2.4465405711683017,7.317190632541196,974.1325127487252,0.12374793282341981,14.986662555988028,0.2123155142165961,2.348923602378687,7.025234726302805,935.2646254900512
8.7,0.9601000000000002,0.1405014332122456,15.601433868445007,0.22576404424038046,2.4264293754417103,7.316098288149532,974.1325127487252,0.13489542602707702,14.978936657094055,0.21675605887518934,2.3296148433615866,7.024185966452367,935.2646254900512
8.8,0.9601000000000002,0.15314910479279897,15.592662278424275,0.23080504388174555,2.404523349337434,7.314907612891686,974.1325127487252,0.14703845551156633,14.97051505351515,0.22159592263086395,2.3085828676988704,7.023042799137309,935.2646254900512
8.9,0.9601000000000002,0.16692441455458995,15.583101415280733,0.23629895165323636,2.380665700814303,7.313609839121487,974.1325127487252,0.16026413041386184,14.961335668811035,0.22687062348227227,2.285677139351813,7.021796806540541,935.2646254900512
9.0,0.9601000000000002,0.18192562023463052,15.572680977627407,0.24228596605246486,2.3546866847096983,7.312195434868499,974.1325127487252,0.1746667879872688,14.951331006620077,0.23261875600697154,2.2607346859897817,7.020438837017248,935.2646254900512
9.0,0.9521000000000002,0.18192562023463055,15.572680977627407,0.24228596605246486,2.3546866847096983,7.312195434868499,974.1325127487252,0.17321138302539177,14.826749558799058,0.23068046827855185,2.2418971925121043,6.9619412735383,927.4715653880614
9.1,0.9521000000000002,0.19825903525560762,15.561324553313737,0.24880974824275398,2.3264027100785127,7.3106540410260905,974.1325127487252,0.18876242746686406,14.815937107210015,0.23689176130192613,2.2149680202657525,6.960473712460943,927.4715653880614
9.2,0.9521000000000002,0.21603956585385856,15.548949122227995,0.2559176961320805,2.295615435381722,7.308974404323896,974.1325127487252,0.20569127064945877,14.804154459273278,0.24365923848735388,2.1856554560269377,6.958874530356783,927.4715653880614
9.3,0.9521000000000002,0.23539125030514585,15.535464526605306,0.26366123421736415,2.2621108664356955,7.307144305975264,974.1325127487252,0.22411600941552942,14.791315775780914,0.25103186109835246,2.1537557559334264,6.95713209371905,927.4715653880614
9.4,0.9521000000000002,0.25644778623449527,15.520772909494866,0.2720961179576184,2.2256584832848305,7.305150486104809,974.1325127487252,0.244163937273863,14.777327887130065,0.2590627139074485,2.1190494419354877,6.95523377782039,927.4715653880614
9.5,0.9521000000000002,0.2793530283167961,15.504768122827855,0.2812827508098537,2.186010428915403,7.302978564167921,974.1325127487252,0.2659720182604216,14.762089729744405,0.2678093070460618,2.081300529370356,6.9531658909442795,927.4715653880614
9.6,0.9521000000000002,0.3042614314808568,15.487335107040321,0.2912865113277161,2.1429008061415744,7.300612955648742,974.1325127487252,0.2896873089129238,14.745491755413093,0.27733388743511855,2.0402558575273937,6.950913595073168,927.4715653880614
9.7,0.9521000000000002,0.33133840367062595,15.468349246731346,0.30217808575347577,2.096045149262289,7.29803678566853,974.1325127487252,0.31546729413480307,14.72741531781292,0.28770375544588433,1.9956445866126256,6.948460823635009,927.4715653880614
9.8,0.9521000000000002,0.3607605196503955,15.447675709322244,0.31403379946302823,2.0451401602220356,7.2952318004751415,974.1325127487252,0.34348009075914165,14.707732042845713,0.29899158046874924,1.9471779465474006,6.945790197232384,927.4715653880614
9.9,0.9521000000000002,0.3927155274521842,15.425168776819673,0.3269359377182808,1.9898638357974117,7.292178278214937,974.1325127487252,0.37390445368722464,14.686303192410014,0.3112757063015752,1.8945493580627162,6.942882938688443,927.4715653880614
10.0,0.9521000000000002,0.4274020504969343,15.400671185823315,0.3409730417195399,1.9298761651033802,7.288854941075677,974.1325127487252,0.40692949227813124,14.662979036022382,0.324640433021174,1.8374350967949284,6.939718789398154,927.4715653880614
10.1,0.9521000000000002,0.4650288496466133,15.374013497840211,0.35624015978820633,1.8648206484054344,7.285238871829484,974.1325127487252,0.4427539677485406,14.637598251293667,0.3391762561343513,1.7754957393468145,6.936275929868853,927.4715653880614
10.175277777777778,0.9521000000000002,0.49542465514466827,15.352411315788535,0.36860571142201703,1.8122811589105283,7.282308807355053,974.1325127487252,0.47169381416323874,14.617030813762268,0.3509494978449025,1.7254728913987145,6.9334862154827475,927.4715653880614
10.175277777777778,0.9538000000000002,0.49454163783103233,15.325048032881384,0.3679487291307427,1.8090510499042924,7.269329225710575,974.1786175173635,0.47169381416323874,14.617030813762268,0.3509494978449025,1.7254728913987145,6.9334862154827475,929.1715653880615
10.2,0.9538000000000002,0.5049099346396356,15.317663491436868,0.37217434338059086,1.791132489462372,7.268327986136936,974.1786175173635,0.48158309565928453,14.609987438132489,0.3549798887164077,1.7083821684492109,6.932531233177411,929.1715653880615
10.234722222222222,0.9538000000000002,0.51982112680657,15.307029982466384,0.37825786036684883,1.7653656323409985,7.26688627559987,974.1786175173635,0.4958053907481066,14.59984519727644,0.36078234721790053,1.683805740126845,6.931156129667158,929.1715653880615
10.234722222222222,0.9558000000000002,0.5187334073531141,15.275000206399286,0.37746636034515635,1.7616716259958614,7.251680403501942,974.2326484495304,0.4958053907481066,14.59984519727644,0.36078234721790053,1.683805740126845,6.931156129667158,931.1715653880615
10.238888888888889,0.9558000000000002,0.5205463219004673,15.273705994017154,0.3782066632790596,1.7585391348514958,7.251505003833853,974.2326484495304,0.4975381744724668,14.5986081890816,0.36148992876212527,1.68081170509106,6.930988482664398,931.1715653880615
10.238888888888889,0.9560000000000003,0.5204374209963041,15.270510658035143,0.37812754054615605,1.7581712396349998,7.24998795257782,974.2380391088506,0.4975381744724668,14.5986081890816,0.36148992876212527,1.68081170509106,6.930988482664398,931.3715653880614
10.272222222222222,0.9560000000000003,0.5351544916459566,15.259995105416111,0.3841416939755531,1.732743864237951,7.248562903570607,974.2380391088506,0.5116076940135347,14.588555320777807,0.3672394594406288,1.6565031342114815,6.9296261358135025,931.3715653880614
10.272222222222222,0.9578000000000003,0.534148772200391,15.231316893691588,0.38341977389917387,1.7294875070071842,7.234940630417102,974.286453735708,0.5116076940135347,14.588555320777807,0.3672394594406288,1.6565031342114815,6.9296261358135025,933.1715653880615
10.276388888888889,0.9578000000000003,0.5360118966953802,15.229984237821894,0.3841818281687988,1.7262687742912997,7.234760098294631,974.286453735708,0.5133921946548353,14.587278902985815,0.3679693550200756,1.6534202320162072,6.929453222146599,933.1715653880615
10.276388888888889,0.9581000000000003,0.5358440608024582,15.225215429481068,0.38406153326383,1.7257282455027732,7.232494752266566,974.2945051540144,0.5133921946548353,14.587278902985815,0.3679693550200756,1.6534202320162072,6.929453222146599,933.4715653880614
10.3,0.9581000000000003,0.5465142306165252,15.217577880117258,0.3884284270142286,1.7072955623779271,7.231460185452905,974.2945051540144,0.5236152843536929,14.57996136694035,0.3721532759223325,1.6357598783142924,6.92846200368243,933.4715653880614
10.4,0.9581000000000003,0.5939533444231355,15.183511465397794,0.4078962937869172,1.6253674787415606,7.226845940997479,974.2945051540144,0.5690666992918063,14.54732233499763,0.39080543907724546,1.5572645813822896,6.924041096069686,933.4715653880614
10.5,0.9581000000000003,0.6451938606189184,15.146497213373566,0.4290286218455935,1.536919630979357,7.221833013797297,974.2945051540144,0.6181602378589859,14.511858980133217,0.41105232259026325,1.4725226984413224,6.919238210519191,933.4715653880614
10.5,0.9501000000000003,0.6451938606189184,15.146497213373566,0.4290286218455935,1.536919630979357,7.221833013797297,974.2945051540144,0.6129986869740345,14.390687002426228,0.40762009361549845,1.4602273413934874,6.861463546408814,925.6772093468293
10.6,0.9501000000000003,0.7004461845232519,15.106301606373384,0.4519510446285218,1.4416060913795112,7.21638993340297,974.2945051540144,0.6654939199155419,14.352497156215355,0.42939868750155874,1.369669947419674,6.856292075726164,925.6772093468293
10.675277777777778,0.9501000000000003,0.7447998000344036,15.073796244199492,0.4704658246217861,1.3651436008203257,7.211988763410185,974.2945051540144,0.7076342900126871,14.321613811613942,0.4469895799731591,1.2970229351393918,6.85211052411602,925.6772093468293
10.675277777777778,0.9506000000000002,0.7444080475622628,15.06586767474641,0.4702183673187029,1.36442555768924,7.20819537567433,974.3080258224585,0.7076342900126871,14.321613811613942,0.4469895799731591,1.2970229351393918,6.85211052411602,926.1772093468293
10.7,0.9506000000000002,0.7594958875540665,15.054756513196308,0.47654220237945644,1.3384265030754476,7.206691202222905,974.3080258224585,0.7219767907088958,14.311051541444414,0.45300101758191136,1.2723082338235208,6.850680656833095,926.1772093468293
10.8,0.9506000000000002,0.8232488485805111,15.007477120013492,0.5034201417558583,1.2286388122558434,7.200291383541747,974.3080258224585,0.782580355460634,14.26610775028483,0.478551186753119,1.167944054930405,6.844596989194787,926.1772093468293
10.9,0.9506000000000002,0.8914088646082712,14.956256086875001,0.5324754966586165,1.111406238669769,7.193359168180699,974.3080258224585,0.8473732666966228,14.21741703618338,0.506171207123681,1.0565027704794827,6.838007225272574,926.1772093468293
11.0,0.9506000000000002,0.9639251443818279,14.900830911917526,0.5638270278191216,0.9868834679544372,7.1858593166468445,974.3080258224585,0.9163072422493658,14.164729864868802,0.5359739726448571,0.9381314246374882,6.830877866404492,926.1772093468293
11.1,0.9506000000000002,1.040552615423241,14.840947498513788,0.5975727824943204,0.8555927693192488,7.177757776933915,974.3080258224585,0.9891493162213332,14.10780469208721,0.5680526870391012,0.813326486514878,6.823176542753382,926.1772093468293
11.2,0.9506000000000002,1.1207316112524635,14.776375072472014,0.633770494877646,0.7186521176122997,7.169023706178663,974.3080258224585,1.065367469656592,14.046422143891899,0.6024622324306905,0.6831507030022523,6.8148739350934395,926.1772093468293
11.3,0.9506000000000002,1.203390806913042,14.706930392927935,0.6724020827738789,0.5781530473132851,7.159632746169712,974.3080258224585,1.143943301051538,13.9804080315173,0.6391854198848494,0.549592286776009,6.80594688850893,926.1772093468293
11.4,0.9506000000000002,1.2866303936554677,14.632517094508328,0.7133054635867097,0.4377809721010397,7.149572338828895,974.3080258224585,1.2230708522088878,13.90967075003962,0.6780681736855263,0.41615459207924843,6.796383465290749,926.1772093468293
11.5,0.9506000000000002,1.3672693559265148,14.553188203090382,0.7560345192707391,0.3037471621746373,7.138850163357839,974.3080258224585,1.2997262497437452,13.834260705857721,0.7186864140187648,0.2887420523632103,6.786190965287964,926.1772093468293
11.6,0.9506000000000002,1.4405003711102407,14.469235230215752,0.7995556390660472,0.18569999737669796,7.127506146763126,974.3080258224585,1.369339652777395,13.754455009843097,0.7600575904961847,0.17652641750628914,6.77540734311303,926.1772093468293
11.7,0.9506000000000002,1.5009020447610737,14.381267641023216,0.8416167945909258,0.0955891048691149,7.115623147399377,974.3080258224585,1.426757483749877,13.670833019556673,0.8000409249381343,0.09086700308858064,6.764111363917849,926.1772093468293
11.8,0.9506000000000002,1.5469635081850663,14.290133023859536,0.8779295636179996,0.04055439338208681,7.1033161027970655,974.3080258224585,1.4705435108807243,13.584200452480879,0.8345598431752707,0.03855100634901173,6.752412287318892,926.1772093468293
11.9,0.9506000000000002,1.5850850370170608,14.196530981869014,0.9033062390915476,0.01468003679096361,7.0906798510981455,974.3080258224585,1.5067818361884184,13.495222351364689,0.8586829108804254,0.01395484297349001,6.740400266453898,926.1772093468293
12.0,0.9506000000000002,1.623112083062928,14.100682347240864,0.9167829890602657,0.004818112432470162,7.077744518306954,974.3080258224585,1.5429303461596198,13.40410863928717,0.8714939094006887,0.004580097678306138,6.728103939102592,926.1772093468293
12.0,0.9426000000000002,1.623112083062928,14.100682347240864,0.9167829890602656,0.004818112432470162,7.077744518306953,974.3080258224584,1.5299454494951163,13.291303180509242,0.8641596454882066,0.004541552778846376,6.671481982956136,918.3827451402495
12.1,0.9426000000000002,1.6634910046372489,14.002494329765591,0.922702890549483,0.0014934525626962838,7.0644978958412885,974.3080258224584,1.5680066209710712,13.198751155237051,0.8697397446319428,0.0014077283855975175,6.658995716620001,918.3827451402495
12.2,0.9426000000000002,1.705802384227698,13.901834878287318,0.925386707601702,0.00044479334128122314,7.050922506638815,974.3080258224584,1.6078893273730286,13.10386955627363,0.8722695105853646,0.000419262203491681,6.646199554757748,918.3827451402495
12.3,0.9426000000000002,1.7495467927311141,13.798605361887807,0.9269611562402791,0.0001280039931327904,7.037005412692591,974.3080258224584,1.6491228068283486,13.00656541411545,0.8737535858720873,0.00012065656392696826,6.633081302004038,918.3827451402495
12.4,0.9426000000000002,1.7945273843032323,13.692727415667052,0.9282048996071356,3.5640931014323894e-05,7.022736436083571,974.3080258224584,1.6915215124442273,12.906764862007767,0.8749259383696862,3.359514157410171e-05,6.619631364652376,918.3827451402495
12.5,0.9426000000000002,1.840697392280514,13.584129270809708,0.9293693962060662,9.599763849214604e-06,7.008106313962585,974.3080258224584,1.7350413619636131,12.804400250665234,0.8760235928638381,9.048737404269688e-06,6.605841011541135,918.3827451402495
12.6,0.9426000000000002,1.8880632404142497,13.4727400980962,0.9305312137482068,2.4996317705526704e-06,6.993105936378463,974.3080258224584,1.7796884104144721,12.699404816465481,0.8771187220790599,2.3561529069229475e-06,6.591701655630341,918.3827451402495
12.7,0.9426000000000002,1.9366485302935457,13.358488099858084,0.9317130296947446,6.287011556112592e-07,6.977726090314678,974.3080258224584,1.8254849046546966,12.591710882926233,0.8782327017902665,5.926137092791731e-07,6.577204612730617,918.3827451402495
12.8,0.9426000000000002,1.986482492450147,13.24129989703972,0.9329216592961835,1.5261170374787167e-07,6.961957378602655,974.3080258224584,1.872458397383509,12.481249282949644,0.8793719560525828,1.4385179195274387e-07,6.562341025070864,918.3827451402495
12.9,0.9426000000000002,2.0375965249758146,13.12110031933647,0.9341594259222772,3.572078986171056e-08,6.945790193301793,974.3080258224584,1.9206384844422033,12.36794916100656,0.8805386748743388,3.3670416523648384e-08,6.547101836206271,918.3827451402495
13.0,0.9426000000000002,2.0900232097775713,12.9978123137928,0.9354274306976826,8.054877705570685e-09,6.92921470514596,974.3080258224584,1.9700558775363393,12.251737886981097,0.8817338961756359,7.59252772527093e-09,6.531477781070584,918.3827451402495
13.1,0.9426000000000002,2.1437960537411462,12.871356886389401,0.9367264588100491,1.748518171059748e-09,6.9122208575321755,974.3080258224584,2.020742160256405,12.132541001110653,0.8829583600743526,1.648153228040919e-09,6.51545938030983,918.3827451402495
13.2,0.9426000000000002,2.198949434142912,12.741653052019107,0.9380572214494604,3.6535849500877265e-10,6.894798361738866,974.3080258224584,2.0727297366231094,12.010282166833212,0.8842127369382616,3.443869173952692e-10,6.499036935775057,918.3827451402495
13.3,0.9426000000000002,2.255518599712039,12.60861778604296,0.9394204176749913,7.365211970044655e-11,6.87693669246013,974.3080258224584,2.1260518320885686,11.884883125124098,0.885497685700447,6.942448802964093e-11,6.48220052631292,918.3827451402495
13.4,0.9426000000000002,2.3135396865021027,12.472165975623199,0.9408167492004526,1.4310969135857114e-11,6.85862508341707,974.3080258224584,2.1807425084968823,11.75626364862243,0.8868138677963467,1.3489519507458919e-11,6.464940003628932,918.3827451402495
13.5,0.9426000000000002,2.373049737791242,12.332210370319439,0.9422469232539618,2.571660279241639e-12,6.839852522984233,974.3080258224584,2.236836682842025,11.624341495063106,0.8881619498591846,2.4240469792131696e-12,6.44724498816494,918.3827451402495
13.5,0.9346000000000003,2.3730497377912414,12.332210370319439,0.9422469232539619,2.571660279241639e-12,6.839852522984233,974.3080258224584,2.2178522849396947,11.525683812100551,0.880623974473153,2.4034736969792363e-12,6.3925261679810665,910.5882809336698
13.6,0.9346000000000003,2.434086726375792,12.18866152921368,0.9437116524691442,4.572482862826246e-13,6.820607749487161,974.3080258224584,2.2748974544708163,11.39152306520311,0.8819929103976625,4.2734424835974114e-13,6.374540002670702,910.5882809336698
13.675277777777778,0.9346000000000003,2.481064899192344,12.078175191813306,0.9448374989299845,1.1934009088825177e-13,6.805802219528634,974.3080258224584,2.3188032547851654,11.28826253426872,0.8830451264999638,1.1153524894416015e-13,6.360702754371463,910.5882809336698
13.675277777777778,0.9348000000000003,2.480534076578054,12.075591072174493,0.9446353514120277,1.1931455813453155e-13,6.804346121492791,974.313522607691,2.3188032547851654,11.28826253426872,0.8830451264999638,1.1153524894416015e-13,6.360702754371463,910.7882809336699
13.7,0.9348000000000003,2.4961553604841065,12.038851554657054,0.945009419136728,7.653334680473543e-14,6.799424413813369,974.313522607691,2.333406030980543,11.253918433293416,0.8833948050090136,7.15433725930667e-14,6.35610194203274,910.7882809336699
13.8,0.9348000000000003,2.560350026005707,11.88787138203042,0.9465450545344797,1.244928937702919e-14,6.779205604638234,974.313522607691,2.3934152043101355,11.11278216792204,0.8848303169788319,1.163759570964689e-14,6.3372013992158225,910.7882809336699
13.9,0.9348000000000003,2.6261909665799603,11.733016873645656,0.9481173950003157,1.883663085625148e-15,6.758479391185826,974.313522607691,2.4549633155589476,10.968024173483963,0.8863001408462954,1.7608482524423886e-15,6.3178265348805125,910.7882809336699
14.0,0.9348000000000003,2.6937200785541364,11.57418934637405,0.9497271618822228,1.452538086832429e-16,6.737233473494269,974.313522607691,2.5180895294324075,10.819552200990465,0.8878049509275022,1.3578326035709548e-16,6.297965851022445,910.7882809336699
14.1,0.9348000000000003,2.7629802974881947,11.411287670975351,0.9513750742735905,0.0,6.7154552807839725,974.313522607691,2.582833982091965,10.667271714827763,0.8893454194309527,0.0,6.27760759647686,910.7882809336699
14.2,0.9348000000000003,2.8340156202086155,11.244208221238253,0.9530618465169061,0.0,6.693131967785474,974.313522607691,2.6492378017710148,10.511085845213522,0.8909222141240041,0.0,6.256739763485863,910.7882809336699
14.3,0.9348000000000003,2.9068711297905114,11.072844816459272,0.9547881854706248,0.0,6.6702504101741855,974.313522607691,2.717343132128171,10.350895334426129,0.8925359957779403,0.0,6.235350083430831,910.7882809336699
14.4,0.9348000000000003,2.98159302031438,10.897088664751683,0.956554787190625,0.0,6.646797200441914,974.313522607691,2.7871931553898834,10.186598483809876,0.8941874150657966,0.0,6.213426022973103,910.7882809336699
14.5,0.9348000000000003,3.0582286171878965,10.71682831710064,0.9583623332285128,0.0,6.622758644915834,974.313522607691,2.8588321113472466,10.018091110825681,0.8958771091020141,0.0,6.190954781267323,910.7882809336699
14.6,0.9348000000000003,3.136826402283342,10.531949610565624,0.960211486175082,0.0,6.598120759752016,974.313522607691,2.9323053208544687,9.845266495956748,0.8976056972764669,0.0,6.167923286216186,910.7882809336699
14.7,0.9348000000000003,3.217436036438477,10.34233561816145,0.9621028845466456,0.0,6.572869267714488,974.313522607691,3.007659206862689,9.668015335857326,0.8993737764742045,0.0,6.144318191459504,910.7882809336699
14.8,0.9348000000000003,3.3001083826929913,10.147866597656051,0.9640371367498329,0.0,6.546989594918104,974.313522607691,3.084941316141409,9.48622569548888,0.9011819154337442,0.0,6.120125873329446,910.7882809336699
14.9,0.9348000000000003,3.3848955282368154,9.94841994407135,0.9660148141522411,0.0,6.520466867962364,974.313522607691,3.164200339795776,9.299782963717902,0.9030306482695153,0.0,6.09533242817122,910.7882809336699
15.0,0.9348000000000003,3.4718508062061124,9.74387014350419,0.9680364428292314,0.0,6.4932859112583925,974.313522607691,3.245486133641475,9.108569810147719,0.9049204667567657,0.0,6.069923669844347,910.7882809336699
15.0,0.9268000000000003,3.4718508062061124,9.74387014350419,0.9680364428292313,0.0,6.493285911258393,974.3135226076911,3.217711327191826,9.030618848999685,0.897176175214132,0.0,6.017977382554281,902.9937727528084
15.1,0.9268000000000003,3.5610288179409473,9.534088726963079,0.9701024938636026,0.0,6.465431244273719,974.3135226076911,3.300361508467671,8.836193432149384,0.8990909913127871,0.0,5.992161677192885,902.9937727528084
15.2,0.9268000000000003,3.6524854463555214,9.318944246362815,0.9722133720210316,0.0,6.4368870811719505,974.3135226076911,3.3851235116822984,8.63679752752906,0.9010473531890925,0.0,5.965706946830166,902.9937727528084
15.3,0.9268000000000003,3.7462778823907277,9.098302221612064,0.9743694020244515,0.0,6.407637326914828,974.3135226076911,3.4720503413997275,8.432306498990064,0.9030455617962619,0.0,5.938598274584665,902.9937727528084
15.4,0.9268000000000003,3.842464634995636,8.872025128247875,0.9765708125632946,0.0,6.377665577659688,974.3135226076911,3.5611962237139565,8.222592888860135,0.9050858290836616,0.0,5.910820457375,902.9937727528084
15.5,0.9268000000000003,3.9411055453773867,8.639972377579397,0.9788177171347863,0.0,6.346955119761704,974.3135226076911,3.652616619455763,8.007526399540588,0.9071682602405202,0.0,5.882358004995149,902.9937727528084
15.6,0.9268000000000003,4.042261796181021,8.402000312124784,0.9811100906886288,0.0,6.315488929832761,974.3135226076911,3.746368232700572,7.7869738892772515,0.9092928320502214,0.0,5.853195140169005,902.9937727528084
15.642222222222221,0.9268000000000003,4.085742547519938,8.29971050127855,0.9820915937850703,0.0,6.301972108026386,974.3135226076911,3.7866661930414796,7.692171692584963,0.9102024891200035,0.0,5.840667749718857,902.9937727528084
15.642222222222221,0.9287000000000003,4.077383647078151,8.2827303678098,0.9800823614945655,0.0,6.289079088746479,974.3660738158803,3.78666619304148,7.692171692584963,0.9102024891200033,0.0,5.840667749718857,904.8937727528083
15.64638888888889,0.9287000000000003,4.081690634629615,8.272597827886798,0.9801794318373299,0.0,6.287740997861341,974.3660738158803,3.7906660923805244,7.682761602758473,0.9102926383473287,0.0,5.839425064713829,904.8937727528083
15.64638888888889,0.9288000000000003,4.081251176120288,8.271707151979404,0.9800739000294234,0.0,6.287064023163036,974.368833713187,3.7906660923805244,7.6827616027584735,0.9102926383473288,0.0,5.839425064713829,904.9937727528084
15.7,0.9288000000000003,4.137066204690902,8.140397413041555,0.9813296794826757,0.0,6.269728394186566,974.368833713187,3.8425070909169112,7.560801117232998,0.9114590063035095,0.0,5.823323732520484,904.9937727528084
15.8,0.9288000000000003,4.243209227839384,7.890685982970324,0.9837063807835382,0.0,6.236784741218429,974.368833713187,3.9410927308172212,7.328869140982839,0.9136664864717505,0.0,5.792725667643679,904.9937727528084
15.9,0.9288000000000003,4.3520531351144465,7.63462019751903,0.9861271963690161,0.0,6.203034628803838,974.368833713187,4.042186951894299,7.091035239455677,0.9159149399875425,0.0,5.761378563233007,904.9937727528084
15.959444444444445,0.9288000000000003,4.418061898300596,7.479328448171248,0.987586775236157,0.0,6.18258243305309,974.368833713187,4.103495891141595,6.946800262661458,0.9172705968393429,0.0,5.742382563819712,904.9937727528084
15.959444444444445,0.9307000000000002,4.409042539101315,7.464059592415875,0.9855706423545103,0.0,6.169960850778673,974.4211590768326,4.103495891141595,6.946800262661458,0.917270596839343,0.0,5.742382563819712,906.8937727528083
15.963611111111112,0.9307000000000002,4.413696680414002,7.453110084188471,0.9856732745027976,0.0,6.16851984202143,974.4211590768326,4.107827500461313,6.936609555354212,0.917366116579754,0.0,5.741041416969347,906.8937727528083
15.963611111111112,0.9308000000000002,4.413222497272574,7.452309363294168,0.9855673792219098,0.0,6.167857130392507,974.4239071259219,4.107827500461313,6.936609555354212,0.9173661165797539,0.0,5.741041416969347,906.9937727528084
16.0,0.9308000000000002,4.454071642093096,7.356206127837591,0.986466700212796,0.0,6.15521227311179,974.4239071259219,4.1458498844602545,6.847156663791231,0.9182032045580707,0.0,5.729271583812455,906.9937727528084
16.1,0.9308000000000002,4.568267577849463,7.0875458509221465,0.9889663828846476,0.0,6.11988694659482,974.4239071259219,4.25214346146228,6.597087678038335,0.9205299091890302,0.0,5.69639076989046,906.9937727528084
16.17527777777778,0.9308000000000002,4.656139359454248,6.880818461962858,0.9908746101059315,0.0,6.092728765632166,974.4239071259219,4.333934515780015,6.404665824395029,0.9223060870866012,0.0,5.671111935050421,906.9937727528084
16.17527777777778,0.9319000000000002,4.650643326301121,6.872696452832952,0.9897049974102383,0.0,6.085537005097565,974.4540967408608,4.333934515780015,6.404665824395029,0.9223060870866013,0.0,5.671111935050421,908.0937727528084
16.2,0.9319000000000002,4.67982965565798,6.804032321690821,0.9903356154695434,0.0,6.07652325730345,974.4540967408608,4.361133256107672,6.3406777205836775,0.9228937600560676,0.0,5.662712023481086,908.0937727528084
16.3,0.9319000000000002,4.799745760371203,6.521919572344151,0.9929095337134137,0.0,6.039513087721171,974.4540967408608,4.472883074089925,6.077776849467514,0.9252923944675304,0.0,5.62822224644736,908.0937727528084
16.4,0.9319000000000002,4.922696156341386,6.232675645448851,0.9955181961601487,0.0,6.001606394832749,974.4540967408608,4.587460548094539,5.808230433993786,0.9277234070016428,0.0,5.59289699934464,908.0937727528084
16.5,0.9319000000000002,5.048752573859954,5.93613483315893,0.9981578196401598,0.0,5.962783670259214,974.4540967408608,4.704932523580092,5.531884051020808,0.9301832721226652,0.0,5.556718102314562,908.0937727528084
16.5,0.9239000000000002,5.048752573859954,5.93613483315893,0.9981578196401599,0.0,5.962783670259214,974.4540967408608,4.664542502989212,5.4843949723555365,0.922198009565544,0.0,5.509015832952489,900.2981399788814
16.6,0.9247,5.173541818334939,6.1462329891918435,0.9999926015231404,0.0,5.917904635147541,974.2477992634168,4.783974119414317,5.683421645105697,0.9246931586284479,0.0,5.472286416120931,900.8869399788815
16.67527777777778,0.9253022222222224,5.269523856464081,6.298975875344487,1.0014337846209886,0.0,5.883548300890035,974.0927384458091,4.8759021344392295,5.828456375180422,0.9266289063182112,0.0,5.44406031736533,901.3301755344372
16.67527777777778,0.9264022222222222,5.26326688071093,6.291496539375,1.0002446929536126,0.0,5.876562239138743,974.1235004485613,4.8759021344392295,5.828456375180422,0.9266289063182112,0.0,5.44406031736533,902.4301755344371
16.7,0.9266,5.295140381204333,6.34057463742509,1.0007287726639584,0.0,5.86518814608744,974.0726742703238,4.906477077223935,5.875176459038088,0.9272752807504239,0.0,5.434683336164621,902.575739978882
16.8,0.9274,5.4260583329203005,6.533836433190977,1.0027436111896968,0.0,5.81862529576052,973.8673064253634,5.032126497950287,6.059479908141313,0.9299444250173248,0.0,5.396193099288307,903.164539978882
16.9,0.9282000000000001,5.56022720654324,6.718534724952489,1.0048497398097387,0.0,5.771158364383093,973.6622925865997,5.161002893113436,6.236143931700901,0.9327015284913996,0.0,5.356789193820387,903.753339978882
17.0,0.9290000000000002,5.697725401733277,6.894485834633189,1.0070476484728077,0.0,5.72276899890321,973.4576318394854,5.293186898210215,6.404977340374233,0.9355472654312385,0.0,5.316452399981083,904.3421399788821
17.0,0.9290000000000002,5.697725401733277,6.894485834633189,1.0070476484728077,0.0,5.72276899890321,973.4576318394854,5.293186898210215,6.404977340374233,0.9355472654312385,0.0,5.316452399981083,904.3421399788821
17.1,0.9299999999999999,5.837384319685016,7.188992700476753,1.0091278111920705,0.0,5.672219685867072,973.2023010525617,5.428767417307065,6.68576321144338,0.9384888644086256,0.0,5.275164307856376,905.0781399788823
17.17527777777778,0.9307527777777778,5.944785136601414,7.404424784573207,1.0107634621036274,0.0,5.633552639863356,973.010455671776,5.533125279183812,6.891688936088137,0.9407709000292349,0.0,5.243444768310152,905.6321844233269
17.17527777777778,0.9308527777777778,5.944146498002645,7.40362933926098,1.0106548774287751,0.0,5.632947436465531,973.0133551146281,5.533125279183812,6.891688936088137,0.9407709000292349,0.0,5.243444768310152,905.7321844233268
17.2,0.9311000000000001,5.979846374714869,7.473183366199024,1.0112050580699572,0.0,5.620133823484422,972.9504242067254,5.567834959497016,6.958281032267911,0.9415330295689371,0.0,5.232906603046346,905.9141399788822
17.3,0.9321000000000002,6.126462687057353,7.7484453195825465,1.01349639014044,0.0,5.567707439919342,972.6962128300416,5.710475870606159,7.222325882382893,0.9446799852499042,0.0,5.189660104748819,906.650139978882
17.4,0.9331,6.276689729416712,8.013810493819745,1.0158935741452406,0.0,5.514311595554392,972.4425463282412,5.856779186518735,7.477686571783205,0.947930294034924,0.0,5.145404149811804,907.3861399788818
17.5,0.9341000000000002,6.4306135626609935,8.269078366739507,1.0183970814615952,0.0,5.459928001563449,972.1894229513777,6.006836128881634,7.724146102371374,0.9512847137932762,0.0,5.100118746260418,908.1221399788819
17.5,0.9341000000000002,6.4306135626609935,8.269078366739507,1.018397081461595,0.0,5.459928001563449,972.1894229513777,6.006836128881634,7.724146102371374,0.9512847137932761,0.0,5.100118746260418,908.1221399788819
17.6,0.9354000000000005,6.5862170111515175,8.703717683394466,1.0206881781224209,0.0,5.4028068958335185,971.8611716686777,6.160747392231133,8.141457521047187,0.9547517218157129,0.0,5.053785570362676,909.0789399788814
17.67527777777778,0.9363786111111115,6.705848818236356,9.023500020533987,1.0224933797658877,0.0,5.359162081670583,971.6146726985647,6.279213402741247,8.4494124165887,0.9574409308154883,0.0,5.018204746754034,909.7991977566593
17.67527777777778,0.9365786111111115,6.704416829775657,9.021573113403399,1.0222750332506811,0.0,5.358017669014114,971.6207341923816,6.279213402741247,8.4494124165887,0.9574409308154883,0.0,5.018204746754034,909.9991977566593
17.7,0.9369000000000007,6.744172418340469,9.125168827266949,1.0228828377847665,0.0,5.3435659186213975,971.539908185378,6.318615138743191,8.549370674266411,0.9583389307205484,0.0,5.006386909156391,910.2357399788813
17.8,0.9382000000000008,6.907414808344057,9.537043214014057,1.0254170852398619,0.0,5.284485164414965,971.2135365368583,6.4805365731884,8.947653943387996,0.9620463093720392,0.0,4.957903981254123,911.1925399788813
17.9,0.9395000000000009,7.074627299635294,9.937273108452276,1.0280727668118141,0.0,5.224390535799212,970.8880680988616,6.6466123480073644,9.336068085390922,0.9658743644197003,0.0,4.908314908383364,912.1493399788814
18.0,0.9408000000000009,7.245902883551259,10.325645378757084,1.0308502040933016,0.0,5.163264978676906,970.5634991272116,6.8169454328450305,9.714367172334674,0.969823872010979,0.0,4.857599691939237,913.1061399788814
18.0,0.9328000000000009,7.245902883551258,10.325645378757086,1.0308502040933016,0.0,5.163264978676906,970.5634991272116,6.75897820977662,9.631762009304618,0.9615770703782327,0.0,4.816293572109823,905.3416319858637
18.1,0.934600000000001,7.417287745235669,11.024147328651146,1.0331945613268414,0.0,5.09830601438334,970.1117397665982,6.932197126697264,10.303168093357373,0.965623637016067,0.0,4.764876801042674,906.6664319858637
18.17527777777778,0.9359550000000011,7.54899702832765,11.540741412599058,1.0350517030064035,0.0,5.048762607341873,969.7728117119549,7.065521513648415,10.801614628829164,0.9687618166873595,0.0,4.725414606154668,907.6637119858639
18.17527777777778,0.9370550000000011,7.540135332129284,11.527193845429725,1.0338366656037887,0.0,5.042835912678191,969.8082951223383,7.065521513648415,10.801614628829164,0.9687618166873594,0.0,4.725414606154668,908.7637119858638
18.2,0.9375000000000014,7.583854776306537,11.694916260960824,1.0344634483478856,0.0,5.026469547295835,969.6973141182531,7.10986385278739,10.963983994650789,0.9698094828261443,0.0,4.7123152005898525,909.0912319858637
18.3,0.9393000000000016,7.7633185455296365,12.364475727326768,1.0370848136517294,0.0,4.959648576139266,969.249475126011,7.292085109815999,11.613952050678053,0.9741337654630712,0.0,4.65859790756762,910.4160319858636
18.4,0.9411000000000014,7.947056684042208,13.01966140606316,1.0398437492053092,0.0,4.8918228495011675,968.8033492571057,7.478975045352132,12.252803349246056,0.9785969523771179,0.0,4.603694483665556,911.7408319858635
18.473333333333333,0.9424200000000014,8.084570830010426,13.490874235528642,1.0419543025167721,0.0,4.841437391598347,968.4772733875154,7.619061241618437,12.71406969704692,0.9819585737778577,0.0,4.56266742659012,912.7123519858635
18.473333333333333,0.9444200000000014,8.067450119246127,13.462304585933062,1.0397477539419497,0.0,4.831184670581006,968.544029124608,7.619061241618438,12.71406969704692,0.9819585737778577,0.0,4.56266742659012,914.7123519858635
18.4775,0.9444950000000013,8.075319194161743,13.48878706742238,1.0398697688726137,0.0,4.828313588614443,968.5255633813438,7.627098602289807,12.74009194124512,0.9821517973513406,0.0,4.5603180428784045,914.7675519858635
18.4775,0.9445950000000013,8.074464296645436,13.487359070548862,1.0397596825637858,0.0,4.82780243689454,968.5288954375815,7.627098602289807,12.74009194124512,0.9821517973513406,0.0,4.5603180428784045,914.8675519858635
18.5,0.9450000000000012,8.117086471834176,13.629908217204537,1.0404226501997453,0.0,4.812270008449751,968.4292401966801,7.670646715883305,12.880263265258304,0.9831994044387606,0.0,4.547595157985021,915.1656319858639
18.5,0.9450000000000012,8.117086471834176,13.629908217204537,1.0404226501997453,0.0,4.812270008449751,968.4292401966801,7.670646715883306,12.880263265258304,0.9831994044387606,0.0,4.547595157985021,915.1656319858639
18.6,0.947300000000001,8.304887140736515,14.563530006917084,1.0429087409539526,0.0,4.7401054554810305,967.8649128954531,7.867219588419709,13.79603197555257,0.9879474503056804,0.0,4.490301897977186,916.8584319858638
18.67527777777778,0.9490313888888899,8.449149014025604,15.255028996757254,1.044878067847601,0.0,4.685157599130103,967.4419044063658,8.018507623709915,14.477501356332827,0.9916220839489487,0.0,4.446361623465779,918.132734208086
18.67527777777778,0.94973138888889,8.442921564476173,15.243785269928111,1.044107939939805,0.0,4.681704401354648,967.465901367172,8.018507623709915,14.477501356332827,0.9916220839489487,0.0,4.446361623465779,918.8327342080861
18.7,0.9503000000000009,8.49081627751486,15.468589639133304,1.044772830435319,0.0,4.663559457821427,967.3274039628147,8.06882270852238,14.699800734068393,0.9928476207626846,0.0,4.431780552767706,919.2512319858638
18.8,0.9526000000000009,8.687358402572436,16.36707386229625,1.0475540303279653,0.0,4.589566114190477,966.7688767435052,8.27557761429051,15.591274561223425,0.9978999692904207,0.0,4.372020680377853,920.944031985864
18.9,0.9549000000000009,8.888482750370036,17.2480341866156,1.050482283089948,0.0,4.514606641706754,966.2130400941076,8.487612178328353,16.470147844799254,1.0031055321225923,0.0,4.3109978821657835,922.6368319858641
19.0,0.9572000000000007,9.094291615222856,18.111269153250294,1.0535578756034107,0.0,4.43867235448421,965.6598746195815,8.705055934091325,17.336106833491193,1.0084655985275857,0.0,4.248697177712289,924.3296319858641
19.0,0.9572000000000007,9.094291615222856,18.111269153250294,1.0535578756034107,0.0,4.43867235448421,965.6598746195815,8.705055934091325,17.336106833491193,1.0084655985275857,0.0,4.248697177712289,924.3296319858641
19.1,0.9600000000000004,9.300046323449786,19.25918487440258,1.0562348838967697,0.0,4.359488695286696,964.9900333186083,8.9280444705118,18.488817479426487,1.0139854885408994,0.0,4.18510914747523,926.3904319858644
19.17527777777778,0.9621077777777782,9.458032908155923,20.109603120552695,1.058352677940311,0.0,4.299297481683855,964.4883638438264,9.099647023414994,19.347605570308026,1.018249343078313,0.0,4.136387546108452,927.9417564303089
19.17527777777778,0.9637077777777783,9.442330168173951,20.07621606512488,1.056595543336075,0.0,4.292159554472604,964.547322191118,9.099647023414994,19.347605570308026,1.018249343078313,0.0,4.136387546108452,929.541756430309
19.2,0.9644000000000005,9.494726829227519,20.352488190525804,1.0573101767393778,0.0,4.272328265770399,964.3832766340356,9.156714554107024,19.627939610943095,1.0196699344474565,0.0,4.120233379508975,930.0512319858643
19.3,0.9672000000000004,9.709679200711953,21.45692391490698,1.0602977276408847,0.0,4.191557804453543,963.7221174378246,9.391201722928606,20.753136810498038,1.025519962174264,0.0,4.0540747084674695,932.1120319858643
19.4,0.9700000000000006,9.929538598739637,22.54026819970033,1.0634411067088734,0.0,4.109897289497856,963.0647752431585,9.631652440777454,21.86406015370933,1.0315378735076077,0.0,3.9866003708129227,934.1728319858643
19.5,0.9728000000000006,10.154412400680187,23.602336314751476,1.0667411996124487,0.0,4.02734585282383,962.4112170907315,9.878212383381692,22.960352766990248,1.0377258389829906,0.0,3.9178020456270235,936.2336319858641
19.5,0.9648000000000005,10.154412400680187,23.602336314751476,1.0667411996124485,0.0,4.02734585282383,962.4112170907315,9.79697708417625,22.77153407647224,1.029191909386091,0.0,3.8855832788044333,928.5343422491384
19.6,0.9676000000000007,10.384163288745322,24.656627454654952,1.0701738430716667,0.0,3.943810824269952,961.7560378763303,10.047716398189982,23.857752725124147,1.0355002105561457,0.0,3.8160313535636083,930.5951422491379
19.67527777777778,0.9697077777777785,10.560556598180677,25.435905584623388,1.072863022977068,0.0,3.8803453845477467,961.2653296746024,10.240653870918239,24.665395480230533,1.0403636178710423,0.0,3.762801099860055,932.1464666935824
19.67527777777778,0.9713077777777785,10.543160577121576,25.39400594182581,1.0710957347126924,0.0,3.873953432627542,961.3291358892118,10.240653870918239,24.665395480230533,1.0403636178710423,0.0,3.762801099860055,933.7464666935824
19.7,0.9720000000000006,10.601659016388073,25.646835824577042,1.0719983343841126,0.0,3.853050001331329,961.1686648653674,10.304812563929216,24.9287244214889,1.0419823810213582,0.0,3.745164601294054,934.2559422491378
19.8,0.9748000000000006,10.841625946339642,26.655793854451872,1.0757498993130556,0.0,3.76795174474063,960.5218939773669,10.568416972491889,25.9840678493197,1.0486410018503671,0.0,3.6729993607731686,936.3167422491377
19.9,0.9776000000000006,11.087042619083299,27.64258314653968,1.079664161268254,0.0,3.6819854579507156,959.8788279962531,10.83869286441584,27.023389284057206,1.0554796840558458,0.0,3.5995089836926217,938.3775422491376
20.0,0.9804000000000004,11.338027524003055,28.606983326622558,1.0837430895735856,0.0,3.5951613318266076,959.2394351786386,11.1158021845326,28.046286453420766,1.0625017250179436,0.0,3.524696169722808,940.4383422491377
20.1,0.9832000000000003,11.594701414459458,29.54876627945405,1.0879887950755496,0.0,3.507492464392514,958.6036841427355,11.399910430696542,29.05234700595923,1.0697105833182805,0.0,3.4485665909907204,942.4991422491378
20.17527777777778,0.9853077777777779,11.791747367642486,30.242655856664918,1.0912962440263008,0.0,3.4409497289146356,958.1274886744062,11.618500394928779,29.798324036228607,1.07526267709879,0.0,3.390394530841927,944.0504666935823
20.17527777777778,0.9869077777777779,11.772630286783409,30.193625693502536,1.0895270067887812,0.0,3.435371173663343,958.1953734551624,11.618500394928779,29.798324036228607,1.07526267709879,0.0,3.390394530841927,945.6504666935823
20.2,0.9876000000000006,11.837975723029825,30.41833617024961,1.090633549784864,0.0,3.413466555502337,958.0396337071053,11.69118482406426,30.041148801738533,1.0771096937675322,0.0,3.3711395702141105,946.1599422491377
20.25,0.9890000000000005,11.971244639961078,30.868496848518493,1.0929034980748884,0.0,3.3690145417554027,957.7253207776918,11.839560948921513,30.528943383184806,1.080881559596065,0.0,3.331955381796095,947.1903422491376
20.25,0.9890000000000005,11.971244639961078,30.868496848518493,1.0929034980748884,0.0,3.3690145417554027,957.7253207776918,11.839560948921513,30.528943383184806,1.080881559596065,0.0,3.331955381796095,947.1903422491376
20.3,0.9890000000000005,12.123147912375838,30.50785397710887,1.096764429766927,0.0,3.3290597764528838,957.7253207776918,11.98979328533971,30.17226758336069,1.0847000210394915,0.0,3.2924401189119035,947.1903422491376
20.4,0.9890000000000005,12.432672531245041,29.772805537242334,1.1046219444138543,0.0,3.248125021390391,957.7253207776918,12.295913133401353,29.445304676332682,1.0924711030253025,0.0,3.2123956461550986,947.1903422491376
20.5,0.9890000000000005,12.74997298989119,29.019025417639938,1.1126628568900176,0.0,3.1658379948287183,957.7253207776918,12.609723287002394,28.699816138045914,1.100423565464228,0.0,3.131013776885604,947.1903422491376
20.566388888888888,0.9890000000000005,12.965010634728149,28.50802477296585,1.1181038700837072,0.0,3.110472226066878,957.7253207776918,12.822395517746145,28.19443650046324,1.105804727512787,0.0,3.076257031580144,947.1903422491376
20.566388888888888,0.9909000000000006,12.9401508908529,28.453362095532572,1.1159599631777035,0.0,3.104508054879546,957.8063803099578,12.822395517746145,28.19443650046324,1.105804727512787,0.0,3.076257031580144,949.0903422491377
20.570555555555554,0.9909000000000006,12.95373872474587,28.421067697765835,1.116303507627445,0.0,3.101022895520349,957.8063803099578,12.835859702350689,28.16243598171618,1.106145145708036,0.0,3.0728035871711152,949.0903422491377
20.570555555555554,0.9910000000000005,12.952431586630356,28.41819977973377,1.1161908634793494,0.0,3.100709976963788,957.8106379910566,12.835859702350689,28.16243598171618,1.106145145708036,0.0,3.0728035871711152,949.1903422491376
20.6,0.9910000000000005,13.048842861556183,28.189042544282092,1.1186276275877365,0.0,3.0760202845940725,957.8106379910566,12.931403275802184,27.93534116138357,1.1085599789394476,0.0,3.048336102032728,949.1903422491376
20.67527777777778,0.9910000000000005,13.298545213991046,27.595409883866328,1.1249320155144238,0.0,3.0123882988472332,957.8106379910566,13.178858307065134,27.347051194911547,1.1148076273747947,0.0,2.9852768041576097,949.1903422491376
20.67527777777778,0.9916000000000005,13.290498494418241,27.578712378894245,1.1242513386191955,0.0,3.01056555481808,957.8361660439061,13.178858307065134,27.347051194911547,1.1148076273747947,0.0,2.9852768041576097,949.7903422491377
20.7,0.9916000000000005,13.373472038824183,27.38141308448218,1.1263439571793639,0.0,2.9895270256984516,957.8361660439061,13.261134873698065,27.151409214572542,1.1168826679390578,0.0,2.964414998682586,949.7903422491377
20.8,0.9916000000000005,13.714313354370084,26.57073060304804,1.134928106861319,0.0,2.903644613713,957.8361660439061,13.599113122193382,26.347536465982447,1.1253947107636846,0.0,2.879253998957812,949.7903422491377
20.9,0.9916000000000005,14.063668484945454,25.739440147741753,1.1437058442242936,0.0,2.8165379028890705,957.8361660439061,13.94553366967192,25.523228850500736,1.13409871513281,0.0,2.7928789845048034,949.7903422491377
21.0,0.9916000000000005,14.421735558023672,24.887033222545888,1.1526792892549864,0.0,2.728254154187962,957.8361660439061,14.30059297933628,24.677982143476513,1.1429967832252452,0.0,2.7053368192927847,949.7903422491377
21.0,0.9836000000000005,14.421735558023672,24.887033222545888,1.1526792892549866,0.0,2.728254154187962,957.836166043906,14.18521909487209,24.478885877696147,1.1337753489112052,0.0,2.6835107860592813,942.1276529207864
21.1,0.9836000000000005,14.788715889311545,24.01299047788769,1.1618502197225729,0.0,2.6388486893970726,957.836166043906,14.546180948726843,23.619177434050346,1.1427958761191233,0.0,2.5955715708909617,942.1276529207864
21.11277777777778,0.9836000000000005,14.836260453537927,23.899721352659107,1.1630363646589308,0.0,2.6273470105692174,957.836166043906,14.592945782099912,23.50776592247551,1.1439625682785248,0.0,2.5842585195958834,942.1276529207864
21.11277777777778,0.9855000000000005,14.80765680578377,23.853643756951293,1.1607940824744032,0.0,2.622281602837019,957.9174560332684,14.592945782099912,23.50776592247551,1.1439625682785248,0.0,2.5842585195958834,944.0276529207865
21.116944444444446,0.9855000000000005,14.823162258902617,23.816701247425303,1.1611807718816782,0.0,2.6185374232646264,957.9174560332684,14.608226406148535,23.47135907933765,1.1443436506893945,0.0,2.5805686306272904,944.0276529207865
21.116944444444446,0.9856000000000006,14.821658285459138,23.814284780172112,1.1610629572741415,0.0,2.6182717437371035,957.9217257719014,14.608226406148535,23.47135907933765,1.1443436506893945,0.0,2.5805686306272904,944.1276529207864
21.17527777777778,0.9856000000000006,15.040383886871494,23.293075921761787,1.1665122524550733,0.0,2.5656728786131207,957.9217257719014,14.823802358900553,22.95765562848843,1.149714476019721,0.0,2.5287271891610934,944.1276529207864
21.17527777777778,0.9860000000000005,15.034282311258158,23.283626398061273,1.1660390223323736,0.0,2.564632037688734,957.9387960657058,14.823802358900553,22.95765562848843,1.149714476019721,0.0,2.5287271891610934,944.5276529207864
21.2,0.9860000000000005,15.12788931583325,23.060517592750543,1.1683679025564513,0.0,2.542249297958833,957.9387960657058,14.916098865411595,22.73767034645205,1.1520107519206615,0.0,2.506657807787411,944.5276529207864
21.3,0.9860000000000005,15.512357429378152,22.143844916665948,1.1779123285307274,0.0,2.4511137150874185,957.9387960657058,15.295184425366866,21.83383108783264,1.161421555931298,0.0,2.416798123076196,944.5276529207864
21.4,0.9860000000000005,15.906336512418447,21.203971990230507,1.1876559877217403,0.0,2.3590827722364427,957.9387960657058,15.683647801244597,20.907116382367292,1.1710288038936365,0.0,2.3260556134251336,944.5276529207864
21.5,0.9860000000000005,16.310038566145632,20.24033865524994,1.1975981980349957,0.0,2.2662522643033656,957.9387960657058,16.081698026219602,19.95697391407645,1.1808318232625064,0.0,2.2345247326031195,944.5276529207864
21.575555555555557,0.9860000000000005,16.621636685495623,19.496155185569254,1.2052407616525405,0.0,2.1956488998995263,957.9387960657058,16.388933771898692,19.223209012971296,1.1883673909894057,0.0,2.164909815300934,944.5276529207864
21.575555555555557,0.9879000000000006,16.589668763942385,19.45865878426084,1.2029227563411327,0.0,2.191426070757094,958.0196911841138,16.388933771898692,19.223209012971296,1.1883673909894057,0.0,2.164909815300934,946.4276529207865
21.579722222222223,0.9879000000000006,16.606985407213976,19.417290126372198,1.2033465837839357,0.0,2.1875328095569966,958.0196911841138,16.406040883786698,19.182340915843106,1.1887860901201508,0.0,2.161063662561358,946.4276529207865
21.579722222222223,0.9880000000000005,16.605304538245633,19.41532481360637,1.203224787571002,0.0,2.1873113993536,958.0239402032246,16.406040883786698,19.182340915843106,1.1887860901201508,0.0,2.161063662561358,946.5276529207864
21.6,0.9880000000000005,16.689820488269458,19.21340388580443,1.2052919946901395,0.0,2.168352397157022,958.0239402032246,16.489542642410235,18.98284303917479,1.1908284907538584,0.0,2.142332168391139,946.5276529207864
21.67527777777778,0.9880000000000005,17.007229812552282,18.454828540585137,1.213035422451835,0.0,2.0977746549195846,958.0239402032246,16.803143054801666,18.233370598098126,1.1984789973824137,0.0,2.0726013590605508,946.5276529207864
21.67527777777778,0.9886000000000005,16.996907803764575,18.443627956805702,1.2122992083576907,0.0,2.096501475885646,958.0494162662209,16.803143054801666,18.233370598098126,1.1984789973824137,0.0,2.0726013590605508,947.1276529207865
21.7,0.9886000000000005,17.102352111508377,18.19154045197936,1.2148641431212228,0.0,2.0732826287121027,958.0494162662209,16.90738529743719,17.984156890826807,1.2010146918896416,0.0,2.049647206744785,947.1276529207865
21.8,0.9886000000000005,17.535352177694605,17.155911811505305,1.2253556838429076,0.0,1.9791176523120013,958.0494162662209,17.335449162868894,16.960334416854153,1.211386629047099,0.0,1.9565557110756455,947.1276529207865
21.9,0.9886000000000005,17.9789125775646,16.09426389856997,1.2360284266713422,0.0,1.8846739800584245,958.0494162662209,17.77395297418037,15.910789290126282,1.2219377026072893,0.0,1.8631886966857594,947.1276529207865
21.9925,0.9886000000000005,18.398797032844875,15.088556543394157,1.246053342238319,0.0,1.797211262886621,958.0494162662209,18.189050746670453,14.916546998799472,1.231848334136803,0.0,1.7767230544897143,947.1276529207865
21.9925,0.9905000000000005,18.363504035002972,15.059613325390675,1.2436631339089372,0.0,1.7937638106912808,958.1298868458214,18.189050746670453,14.916546998799472,1.231848334136803,0.0,1.7767230544897143,949.0276529207865
21.996666666666666,0.9905000000000005,18.382600168284352,15.013855814816221,1.2441170270076738,0.0,1.78983534933534,958.1298868458214,18.207965466685657,14.871224184575475,1.2322979152511015,0.0,1.7728319135166553,949.0276529207865
21.996666666666666,0.9906000000000006,18.380744464653393,15.012340182288984,1.2439914347376346,0.0,1.7896546673901215,958.1341135885181,18.207965466685657,14.871224184575475,1.2322979152511015,0.0,1.7728319135166553,949.1276529207865
22.0,0.9906000000000006,18.39603350554602,14.975703961109803,1.244354705637011,0.0,1.7865124537547052,958.1341135885181,18.223110790593896,14.834932343875378,1.2326577714040239,0.0,1.7697192366894121,949.1276529207865
22.1,0.9906000000000006,18.86040950026981,13.862487025419432,1.2553308998693278,0.0,1.6923172858114746,958.1341135885181,18.683121650967284,13.732179647380496,1.2435307894105567,0.0,1.6764095033248476,949.1276529207865
22.17527777777778,0.9906000000000006,19.21734968591639,13.00620626479905,1.263684999558639,0.0,1.6215813650691504,958.1341135885181,19.036706598868786,12.883947925909947,1.2518063605627885,0.0,1.6063385002375012,949.1276529207865
22.17527777777778,0.9917000000000005,19.19603367839949,12.991779697398346,1.2622833120528263,0.0,1.6197826966194417,958.1805514982212,19.036706598868786,12.883947925909947,1.2518063605627885,0.0,1.6063385002375012,950.2276529207865
22.2,0.9917000000000005,19.31452140741488,12.707409989044747,1.2650385708811405,0.0,1.59664099982346,958.1805514982212,19.15421087973335,12.601938486135682,1.2545387507428276,0.0,1.5833888795249262,950.2276529207865
22.3,0.9917000000000005,19.80092807476382,11.539411483950673,1.2762459541915672,0.0,1.5033817577835233,958.1805514982212,19.636580371743293,11.443634368633889,1.2656531127717778,0.0,1.490903689193921,950.2276529207865
22.4,0.9917000000000005,20.298918130302813,10.342551055664652,1.287521674082374,0.0,1.4108626651528449,958.1805514982212,20.130437109821308,10.25670788190264,1.276835244187491,0.0,1.399152505032077,950.2276529207865
22.421944444444446,0.9917000000000005,20.409768042770523,10.075992375254712,1.289999883306081,0.0,1.390684186433618,958.1805514982212,20.24036696801554,9.992361638540103,1.2792928842746414,0.0,1.3791415076862197,950.2276529207865
22.421944444444446,0.9936000000000005,20.370739702109027,10.056724676469502,1.2875330960896143,0.0,1.3880248668339563,958.2605202503885,20.24036696801554,9.992361638540103,1.2792928842746414,0.0,1.3791415076862197,952.1276529207865
22.426111111111112,0.9936000000000005,20.391810156583787,10.006049551189978,1.2880026094956707,0.0,1.3842105076451556,958.2605202503885,20.261302571581663,9.94201083406237,1.2797593927948991,0.0,1.3753515603962274,952.1276529207865
22.426111111111112,0.9937000000000006,20.38975804727951,10.005042602457848,1.2878729926485846,0.0,1.3840712090130085,958.2647206609499,20.261302571581663,9.94201083406237,1.2797593927948991,0.0,1.3753515603962274,952.2276529207865
22.5,0.9937000000000006,20.76678119503778,9.09797125561949,1.296190196477874,0.0,1.3167658444407144,958.2647206609499,20.635950473509055,9.04065403670909,1.2880241982400642,0.0,1.3084702196207387,952.2276529207865
22.5,0.9857000000000006,20.766781195037783,9.097971255619488,1.2961901964778741,0.0,1.3167658444407144,958.2647206609499,20.469816223948754,8.967870266664134,1.2776546766682413,0.0,1.2979360928652128,944.5615351554989
22.6,0.9857000000000006,21.287403844732935,7.844448651125982,1.3073694839517274,0.0,1.2268024757622202,958.2647206609499,20.982993969753267,7.732273035414886,1.2886741003312185,0.0,1.2092592003588212,944.5615351554989
22.67527777777778,0.9857000000000006,21.68724826464189,6.881000825675509,1.315649030846246,0.0,1.1600950490252377,958.2647206609499,21.377120614457525,6.782602513868354,1.2968352497051456,0.0,1.1435056898241776,944.5615351554989
22.67527777777778,0.9871000000000005,21.656489326772885,6.8712415296001925,1.3137830510638688,0.0,1.158449690835961,958.3239136414734,21.377120614457525,6.782602513868354,1.2968352497051456,0.0,1.1435056898241776,945.9615351554988
22.7,0.9871000000000005,21.789102946432244,6.551564124432053,1.3164554965670847,0.0,1.136806193720286,958.3239136414734,21.508023518423283,6.467048947226884,1.29947322066137,0.0,1.122141393821295,945.9615351554988
22.8,0.9871000000000005,22.333023271063382,5.239793290747833,1.326924026480995,0.0,1.050470871358994,958.3239136414734,22.044927270866676,5.172199957297188,1.309806706539391,0.0,1.0369197971184636,945.9615351554988
22.9,0.9871000000000005,22.88882022607306,3.898657183063264,1.3364455956537926,0.0,0.9663167059664862,958.3239136414734,22.59355444515673,3.84836450540175,1.3192054474698593,0.0,0.9538512204595191,945.9615351554988
22.939444444444444,0.9871000000000005,23.111197668012704,3.362003939478716,1.3397383918512022,0.0,0.9337934358494503,958.3239136414734,22.81306321809535,3.3186340886594423,1.3224557665963224,0.0,0.921747500526993,945.9615351554988
22.939444444444444,0.9890000000000005,23.06679799605191,3.3555450845899295,1.3371645769426912,0.0,0.9319994949716809,958.4039789236587,22.81306321809535,3.3186340886594423,1.3224557665963224,0.0,0.921747500526993,947.8615351554988
22.94361111111111,0.9890000000000005,23.090341134072798,3.2987313274240573,1.3374892425083404,0.0,0.9285983025445782,958.4039789236587,22.83634738159801,3.2624452828223944,1.3227768608407493,0.0,0.9183837212165883,947.8615351554988
22.94361111111111,0.9891000000000005,23.08800665412799,3.298397819050038,1.3373540196549878,0.0,0.9285044193879161,958.4081843650777,22.83634738159801,3.2624452828223944,1.3227768608407493,0.0,0.9183837212165883,947.9615351554988
23.0,0.9891000000000005,23.408328795032745,2.525585157767418,1.341175288663562,0.0,0.8829425457758151,958.4081843650777,23.1531780111669,2.4980562795477548,1.3265564780171297,0.0,0.8733184720268592,947.9615351554988
23.1,0.9891000000000005,23.982142292557604,1.1441917348281472,1.3426553808861745,0.0,0.8043878913480323,958.4081843650777,23.720736941568738,1.131720044918521,1.3280204372345161,0.0,0.7956200633323393,947.9615351554988
23.17527777777778,0.9891000000000005,24.401801705170815,0.15262321210502847,1.3196887409092648,0.0,0.7473262657138308,958.4081843650777,24.135822066584467,0.15095961909308375,1.3053041336333546,0.0,0.7391804094175503,947.9615351554988
23.17527777777778,0.9907000000000006,24.362392315115024,0.15237672261338817,1.3175574176171936,0.0,0.7461193190850407,958.475355965982,24.135822066584467,0.15095961909308375,1.3053041336333546,0.0,0.7391804094175503,949.5615351554989
23.2,0.9907000000000006,24.44593779580885,0.002205993465664099,1.254116037461652,0.0,0.7278676868339894,958.475355965982,24.218590574307843,0.002185477726433424,1.2424527583132594,0.0,0.7210985173464337,949.5615351554989
23.25,0.9907000000000006,24.513919463580017,9.707945970650577e-10,1.0479765860983425,0.0,0.6918164239258348,958.475355965982,24.285940012568737,9.617662073123532e-10,1.0382304038476284,0.0,0.6853825311833248,949.5615351554989
23.25,0.9907000000000006,24.513919463580017,9.707945970650579e-10,1.0479765860983425,0.0,0.6918164239258348,958.475355965982,24.285940012568737,9.617662073123534e-10,1.0382304038476284,0.0,0.6853825311833248,949.5615351554989
23.3,0.9925000000000012,24.72488687879434,0.5021912860083366,1.00805940813867,0.0,0.655670949815541,958.07187421209,24.539450227203414,0.4984248513632747,1.0004989625776313,0.0,0.6507534176919252,950.8863351555004
23.4,0.9961000000000011,25.222685436001274,1.2582364644365611,0.9943343774552587,0.0,0.5866469076428856,957.2692853684364,25.124316962800894,1.2533293422252598,0.9904564733831842,0.0,0.584358984703079,953.5359351555005
23.5,0.9997000000000003,25.742255841095055,1.93578636433427,0.9925316412244001,0.0,0.5220416398672758,956.4724768985693,25.734533164342736,1.9352056284249703,0.992233881732033,0.0,0.5218850273753158,956.1855351555
23.519166666666667,1.0003900000000001,25.8435692233817,2.059161122134524,0.9927595483454882,0.0,0.510172247351517,956.3204101955234,25.85364821537882,2.0599641949721565,0.9931467245693429,0.0,0.5103712145279842,956.6933751554998
23.519166666666667,1.0022900000000001,25.794578630315396,2.0552576549423383,0.990877614831379,0.0,0.5092051347693622,956.4032118004766,25.85364821537882,2.0599641949721565,0.9931467245693429,0.0,0.5103712145279842,958.5933751554998
23.523333333333333,1.0024400000000007,25.816634490506395,2.0817758811376508,0.9909443766572089,0.0,0.5066554621978985,956.3702317899316,25.879627078663248,2.086855414287628,0.9933622809362532,0.0,0.5078917015256617,958.7037751554998
23.523333333333333,1.0025400000000009,25.814059367868843,2.0815682309809342,0.9908455332817169,0.0,0.5066049250161203,956.3745837128683,25.879627078663248,2.086855414287628,0.9933622809362532,0.0,0.5078917015256617,958.8037751554997
23.6,1.0053000000000005,26.223971942310914,2.5537914713769467,0.9929934527985486,0.0,0.4611034884925378,955.7695565060172,26.362958993605172,2.5673265661752454,0.9982563180983813,0.0,0.46354733698154843,960.8351351554995
23.67527777777778,1.00801,26.633747651584102,2.989657415530691,0.9964066399749466,0.0,0.4190326346661339,955.17871365909,26.847083970273292,3.013604571429093,1.0043878571611462,0.0,0.4223890860698097,962.8296951554994
23.67527777777778,1.0096100000000001,26.5915392778135,2.9849194950813605,0.9948275642685254,0.0,0.4183685641681536,955.2497451050399,26.847083970273292,3.013604571429093,1.0043878571611462,0.0,0.4223890860698097,964.4296951554995
23.7,1.0105000000000008,26.727457852426593,3.1220305899123764,0.9961607910527014,0.0,0.40515497431355374,955.0566404309732,27.00809615987709,3.1548119111064583,1.0066204793587556,0.0,0.40940910154384635,965.0847351554991
23.8,1.0141000000000013,27.28481257344556,3.647827006956725,1.0024023851037063,0.0,0.35454309273355555,954.2790012380418,27.66952843073118,3.6992613677548194,1.01653625873367,0.0,0.35954215034109915,967.7343351554995
23.9,1.0177000000000012,27.854232544241007,4.1279419368500045,1.0097332374498575,0.0,0.3084432324869511,953.5068636685645,28.347252460274106,4.201006509132255,1.027605515752721,0.0,0.3139026777019705,970.3839351554992
23.91111111111111,1.0181000000000011,27.918246191411274,4.178484563523944,1.0106034960726396,0.0,0.30359609118849157,953.4214076765526,28.423566447475853,4.254115134123732,1.0288954193515556,0.0,0.30909118043900363,970.6783351554993
23.91111111111111,1.0200000000000011,27.866241615172374,4.170701111886007,1.008720999364269,0.0,0.30303056905784637,953.5081717210767,28.423566447475853,4.254115134123732,1.0288954193515556,0.0,0.30909118043900363,972.5783351554993
23.915277777777778,1.0201500000000003,27.890247082138032,4.18947788075606,1.0090493476642404,0.0,0.30123315464203526,953.4761899284412,28.45223556084312,4.273895860053296,1.029381692019675,0.0,0.30730300270807237,972.6887351554994
23.915277777777778,1.0202500000000003,27.88751341420545,4.189067248275712,1.0089504454983336,0.0,0.3012036292164394,953.4807499686343,28.45223556084312,4.273895860053296,1.029381692019675,0.0,0.30730300270807237,972.7887351554995
24.0,1.0233000000000003,28.380145573762594,4.553790219253712,1.0159163230640684,0.0,0.2662997471259065,952.8325370424108,29.041402965631274,4.659893531362326,1.0395871733914617,0.0,0.2725045312339402,975.0335351554993
24.0,1.0153000000000005,28.38014557376259,4.553790219253711,1.0159163230640682,0.0,0.2662997471259065,952.8325370424106,28.81436180104117,4.623463209608295,1.031459842806949,0.0,0.270374133256933,967.41087485916
24.1,1.0189000000000001,28.972096432048907,4.958867119785132,1.0247537072223787,0.0,0.229020472410936,952.0664195300424,29.519669054614635,5.052589708349071,1.0441215522888818,0.0,0.23334895933950273,970.0604748591602
24.119444444444444,1.0196000000000003,29.088628143992704,5.032340626092046,1.0265450975985415,0.0,0.22225135308469507,951.9180804817182,29.65876525561497,5.130974502363452,1.0466653815114733,0.0,0.22660747960515515,970.5756748591601
24.119444444444444,1.0215000000000003,29.03452301088102,5.02298042326329,1.0246357136676192,0.0,0.2218379633922223,952.0075133227215,29.65876525561497,5.130974502363452,1.0466653815114733,0.0,0.22660747960515515,972.4756748591602
24.12361111111111,1.0216500000000006,29.05951560919016,5.038474052997994,1.025021791081604,0.0,0.22041235738453804,951.9757988148187,29.688654122129144,5.147557016245404,1.0472135128585214,0.0,0.22518428492191345,972.5860748591602
24.12361111111111,1.0217500000000008,29.056671516642158,5.037980930996232,1.02492147086716,0.0,0.22039078534075193,951.9804990057837,29.688654122129144,5.147557016245404,1.0472135128585214,0.0,0.22518428492191345,972.6860748591603
24.17527777777778,1.0236100000000006,29.368347537098288,5.223506345089532,1.0297903938404431,0.0,0.2032892379557837,951.5880412062796,30.061734222449193,5.346833329897098,1.0541037450390167,0.0,0.20808889686391988,974.0550348591603
24.17527777777778,1.0240100000000005,29.356875638371868,5.221465932849381,1.0293881358961494,0.0,0.20320982887268657,951.6069519430082,30.061734222449193,5.346833329897098,1.0541037450390167,0.0,0.20808889686391988,974.4550348591603
24.2,1.0249000000000006,29.507140987724316,5.305895970579446,1.0317687871886152,0.0,0.1954017795669057,951.4197237380815,30.241868798318674,5.438012780246877,1.0574598299896123,0.0,0.20026728387812176,975.1100748591605
24.3,1.0285000000000009,30.12283182272659,5.618827463532391,1.0417161894387321,0.0,0.16616661314184458,950.6657023424013,30.98133252967432,5.778964046243068,1.0714051008377368,0.0,0.17090236161638728,977.7596748591604
24.369722222222222,1.0310100000000009,30.55967430703441,5.809760932531906,1.0489319982216467,0.0,0.1479127736694827,950.1430974085214,31.507329807295573,5.989921619049725,1.0814593794865008,0.0,0.15249954878097344,979.6070348591604
24.369722222222222,1.0329100000000009,30.503460908787353,5.799074090723994,1.0470025263445024,0.0,0.14764069355604392,950.2348073492944,31.507329807295573,5.989921619049725,1.0814593794865008,0.0,0.15249954878097344,981.5070348591605
24.37388888888889,1.0330600000000003,30.529725383200766,5.809755286777005,1.0474398506164126,0.0,0.14660650797203056,950.2037005199699,31.539038104369393,6.0018257965578545,1.0820682120777916,0.0,0.15145331912558593,981.6174348591604
24.37388888888889,1.0331600000000005,30.52677039797261,5.809192958068308,1.04733846846354,0.0,0.14659231786517662,950.2085203251771,31.539038104369393,6.0018257965578545,1.0820682120777916,0.0,0.15145331912558593,981.7174348591604
24.4,1.0341,30.69186230861141,5.874292397133313,1.0500958015197543,0.0,0.14024439554317317,950.0138041380529,31.738454813335057,6.07460576787556,1.085904068351578,0.0,0.14502672943119538,982.4092748591605
24.5,1.0377,31.332416153889106,6.094296272001157,1.0609165527645463,0.0,0.11795812308269024,949.271345147114,32.513648242890724,6.324051241455601,1.1009131068037699,0.0,0.12240514432290768,985.0588748591603
24.553055555555556,1.0396100000000001,31.677671388025203,6.192040132061011,1.0668167394720935,0.0,0.1073687321675778,948.8795171835209,32.932423951704884,6.437306841691948,1.1090733505225834,0.0,0.11162160764873556,986.4646348591601
24.553055555555556,1.0415100000000002,31.619882623983333,6.1807441519447215,1.0648705730358645,0.0,0.10717286214125218,948.9727749701492,32.932423951704884,6.437306841691948,1.1090733505225834,0.0,0.11162160764873556,988.3646348591601
24.557222222222222,1.04166,31.647115407746245,6.18785006155555,1.0653376073641092,0.0,0.1063785053958801,948.9421066942766,32.96553423563296,6.445635895119954,1.1097195720868984,0.0,0.11081023393067248,988.4750348591601
24.557222222222222,1.04176,31.64407755685854,6.1872560811702835,1.0652353441165896,0.0,0.10636829397430547,948.9470078128936,32.96553423563296,6.445635895119954,1.1097195720868984,0.0,0.11081023393067248,988.57503485916
24.6,1.0433000000000001,31.925005371138163,6.2554807109412325,1.0700663106340325,0.0,0.0984933554728006,948.6326798228318,33.307358103708445,6.526343025724988,1.116400181884486,0.0,0.10275811776477287,989.7084748591604
24.67527777777778,1.0460099999999997,32.4254413510902,6.354546612591206,1.0787237078291927,0.0,0.08581812035353034,948.081791626429,33.91733590765385,6.646919302236525,1.1283557856264135,0.0,0.08976661207099623,991.7030348591605
24.67527777777778,1.0473099999999997,32.38519245271587,6.34665887104728,1.077384714770616,0.0,0.08571159644326537,948.1462364143958,33.91733590765385,6.646919302236525,1.1283557856264135,0.0,0.08976661207099623,993.0030348591605
24.7,1.0482000000000005,32.551076388439284,6.373303326704536,1.080266305625923,0.0,0.08187036690604317,947.9661084327039,34.12003827036207,6.680496547051698,1.132335141557093,0.0,0.08581651859091448,993.6580748591606
24.8,1.0518000000000007,33.23080737004802,6.451301444294059,1.0921206991443848,0.0,0.06778646303575847,947.2406111990491,34.95216319181653,6.785478859108497,1.1486925513600648,0.0,0.07129780182101081,996.3076748591604
24.836388888888887,1.0531100000000007,33.48167350894261,6.467766235165681,1.096509616244086,0.0,0.06320365520565593,946.9778416871551,35.259885189002574,6.811269299915334,1.15474524196281,0.0,0.06656040133362835,997.2718348591603
24.836388888888887,1.0550100000000004,33.4213753319898,6.456118235765851,1.094534878307134,0.0,0.06308982979652167,947.0733309249769,35.259885189002574,6.811269299915334,1.15474524196281,0.0,0.06656040133362835,999.1718348591604
24.840555555555557,1.05516,33.45017762440163,6.4575958113616325,1.0950390226195992,0.0,0.0625842741341592,947.0433250494337,35.295289422163634,6.813796796316341,1.1554413751072965,0.0,0.06603642269539944,999.2822348591606
24.840555555555557,1.05526,33.44700777264715,6.456983867782669,1.0949352530251277,0.0,0.0625783434370671,947.0483434027258,35.295289422163634,6.813796796316341,1.1554413751072965,0.0,0.06603642269539944,999.3822348591606
24.9,1.0574000000000006,33.86061346588394,6.468921647502718,1.1021799500176659,0.0,0.05573805311246195,946.6212170031774,35.8042126788257,6.840237750069378,1.1654450791486806,0.0,0.05893741736111731,1000.9572748591604
24.986666666666668,1.0605200000000001,34.47285681919885,6.4555398473326155,1.112909783071709,0.0,0.04692833248644648,946.0015792810701,36.55915411389677,6.846229118893187,1.1802630831432088,0.0,0.04976843516852622,1003.2535948591606
24.986666666666668,1.0624200000000001,34.41120659804669,6.443994953872467,1.1109194886609897,0.0,0.04684440726692477,946.0981484339154,36.55915411389677,6.846229118893187,1.1802630831432088,0.0,0.04976843516852622,1005.1535948591605
24.990833333333335,1.0625700000000002,34.44087528934944,6.442431934040607,1.111439173010084,0.0,0.0464546969385894,946.0684894728447,36.59584085620405,6.845534900153529,1.1809819220653253,0.0,0.04936136732603695,1005.2639948591609
24.990833333333335,1.0626700000000004,34.437634313760654,6.441825684505563,1.11133458370456,0.0,0.046450325431259876,946.0735645677025,36.59584085620405,6.845534900153529,1.1809819220653253,0.0,0.04936136732603695,1005.3639948591608
25.0,1.0630000000000006,34.50299082344423,6.438088343610072,1.1124792378111112,0.0,0.045603066843101316,946.0083488797366,36.67667924532123,6.84368790925751,1.1825654297932118,0.0,0.04847606005421672,1005.6068748591607
25.1,1.0666000000000004,35.22412762223477,6.370467598520643,1.1250886153041184,0.0,0.03720225675729609,945.2995264008622,37.57005452187562,6.794740740582121,1.2000195170833732,0.0,0.039679927057332025,1008.25647485916
25.170277777777777,1.0691300000000004,35.73998159372784,6.293316778361594,1.1340705433655238,0.0,0.032144422489059486,944.8042378935763,38.21068652130226,6.7283737672497335,1.212468840028383,0.0,0.03436656641572818,1010.1185548591598
25.170277777777777,1.0710300000000004,35.67657910731002,6.2821524768211265,1.1320587098665607,0.0,0.03208739850025505,944.9021548034691,38.210686521302264,6.7283737672497335,1.212468840028383,0.0,0.03436656641572818,1012.0185548591598
25.174444444444443,1.071180000000001,35.70735459404972,6.2768176831607585,1.1325930688239176,0.0,0.031808583711324084,944.8729017150798,38.249004094054214,6.723601565848148,1.2132110434628052,0.0,0.03407271869989617,1012.1289548591601
25.174444444444443,1.0712800000000011,35.70402144542433,6.276231765596428,1.13248734547719,0.0,0.03180561449844684,944.8780476244857,38.249004094054214,6.723601565848148,1.2132110434628052,0.0,0.03407271869989617,1012.2289548591601
25.2,1.0722,35.893347784200245,6.241619601767964,1.1357705850308089,0.0,0.030142291026203062,944.6988200514455,38.48484749421951,6.692264537015612,1.2177732212700334,0.0,0.03231856443829493,1012.9060748591601
25.3,1.0758000000000005,36.64394376582374,6.07469287819908,1.1487056388132018,0.0,0.024351186068381183,944.0004414009662,39.4215547032732,6.5351545983665735,1.235777526235243,0.0,0.02619700597236449,1015.5556748591599
25.333055555555557,1.0769900000000008,36.895510144867,6.008422239614785,1.1530056027162472,0.0,0.02266788912442604,943.7706151952749,39.73609547092035,6.471010667842732,1.241775504069372,0.0,0.02441308990811562,1016.4315148591598
25.333055555555557,1.0788900000000008,36.830534596594944,5.997840991985028,1.1509750800075738,0.0,0.02262796940199242,943.8696390356376,39.73609547092035,6.471010667842732,1.241775504069372,0.0,0.02441308990811562,1018.3315148591598
25.337222222222223,1.079040000000001,36.862319931122485,5.989112761453814,1.15151679121046,0.0,0.02242405572239001,943.8407425666874,39.775917698478445,6.46249223411913,1.2425326783877362,0.0,0.024196453086687744,1018.4419148591595
25.337222222222223,1.0791400000000013,36.85890403328428,5.988557772039886,1.1514100843150423,0.0,0.022421977766265467,943.845946641917,39.775917698478445,6.46249223411913,1.2425326783877362,0.0,0.024196453086687744,1018.5419148591594
25.4,1.0814000000000015,37.34111041612198,5.84640179069423,1.159583436121966,0.0,0.019542822276782633,943.4115728307355,40.38067680399436,6.32229889645675,1.2539735278222957,0.0,0.02113360801011277,1020.2052748591587
25.475,1.0841000000000007,37.92549413283935,5.650226428968504,1.169359246196369,0.0,0.016540607508545194,942.8950049434168,41.11502818941116,6.12541047164476,1.2677023588014846,0.0,0.017931672600013857,1022.1924748591589
25.475,1.0860000000000007,37.85914197919994,5.640341134111193,1.1673134058945522,0.0,0.016511669060786226,942.9949123933316,41.11502818941116,6.12541047164476,1.2677023588014846,0.0,0.017931672600013857,1024.092474859159
25.479166666666668,1.0861500000000013,37.89182617701319,5.628621242006965,1.1678552338999375,0.0,0.016358283067360965,942.9663258842317,41.15620700216293,6.113526962005871,1.2684659623004184,0.0,0.017767549153614132,1024.2028748591595
25.479166666666668,1.0862500000000013,37.888337861599894,5.628103072042222,1.1677477213352514,0.0,0.01635677712645718,942.9715763950824,41.15620700216293,6.113526962005871,1.2684659623004182,0.0,0.017767549153614132,1024.3028748591594
25.5,1.0870000000000013,38.052169625139044,5.56817469336582,1.170455262114739,0.0,0.015609046400036285,942.8287717195574,41.36270838252619,6.052605891688653,1.272284869918723,0.0,0.016967033436839463,1024.8548748591602
25.5,1.0790000000000013,38.052169625139044,5.568174693365819,1.170455262114739,0.0,0.015609046400036287,942.8287717195574,41.05829102552508,6.008060494141727,1.262921227821805,0.0,0.016842161065639176,1017.3122446854037
25.6,1.0826000000000016,38.847513839227105,5.263968751445912,1.1833723973711956,0.0,0.012430849558421542,942.1409982314807,42.05631848234732,5.698772570315351,1.281118957394058,0.0,0.01345763773194718,1019.9618446854024
25.633333333333333,1.0838000000000012,39.11629382872675,5.151061720456353,1.1876462434044333,0.0,0.011509449062422279,941.9127557532764,42.39423925157409,5.582720692630602,1.2871709986017263,0.0,0.012473940893853282,1020.8450446854023
25.633333333333333,1.0857000000000012,39.04783941381049,5.14204724383402,1.1855678351309982,0.0,0.011489307261539345,942.0144097682611,42.3942392515741,5.582720692630603,1.2871709986017263,0.0,0.012473940893853282,1022.7450446854023
25.6375,1.0858500000000018,39.081516484037195,5.127556448412509,1.1860994740277193,0.0,0.011378975354480663,941.9859508084913,42.43666467419185,5.567757169508732,1.2879261138730012,0.0,0.012355860388662845,1022.855444685402
25.6375,1.0859500000000017,39.0779176520022,5.12708427598759,1.1859902517362668,0.0,0.011377927518451885,941.9912930479306,42.43666467419185,5.567757169508732,1.2879261138730012,0.0,0.012355860388662845,1022.9554446854019
25.67527777777778,1.0873100000000016,39.38455090228226,4.99160213612429,1.1907903700288889,0.0,0.01042069363705034,941.7336405306684,42.82321604156058,5.427418918629309,1.294758277236113,0.0,0.011330524398501221,1023.9564046854024
25.67527777777778,1.0875100000000013,39.37730783308707,4.990684148770405,1.1905713761125059,0.0,0.010418777205268188,941.7443560844508,42.82321604156058,5.42741891862931,1.294758277236113,0.0,0.011330524398501223,1024.1564046854023
25.7,1.0884000000000016,39.57922994143258,4.898027614086593,1.1936898923630868,0.0,0.009832734236543286,941.5761160284828,43.07803386825528,5.331013255171856,1.2992120788479855,0.0,0.010701947943053727,1024.8114446854022
25.8,1.0920000000000014,40.40646344770999,4.490785076502409,1.2060563663069033,0.0,0.007755190920623163,940.8983925690486,44.12385808489936,4.903937303540637,1.31701355200714,0.0,0.008468668485320505,1027.4610446854024
25.83388888888889,1.0932200000000014,40.69063108678036,4.340964012539632,1.210127437514477,0.0,0.007147494791358252,940.6697322454775,44.483811716690084,4.745628677788583,1.3229355172395785,0.0,0.007813784255808679,1028.3589646854023
25.83388888888889,1.0951200000000014,40.62003407543468,4.3334325715798965,1.208027903096991,0.0,0.0071350941045809305,940.7726684613567,44.483811716690084,4.745628677788583,1.3229355172395785,0.0,0.007813784255808679,1030.2589646854024
25.838055555555556,1.0952700000000009,40.65505500337914,4.314635179419388,1.2085222212093896,0.0,0.007063701002722543,940.7446243258756,44.528262093551106,4.725690472962676,1.3236581332240092,0.0,0.007736659797251926,1030.3693646854026
25.838055555555556,1.0953700000000008,40.651343467094286,4.314241281907184,1.2084118911637238,0.0,0.007063056133773902,940.7500339478,44.528262093551106,4.725690472962676,1.3236581332240092,0.0,0.007736659797251926,1030.4693646854025
25.9,1.0976,41.17541160862727,4.024200641191252,1.2156001032094115,0.0,0.0060759013139395895,940.3340421696455,45.194131781629295,4.416962623771518,1.33424267328265,0.0,0.006668909282180094,1032.110644685403
26.0,1.1012000000000002,42.03512672657481,3.5142529740839605,1.226368391510607,0.0,0.004744971338926349,939.6660413053057,46.289081551304186,3.8698953750612577,1.3504768727314804,0.0,0.005225162438425697,1034.7602446854028
26.0,1.1012000000000002,42.0351267265748,3.5142529740839605,1.226368391510607,0.0,0.004744971338926349,939.6660413053057,46.28908155130418,3.8698953750612577,1.3504768727314804,0.0,0.005225162438425697,1034.7602446854028
26.004722222222224,1.1012236111111111,42.081728191793076,3.4096332638221343,1.2270003091516515,0.0,0.004689906759004801,939.6616745432033,46.34139268116262,3.7547686553507744,1.3512017112784314,0.0,0.005164636056925674,1034.77762246318
26.004722222222224,1.1031236111111111,42.00924739022282,3.4037605736394476,1.2248869461849754,0.0,0.004681828949090884,939.7656001751209,46.34139268116262,3.7547686553507744,1.3512017112784314,0.0,0.005164636056925674,1036.67762246318
26.00888888888889,1.103144444444445,42.05032583917601,3.3115476577718006,1.225429013937221,0.0,0.004633887166373482,939.7617519785475,46.38758333656571,3.653115401183976,1.3518252087858798,0.0,0.005111846883767319,1036.692955796513
26.00888888888889,1.103244444444445,42.046514324325344,3.31124749331827,1.2253179389148081,0.0,0.0046334671427613345,939.7672120783761,46.38758333656571,3.653115401183976,1.3518252087858798,0.0,0.005111846883767319,1036.792955796513
26.1,1.1037000000000012,42.94910881717972,1.288905442971462,1.2309318966021372,0.0,0.0036901577000617524,939.6831065374676,47.402931401521315,1.4225649374076044,1.3585795342797806,0.0,0.004072827053558161,1037.1282446854043
26.17527777777778,1.1040763888888887,43.576887846767946,0.006097829694640214,1.1053211233458489,0.0,0.003046346787702957,939.6136692603699,48.112212972875646,0.006732469789317802,1.2203589544262947,0.0,0.003363399560670346,1037.4052669076277
26.17527777777778,1.1044763888888887,43.56110592936884,0.006095621289008012,1.104920817414653,0.0,0.003045243514941909,939.6355389286931,48.112212972875646,0.006732469789317802,1.220358954426295,0.0,0.003363399560670346,1037.8052669076276
26.2,1.1045999999999982,43.62949667097578,0.005792152012186151,0.9483805037558803,0.0,0.0028581544520251776,939.6127509373604,48.19314202275977,0.0063980111126608116,1.0475811044487437,0.0,0.0031571174077070067,1037.8962446854068
26.3,1.1051,43.85551384154605,0.005755640023861813,0.43961994212019934,0.0,0.0022094375239902,939.520626807897,48.46472834629253,0.006360557790369689,0.48582399803703225,0.0,0.00244164940776157,1038.264244685407
26.4,1.1055999999999993,43.99112485517061,0.005732666885857493,0.1558682844138264,0.0,0.0017059985837812883,939.4285860034446,48.636587639876595,0.00633803650900404,0.17232797524792637,0.0,0.0018861520342285912,1038.6322446854076
26.5,1.1060999999999996,44.05728426529697,0.005720018806048551,0.04512146014451634,0.0,0.0013164282611796568,939.3366284110002,48.731762125844966,0.0063269128013703005,0.049908847065849506,0.0,0.001456101299690818,1039.0002446854069
