time_h,volume_l,biomass_g_l,glucose_g_l,acetate_g_l,fraction_a_g_l,fraction_b_g_l,water_g_l,biomass_g,glucose_g,acetate_g,fraction_a_g,fraction_b_g,water_g
0.0,1.0,7.399999999999998e-05,15.699999999999998,0.17,2.67,7.329999999999999,974.1299260000001,7.399999999999998e-05,15.7,0.17,2.67,7.33,974.1299260000001
0.1,1.0,8.071424587952991e-05,15.699995378519914,0.17000265929992422,2.669988363644686,7.329999372449075,974.1299260000001,8.071424587952991e-05,15.699995378519915,0.17000265929992425,2.669988363644686,7.329999372449075,974.1299260000001
0.175,1.0,8.614677553903086e-05,15.699991639256384,0.1700048109531971,2.6699789486120737,7.329998864694371,974.1299260000001,8.614677553903086e-05,15.699991639256384,0.1700048109531971,2.669978948612074,7.329998864694372,974.1299260000001
0.175,1.0001,8.613816172285857e-05,15.698421797076675,0.1699878121719799,2.6697119774143325,7.329265938100561,974.132512748725,8.614677553903086e-05,15.699991639256384,0.1700048109531971,2.669978948612074,7.329998864694372,974.229926
0.2,1.0001,8.80288711123384e-05,15.698420495673192,0.16998856102692003,2.6697087006562086,7.329265761386217,974.132512748725,8.803767399944963e-05,15.69999033772276,0.17000555988302274,2.6699756715262746,7.329998687962356,974.229926
0.3,1.0001,9.601592906999504e-05,15.698414998060755,0.16999172446863686,2.6696948584143994,7.3292650148790965,974.132512748725,9.602553066290205e-05,15.699984839560564,0.17000872364108374,2.669961827900241,7.329997941380585,974.229926
0.4,1.0001,0.00010472766217597191,15.698409001641155,0.1699951749342555,2.6696797602502125,7.329264200640203,974.132512748725,0.00010473813494218952,15.699978842541318,0.17001217445174896,2.669946728226238,7.329997127060268,974.229926
0.5,1.0001,0.00011422982261470761,15.698402461155494,0.16999893846662087,2.669663292209728,7.329263312523955,974.132512748725,0.00011424124559696909,15.699972301401612,0.17001593836046755,2.669930258538949,7.329996238855208,974.229926
0.6,1.0001,0.00012459412877448948,15.698395327238135,0.1700030434716867,2.6696453299991223,7.329262343827117,974.132512748725,0.00012460658818736693,15.69996516677086,0.17002004377603389,2.6699122945321228,7.3299952700615,974.229926
0.7,1.0001,0.00013589880249508722,15.698387546046835,0.17000752093131768,2.6696257380535804,7.32926128723859,974.132512748725,0.0001359123923753367,15.699957384801442,0.17002452168341084,2.6698927006273863,7.329994213367314,974.229926
0.8,1.0001,0.00014822916493013579,15.698379058852572,0.1700124046393099,2.6696043685046233,7.329260134783716,974.132512748725,0.0001482439878466288,15.699948896758457,0.17002940587977383,2.669871328941474,7.329993060797196,974.229926
0.9,1.0001,0.0001616782765645433,15.698369801598979,0.17001773145490293,2.6695810600709122,7.32925887776445,974.132512748725,0.00016169444439219978,15.69993963857914,0.17003473322804843,2.6698480181769195,7.329991803652226,974.229926
1.0,1.0001,0.00017634764133701695,15.698359704417637,0.1700235415816859,2.6695556368379534,7.329257506693542,974.132512748725,0.00017636527610115067,15.69992954038808,0.17004054393584409,2.6698225924016374,7.3299904324442124,974.229926
1.1,1.0001,0.00019234797234031695,15.698348691100973,0.17002987887089765,2.6695279069310915,7.32925601122297,974.132512748725,0.00019236720713755102,15.699918525970084,0.17004688185878475,2.669794859721785,7.329988936824093,974.229926
1.2,1.0001,0.00020980002714390394,15.698336678527207,0.17003679115230727,2.669497661067836,7.329254380065851,974.132512748725,0.00020982100714661835,15.69990651219506,0.17005379483142252,2.669764610833943,7.329987305503859,974.229926
1.3,1.0001,0.00022883551921779987,15.698323576032942,0.17004433059524304,2.669464670978306,7.32925260091125,974.132512748725,0.00022885840276972168,15.699893408390546,0.17006133502830256,2.669731617445404,7.329985526171342,974.229926
1.4,1.0001,0.0002495981117073594,15.698309284729037,0.17005255410224573,2.6694286876829563,7.329250660331276,974.132512748725,0.00024962307151853017,15.699879115657511,0.17006955935765597,2.6696956305517245,7.32998358539731,974.229926
1.5,1.0001,0.00027224450134944757,15.698293696754385,0.17006152373843364,2.6693894396140814,7.3292485436797685,974.132512748725,0.0002722717257995825,15.699863526124062,0.1700785298908075,2.669656378558043,7.329981468534137,974.229926
1.5,0.9921000000000001,0.00027224450134944757,15.698293696754385,0.17006152373843364,2.669389439614081,7.329248543679768,974.132512748725,0.00027009376978878697,15.574277176550027,0.16871803770090005,2.6483012630411302,7.271347480184699,966.4368658980103
1.6,0.9921000000000001,0.00029694561291560977,15.698276694453645,0.17007130720465552,2.669346630545778,7.329246234980634,974.132512748725,0.00029459974257357646,15.574260308567462,0.16872774387773876,2.6482587921644667,7.271345189724288,966.4368658980103
1.7,0.9921000000000001,0.0003238878489205742,15.698258149516857,0.1700819783325442,2.6692999374281263,7.3292437168110265,974.132512748725,0.0003213291349141017,15.574241910135674,0.16873833070371713,2.6482124679224444,7.27134269144822,966.4368658980103
1.8,0.9921000000000001,0.00035327454127430667,15.698237921980054,0.17009361765957207,2.6692490078714006,7.3292409701656345,974.132512748725,0.0003504836723982397,15.574221842396412,0.16874987808006145,2.6481619407092167,7.271339966501327,966.4368658980103
1.9,0.9921000000000001,0.00038532747194037245,15.69821585917833,0.1701063130314549,2.669193457510687,7.32923797431453,974.132512748725,0.0003822833849120435,15.574199953890822,0.16876247315850643,2.6481068291963528,7.271336994317447,966.4368658980103
2.0,0.9921000000000001,0.00042028853553696086,15.698191794601163,0.17012016026079776,2.6691328671245156,7.329234706647734,974.132512748725,0.0004169682561062189,15.574176079423815,0.16877621099473747,2.6480467174742324,7.2713337524652175,966.4368658980103
2.1,0.9921000000000001,0.00045842157582864,15.698165546627964,0.17013526385464048,2.6690667794521374,7.329231142503523,974.132512748725,0.0004548000453795938,15.574150038809606,0.16879119527018882,2.647981151894466,7.271330216477746,966.4368658980103
2.2,0.9921000000000001,0.0005000143694319221,15.698136917162282,0.1701517378003413,2.668994695755679,7.329227254982974,974.132512748725,0.00049606425591341,15.574121635516702,0.1688075390717186,2.6479096376592093,7.271326359668609,966.4368658980103
2.3,0.9921000000000001,0.0005453807989881788,15.698105690135474,0.17016970642654092,2.66891607205395,7.329223014746785,974.132512748725,0.0005410722906761722,15.574090655183403,0.16882536574577126,2.6478316350847244,7.271322152930286,966.4368658980103
2.4,0.9921000000000001,0.0005948632212576269,15.698071629876118,0.17018930534137333,2.6688303150184596,7.329218389793864,974.132512748725,0.0005901638018096917,15.574056864000099,0.16884480982917652,2.647746555529814,7.271317564514493,966.4368658980103
2.5,0.9921000000000001,0.0006488350489388264,15.698034479332243,0.17021068245538057,2.6687367774990403,7.3292133452199355,974.132512748725,0.0006437092520522097,15.57402000694552,0.16886601806398308,2.647653756956798,7.271312559792698,966.4368658980103
2.6,0.9921000000000001,0.0007077035676584477,15.697993958131512,0.17023399909763415,2.6686347536419452,7.329207842954146,974.132512748725,0.000702112709473946,15.573979805862274,0.16888915050476283,2.6475525390881742,7.271307100994809,966.4368658980103
2.7,0.9921000000000001,0.0007719130076209772,15.697949760465974,0.17025943123279566,2.668523473566616,7.329201841471839,974.132512748725,0.0007658148948607716,15.573935957358295,0.1689143817260566,2.6474421381254403,7.271301146924213,966.4368658980103
2.8,0.9921000000000001,0.0008419478937781464,15.69790155278493,0.17028717078858022,2.668402097559797,7.329195295481291,974.132512748725,0.0008352965054172992,15.573888130517933,0.16894190213935045,2.647321720989075,7.27129465264699,966.4368658980103
2.9,0.9921000000000001,0.0009183367002083852,15.697848971278189,0.17031742710381526,2.668269709742474,7.329188155581969,974.132512748725,0.000911081840276739,15.573835964405093,0.16897191942969514,2.647190379035509,7.2712875691528716,966.4368658980103
3.0,0.9921000000000001,0.0010016558345663001,15.69779161913183,0.17035042850735696,2.668125311164827,7.329180367891917,974.132512748725,0.0009937427534732265,15.573779065340691,0.16900466012214888,2.647047121206625,7.271279842985571,966.4368658980103
3.0,0.9841000000000001,0.0010016558345663,15.697791619131833,0.170350428507357,2.668125311164827,7.329180367891917,974.132512748725,0.0009857295067966958,15.448196732387638,0.16764185669409,2.6257021187173066,7.212646400042436,958.6438057960205
3.1,0.9841000000000001,0.0010925339931260295,15.697729063528607,0.1703864240439404,2.6679678122589747,7.329171873640459,974.132512748725,0.0010751627026353257,15.448135171418505,0.16767727990164177,2.6255471240440573,7.212638040849576,958.6438057960205
3.2,0.9841000000000001,0.0011916568687882947,15.697660832405,0.17042568534000524,2.6677960246800834,7.329162608727856,974.132512748725,0.001172709524574561,15.448068025169762,0.16771591694309917,2.6253780678876706,7.212628923249084,958.6438057960205
3.3,0.9841000000000001,0.0012997723671112967,15.697586410858154,0.17046850867095378,2.667608652267121,7.329152503237438,974.132512748725,0.0012791059864742272,15.447994786925511,0.16775805938308563,2.6251936746960745,7.212618978435964,958.6438057960205
3.4,0.9841000000000001,0.0014176962082528277,15.69750523728664,0.17051521718150545,2.667404281334894,7.329141480911591,974.132512748725,0.001395154838541608,15.447914904013784,0.16780402522831953,2.6249925532616696,7.212608131365098,958.6438057960205
3.5,0.9841000000000001,0.0015463180929221293,15.697416699142384,0.17056616332974917,2.6671813699887488,7.3291294585749425,974.132512748725,0.0015217316352446675,15.447827773626022,0.16785416133280617,2.624773186205928,7.212596300183602,958.6438057960205
3.6,0.9841000000000001,0.001686608399964926,15.697320128315898,0.1706217315421161,2.666938236518053,7.329116345507764,974.132512748725,0.001659791326405484,15.447732738275677,0.16790884601059647,2.6245339185574164,7.212583395614192,958.6438057960205
3.7,0.9841000000000001,0.001839625498829237,15.69721479609738,0.17068234111232028,2.6666730467242297,7.329102042761795,974.132512748725,0.0018103754533978524,15.447629080839436,0.16796849188863439,2.6242729452813145,7.212569320281883,958.6438057960205
3.8,0.9841000000000001,0.002006523723668422,15.697099907681347,0.17074844936286626,2.666383800102324,7.329086442414077,974.132512748725,0.001974619996462094,15.447516019149214,0.1680335490179967,2.6239882976806976,7.2125539679796935,958.6438057960205
3.9,0.9841000000000001,0.002188562068153569,15.696974596173884,0.17082055509261782,2.6660683147737942,7.329069426753268,974.132512748725,0.0021537639312699274,15.44739270009472,0.16810450826664522,2.623677828568891,7.2125372228678915,958.6438057960205
4.0,0.9841000000000001,0.0023871136676872793,15.696837916056438,0.17089920233695866,2.6657242110549664,7.32905086739217,974.132512748725,0.002349158560371052,15.447258193191143,0.16818190501980104,2.6233391960991925,7.2125189586006355,958.6438057960205
4.1,0.9841000000000001,0.002603676137707183,15.696688836058515,0.17098498446788798,2.6653488935421907,7.329030624300003,974.132512748725,0.002562277687117639,15.447111483565186,0.16826632321484858,2.62296984613487,7.212499037373634,958.6438057960205
4.2,0.9841000000000001,0.002839882847966509,15.696526231384006,0.17107854866585806,2.6649395315753073,7.329008544746924,974.132512748725,0.002794728710683842,15.446951464305002,0.16835839974207095,2.62256699302326,7.212477308885449,958.6438057960205
4.3,0.9841000000000001,0.003097515216293143,15.696348875233205,0.1711806007966228,2.6644930379347893,7.328984462152925,974.132512748725,0.003048264724354082,15.446776928116998,0.16845882924395653,2.622127598631627,7.212453609204694,958.6438057960205
4.4,0.9841000000000001,0.003378516110362575,15.696155429559138,0.1712919107283924,2.66400604561923,7.328958194832788,974.132512748725,0.00332479770420781,15.446586558229148,0.16856836934781097,2.621648349493884,7.212427759534948,958.6438057960205
4.5,0.9841000000000001,0.003685004464134326,15.695944434984177,0.17141331813182217,2.663474882518455,7.328929544627031,974.132512748725,0.0036264128931545905,15.44637891846793,0.1686878463735262,2.621125631886412,7.212399564867463,958.6438057960205
4.5,0.9761000000000002,0.0036850044641343256,15.695944434984174,0.17141331813182217,2.6634748825184547,7.328929544627031,974.1325127487252,0.003596932857441516,15.320811362988055,0.16731653982847164,2.599817832826264,7.153768128510446,950.8507456940307
4.6,0.9761000000000002,0.0040192912167670855,15.695714299802061,0.1715457388058607,2.6628955437955515,7.328898295408693,974.1325127487252,0.003923230156686352,15.320586728036794,0.16744579564840062,2.5992523402988383,7.153737626148426,950.8507456940307
4.7,0.9761000000000002,0.00438389666383219,15.69546328800265,0.17169017156543506,2.6622636618223128,7.328864211457459,974.1325127487252,0.004279121533566601,15.320341715419389,0.16758677646502118,2.5986355603047597,7.153704356803627,950.8507456940307
4.8,0.9761000000000002,0.004781569417727703,15.695189506182922,0.17184770576941558,2.6615744733270543,7.328827035682583,974.1325127487252,0.004667289908644012,15.320074476985152,0.16774054560152657,2.597962843414538,7.15366806952977,950.8507456940307
4.9,0.9761000000000002,0.005215307048100989,15.69489088929427,0.1720195295175007,2.6608227836323275,7.328786487687841,974.1325127487252,0.005090661209651377,15.31978299704014,0.16790826276203247,2.597229119103515,7.153628490632103,950.8507456940307
5.0,0.9761000000000002,0.005688378586056256,15.69456518509823,0.17220693858944044,2.660002927664316,7.328742261661174,974.1325127487252,0.005552426337849512,15.319465077174385,0.16809119275715284,2.596428857693139,7.153585321607473,950.8507456940307
5.1,0.9761000000000002,0.006204349052146362,15.694209937218863,0.17241134619078133,2.659108727456945,7.328694024073818,974.1325127487252,0.006056065109800065,15.319118319719333,0.1682907150168217,2.5955560288707247,7.153538236898455,950.8507456940307
5.2,0.9761000000000002,0.006767106199296485,15.69382246665814,0.17263429358181212,2.658133445819866,7.3286414111708345,974.1325127487252,0.0066053723611332995,15.318740109705013,0.16850833396520684,2.5946040564647714,7.153486881443852,950.8507456940307
5.3,0.9761000000000002,0.007380889654571118,15.693399851645497,0.17287746166366122,2.657069735852039,7.328584026235517,974.1325127487252,0.007204486391826869,15.318327595191173,0.16874569032989972,2.593565769165176,7.153430868008489,950.8507456940307
5.4,0.9761000000000002,0.008050322679470073,15.692938905667402,0.17314268360992685,2.6559095859207718,7.328521436606788,974.1325127487252,0.00785791996743074,15.317877665821953,0.1690045734716496,2.592433346817266,7.153369774271887,950.8507456940307
5.5,0.9761000000000002,0.008780446779300996,15.692436153514945,0.17343195863676353,2.654644259707337,7.3284531704275935,974.1325127487252,0.008570594101275704,15.317386929445941,0.1692869348253449,2.5911982619003324,7.153303139654375,950.8507456940307
5.6,0.9761000000000002,0.009576759416214612,15.691887805170126,0.17374746701419796,2.65326423087878,7.328378713099993,974.1325127487252,0.009347874866167083,15.316851686626562,0.16959490255255866,2.5898512157607776,7.153230461856905,950.8507456940307
5.7,0.9761000000000002,0.010445255097196357,15.691289727339322,0.17409158642842296,2.651759111916711,7.328297503420939,974.1325127487252,0.010195613500373367,15.316267902855914,0.16993079751278364,2.588382069141902,7.15315119308918,950.8507456940307
5.8,0.9761000000000002,0.011392470137085836,15.69063741242165,0.17446690981668153,2.6501175765842215,7.328208929369972,974.1325127487252,0.011120190100809486,15.315631178264773,0.17029715067206289,2.586779766503859,7.153064735958031,950.8507456940307
5.9,0.9761000000000002,0.01242553141759557,15.68992594468434,0.17487626480515542,2.6483272754760416,7.328112323517955,974.1325127487252,0.012128561216715038,15.314936714606388,0.17069672207631223,2.5850322535921646,7.152970438985877,950.8507456940307
6.0,0.9761000000000002,0.013552209493276885,15.689149963395469,0.17532273489279457,2.646374744045398,7.3280069580229314,974.1325127487252,0.01322831168638757,15.31417927927032,0.1711325215288568,2.5831263876627135,7.152867591726185,950.8507456940307
6.0,0.9681000000000002,0.013552209493276885,15.689149963395463,0.17532273489279457,2.646374744045398,7.3280069580229314,974.1325127487252,0.013119894010441354,15.188666079563152,0.16972993964971445,2.5619553897103504,7.0942435360620015,943.0576855920409
6.1,0.9681000000000002,0.01478097643622094,15.688303622634383,0.175809682540993,2.6442453024305776,7.327892039175275,974.1325127487252,0.014309463287905496,15.187846737072348,0.17020135366793535,2.559893877283043,7.094132283125585,943.0576855920409
6.2,0.9681000000000002,0.016121068773860176,15.687380547524263,0.17634077431508685,2.641922946469447,7.327766701457424,974.1325127487252,0.01560680667997404,15.186953108058242,0.1707155036144356,2.557645604477072,7.094010943680933,943.0576855920409
6.3,0.9681000000000002,0.017582556071899815,15.686373786492858,0.17692000830297658,2.6393902289480478,7.327630001064856,974.1325127487252,0.017021672533206213,15.185978462703739,0.17127626003811167,2.5551936806446056,7.0938786040308885,943.0576855920409
6.4,0.9681000000000002,0.0191764155551718,15.685275759273647,0.17755174397482368,2.6366281304060757,7.327480908849276,974.1325127487252,0.01856468789896182,15.184915462552821,0.17188784334202684,2.5525196930461225,7.093734267856986,943.0576855920409
6.5,0.9681000000000002,0.020914613284598652,15.684078200271417,0.17824073469830234,2.6336159186051162,7.32731830263312,974.1325127487252,0.02024743712081996,15.183756105682761,0.17255485526142655,2.5496035708016134,7.093576848779125,943.0576855920409
6.6,0.9681000000000002,0.02281019250635342,15.682772096843111,0.1789921631654387,2.6303309955970153,7.327140958834508,974.1325127487252,0.02208254736540075,15.182491666953817,0.17328231316046125,2.546423436837471,7.093405162247688,943.0576855920409
6.7,0.9681000000000002,0.024877369740772304,15.681347622074568,0.17981167996962139,2.6267487314146107,7.326947543345873,974.1325127487252,0.02408378164604167,15.181112632930391,0.1740756873785905,2.542955446882485,7.093217916713141,943.0576855920409
6.8,0.9681000000000002,0.027131639266151465,15.679794061567229,0.18070544560904478,2.622842283256552,7.326736601600495,974.1325127487252,0.026266139973561236,15.179608631003237,0.17494094189411627,2.5391736144206685,7.093013704009441,943.0576855920409
6.9,0.9681000000000002,0.029589886698070264,15.678099733710368,0.18168017621428387,2.6185823989605175,7.326506547755953,974.1325127487252,0.028645969312401827,15.17796835220501,0.17588457859304824,2.535049620433677,7.092790988882539,943.0576855920409
7.0,0.9681000000000002,0.0322705124101662,15.67625190287501,0.18274319331969405,2.6139372034823483,7.326255652918212,974.1325127487252,0.031241083064281902,15.1761794671733,0.17691368545279584,2.530552606691262,7.0925480975901225,943.0576855920409
7.1,0.9681000000000002,0.03519356559858517,15.674236684916199,0.18390247802565526,2.6088719670032186,7.325982032323431,974.1325127487252,0.03407089085599031,15.174228534667375,0.1780359889766369,2.5256489512558162,7.092283205492315,943.0576855920409
7.2,0.9681000000000002,0.038380889843047446,15.672038944323152,0.1851667299247634,2.6033488532015583,7.3256836313881655,974.1325127487252,0.03715653945705424,15.172100901999245,0.1792599112401635,2.520302024784429,7.091994323546884,943.0576855920409
7.3,0.9681000000000002,0.0418562810734266,15.669642182302814,0.1865454311946051,2.5973266461326228,7.325358210531465,974.1325127487252,0.0405210657071843,15.169780596687357,0.1805946319394972,2.5144719261209927,7.0916792836155125,943.0576855920409
7.4,0.9681000000000002,0.04564565890370533,15.667028415027465,0.1880489162896337,2.590760454070551,7.32500332866492,974.1325127487252,0.04418956238467714,15.167250208588092,0.1820501558599944,2.508115195585701,7.09133572248051,943.0576855920409
7.5,0.9681000000000002,0.049777252347886054,15.664178041218076,0.18968844769642307,2.583601388581005,7.324616325238897,974.1325127487252,0.04818935799798849,15.164490761703222,0.1836373862149072,2.501184504285271,7.090961064463777,943.0576855920409
7.5,0.9601000000000002,0.049777252347886054,15.664178041218076,0.18968844769642307,2.583601388581005,7.324616325238897,974.1325127487252,0.04779113997920541,15.039177337373477,0.1821198786333358,2.4805156931766232,7.032364133861866,935.2646254900512
7.6,0.9601000000000002,0.05428180101247803,15.661069698152117,0.19147629826172383,2.5757962169594504,7.32419430072198,974.1325127487252,0.052115957152080165,15.036193017195853,0.1838363939610811,2.4730219479027684,7.031958948123174,935.2646254900512
7.7,0.9601000000000002,0.05919277273564076,15.657680105236247,0.1934258405697844,2.567286986392882,7.323734095397856,974.1325127487252,0.056830981103488706,15.032938669037325,0.18570814953105003,2.464852235635807,7.031517104991483,935.2646254900512
7.8,0.9601000000000002,0.06454659911129959,15.653983893922772,0.19555164404972106,2.5580106173993142,7.323232266314959,974.1325127487252,0.06197118980675875,15.029389936555258,0.18774913345213723,2.455945993765082,7.031035298888994,935.2646254900512
7.9,0.9601000000000002,0.07038292979802148,15.649953423060406,0.19786958030892868,2.5478984650446765,7.3226850622666975,974.1325127487252,0.06757465089908044,15.025520281480299,0.18997458405460246,2.4462373162893942,7.030509928282258,935.2646254900512
8.0,0.9601000000000002,0.07674490684714255,15.645558578491885,0.20039693734396746,2.5368758458664264,7.3220883966425605,974.1325127487252,0.07368278506394157,15.021300791210063,0.1924010995439432,2.4356544996163563,7.0299370696165235,935.2646254900512
8.1,0.9601000000000002,0.08367946035769663,15.640766555560397,0.2031525433576314,2.5248615283269737,7.321437817970339,974.1325127487252,0.08034064988942455,15.01669996999354,0.19504675687766193,2.424119553346728,7.029312449033323,935.2646254900512
8.2,0.9601000000000002,0.09123762645760689,15.635541623322968,0.2061569008254876,2.5117671851695076,7.320728477988404,974.1325127487252,0.08759724516194838,15.011683512552386,0.19793124048255067,2.4115476744812447,7.028631411716669,935.2646254900512
8.3,0.9601000000000002,0.0994748887314177,15.629844869046785,0.20943233156998162,2.4974968058677964,7.319955097057317,974.1325127487252,0.09550584067103415,15.006214058771821,0.2010759815403394,2.397846683313672,7.027888888684731,935.2646254900512
8.4,0.9601000000000002,0.1084515439649898,15.623633921597328,0.21300313356828302,2.4819460678230354,7.319111926724923,974.1325127487252,0.10412432736078672,15.000250928125597,0.20450430853890855,2.3829164197168966,7.0270793608485995,935.2646254900512
8.5,0.9601000000000002,0.11823309294342234,15.616862652216728,0.2168957502646523,2.465001665234891,7.318192709244686,974.1325127487252,0.11351559253497981,14.993749832393284,0.2082416098290927,2.3666480987920195,7.026196820145825,935.2646254900512
8.6,0.9601000000000002,0.12889065668046631,15.6094808512031,0.22113895312904266,2.4465405952423853,7.317190633849312,974.1325127487252,0.12374791947891572,14.9866625652401,0.2123155088991939,2.3489236254922146,7.025234727558726,935.2646254900512
8.7,0.9601000000000002,0.14050141806918554,15.601433878951106,0.2257640382029252,2.4264294016690156,7.316098289575643,974.1325127487252,0.13489541148822506,14.97893666718096,0.21675605307862855,2.3296148685424223,7.024185967821576,935.2646254900512
8.8,0.9601000000000002,0.1531490882938404,15.592662289881078,0.23080503729890262,2.404523377911075,7.314907614446794,974.1325127487252,0.1470384396709162,14.970515064514826,0.22159591631067643,2.3085828951324237,7.023042800630368,935.2646254900512
8.9,0.9601000000000002,0.16692439658361774,15.583101427770979,0.2362989444776629,2.3806657319349425,7.313609840816816,974.1325127487252,0.16026411315993142,14.96133568080292,0.2268706165930042,2.2856771692307385,7.021796808168226,935.2646254900512
9.0,0.9601000000000002,0.18192560066301355,15.57268099124381,0.24228595823120763,2.3546867185994134,7.312195436716617,974.1325127487252,0.17466676919655932,14.951331019693185,0.2326187484977825,2.260734718527297,7.020438838791625,935.2646254900512
9.0,0.9521000000000002,0.1819256006630135,15.57268099124381,0.24228595823120763,2.3546867185994134,7.312195436716617,974.1325127487252,0.17321136439125523,14.826749571763235,0.23068046083193283,2.241897224778502,6.961941275297892,927.4715653880614
9.1,0.9521000000000002,0.19825901392871118,15.56132456816538,0.248809739713303,2.3264027470047632,7.3106540430417875,974.1325127487252,0.18876240716152595,14.815937121350263,0.23689175318103584,2.2149680554232356,6.960473714380087,927.4715653880614
9.2,0.9521000000000002,0.21603954262415317,15.548949138425737,0.2559176868315239,2.295615475598284,7.3089744065221876,974.1325127487252,0.2056912485324563,14.804154474695148,0.24365922963229397,2.1856554943171265,6.9588745324497765,927.4715653880614
9.3,0.9521000000000002,0.23539122502594495,15.53546454425354,0.2636612240859636,2.2621109101960926,7.307144308370306,974.1325127487252,0.22411598534720223,14.791315792583797,0.251031851452246,2.1537557975977,6.957132095999371,927.4715653880614
9.4,0.9521000000000002,0.2564477587168636,15.520772928712105,0.27209610692607133,2.225658530918927,7.305150488712702,974.1325127487252,0.2441639110743259,14.7773279054268,0.25906270340431253,2.119049487287911,6.955233780303365,927.4715653880614
9.5,0.9521000000000002,0.2793529983895035,15.504768143760932,0.2812827387964311,2.186010480713971,7.302978567008514,974.1325127487252,0.2659719897666463,14.762089749674786,0.2678092956080821,2.081300578687772,6.953165893648808,927.4715653880614
9.6,0.9521000000000002,0.30426139901831073,15.487335129851905,0.291286498246146,2.142900862306372,7.300612958743954,974.1325127487252,0.2896872780053337,14.745491777132003,0.27733387498015566,2.0402559110018976,6.9509135980201195,927.4715653880614
9.7,0.9521000000000002,0.3313383683939556,15.468349271565115,0.30217807151641873,2.0960452102867846,7.298036789037928,974.1325127487252,0.3154672605478852,14.72741534145715,0.28770374189078235,1.9956446447140481,6.948460826843013,927.4715653880614
9.8,0.9521000000000002,0.36076048141844447,15.447675736351444,0.3140337839782097,2.0451402263348637,7.2952318041420945,974.1325127487252,0.34348005435850104,14.707732068580214,0.2989915657256535,1.9471780094934241,6.94579020072369,927.4715653880614
9.9,0.9521000000000002,0.39271548598702655,15.42516880622729,0.3269359208795517,1.9898639074821092,7.292178282204254,974.1325127487252,0.37390441420824805,14.686303220409007,0.31127569026942126,1.8945494263137164,6.942882942486671,927.4715653880614
10.0,0.9521000000000002,0.42740200552621643,15.400671217810226,0.34097302341253116,1.9298762428293073,7.288854945414551,974.1325127487252,0.4069294494615108,14.662979066477119,0.324640415591071,1.8374351707977838,6.939718793529195,927.4715653880614
10.1,0.9521000000000002,0.4650288009258018,15.374013532621262,0.3562401398938493,1.8648207325866175,7.285238876546959,974.1325127487252,0.4427539213614559,14.637598284408707,0.339176237192934,1.775495819495719,6.936275934360361,927.4715653880614
10.175277777777778,0.9521000000000002,0.4954246033787617,15.35241135283082,0.3686056902421731,1.8122812483352884,7.282308812378891,974.1325127487252,0.47169376487691916,14.617030849030227,0.3509494776795731,1.7254729765400283,6.9334862202659435,927.4715653880614
10.175277777777778,0.9538000000000002,0.4945415861573906,15.325048069857647,0.36794870798864854,1.8090511391696666,7.269329230725458,974.1786175173635,0.4716937648769192,14.617030849030227,0.3509494776795731,1.7254729765400283,6.9334862202659435,929.1715653880615
10.2,0.9538000000000002,0.5049098819260964,15.317663529197016,0.372174321793934,1.7911325805159664,7.26832799125797,974.1786175173635,0.48158304538111085,14.609987474148118,0.35497986812705434,1.7083822552961292,6.932531238061854,929.1715653880615
10.234722222222222,0.9538000000000002,0.5198210726203909,15.307030021322472,0.3782578381573761,1.765365725929966,7.266886280869331,974.1786175173635,0.495805339065329,14.599845234337376,0.36078232603450544,1.683805829392002,6.931156134693169,929.1715653880615
10.234722222222222,0.9558000000000002,0.5187333532803189,15.275000245174066,0.37746633818215664,1.7616717193889948,7.251680408760376,974.2326484495304,0.495805339065329,14.599845234337376,0.36078232603450544,1.683805829392002,6.931156134693169,931.1715653880615
10.238888888888889,0.9558000000000002,0.5205462676408205,15.27370603293399,0.3782066410356021,1.7585392285656938,7.251505009111514,974.2326484495304,0.49753812261109637,14.59860822627831,0.3614899075018286,1.6808117946630905,6.930988487708787,931.1715653880615
10.238888888888889,0.9560000000000003,0.5204373667480086,15.270510696943836,0.378127518307352,1.758171333329592,7.249987957854378,974.2380391088506,0.49753812261109637,14.59860822627831,0.3614899075018286,1.6808117946630905,6.930988487708787,931.3715653880614
10.272222222222222,0.9560000000000003,0.5351544359390974,15.259995145436296,0.3841416711074638,1.732743960438202,7.248562908997587,974.2380391088506,0.5116076407577772,14.588555359037104,0.36723943757873545,1.6565032261789217,6.9296261410016955,931.3715653880614
10.272222222222222,0.9578000000000003,0.5341487165982219,15.231316933636561,0.3834197510740607,1.7294876030266455,7.234940635833882,974.286453735708,0.5116076407577772,14.588555359037104,0.36723943757873545,1.6565032261789217,6.9296261410016955,933.1715653880615
10.276388888888889,0.9578000000000003,0.5360118409026552,15.229984277912616,0.3841818052612142,1.7262688706380092,7.234760103731128,974.286453735708,0.5133921412165633,14.587278941384708,0.36796933307919105,1.6534203242970857,6.929453227353677,933.1715653880615
10.276388888888889,0.9581000000000003,0.535844005027203,15.225215469559236,0.3840615103634182,1.7257283418193146,7.232494757701362,974.2945051540144,0.5133921412165633,14.587278941384708,0.36796933307919105,1.6534203242970857,6.929453227353677,933.4715653880614
10.3,0.9581000000000003,0.5465141737877398,15.217577920999743,0.3884284036585705,1.707295660504034,7.2314601909965015,974.2945051540144,0.5236152299060336,14.579961406109856,0.37215325354527645,1.6357599723289153,6.92846200899375,933.4715653880614
10.4,0.9581000000000003,0.5939532830009812,15.183511509771556,0.407896268453773,1.625367584760656,7.226845947013367,974.2945051540144,0.5690666404432402,14.547322377512131,0.3908054148055601,1.557264682959185,6.9240411018335095,933.4715653880614
10.5,0.9581000000000003,0.6451937943449646,15.14649726155921,0.4290285943645778,1.5369197453091288,7.2218330203286545,974.2945051540144,0.6181601743619106,14.511859026299883,0.41105229626070205,1.4725228079806767,6.919238216776886,933.4715653880614
10.5,0.9501000000000003,0.6451937943449644,15.14649726155921,0.4290285943645778,1.5369197453091288,7.2218330203286545,974.2945051540144,0.6129986240071509,14.39068704820741,0.40762006750578544,1.4602274500182035,6.861463552614256,925.6772093468293
10.6,0.9501000000000003,0.7004461131281052,15.106301658683908,0.4519510148320804,1.441606214459926,7.21638994049196,974.2945051540144,0.6654938520830129,14.352497205915585,0.4293986591919597,1.369670064358376,6.8562920824614135,925.6772093468293
10.675277777777778,0.9501000000000003,0.744799724635923,15.073796299812743,0.4704657929781251,1.3651437307245986,7.211988770945561,974.2945051540144,0.7076342183765907,14.321613864452091,0.44698954990851675,1.2970230585614415,6.852110531275379,925.6772093468293
10.675277777777778,0.9506000000000002,0.7444079722034405,15.06586773033041,0.4702183356916859,1.3644256875251854,7.208195383205742,974.3080258224585,0.7076342183765907,14.321613864452091,0.44698954990851675,1.2970230585614415,6.852110531275379,926.1772093468293
10.7,0.9506000000000002,0.7594958108660637,15.05475656990808,0.4765421701244552,1.3384266351701835,7.206691209906698,974.3080258224585,0.7219767178092803,14.311051595354623,0.45300098692030727,1.2723083593927766,6.850680664137309,926.1772093468293
10.8,0.9506000000000002,0.8232487664326462,15.007477181471774,0.5034201068675234,1.2286389536041302,7.2002913918667595,974.3080258224585,0.7825802773708738,14.266107808707073,0.4785511535882678,1.1679441892960865,6.8445969971085425,926.1772093468293
10.9,0.9506000000000002,0.891408776974122,14.956256153406512,0.5324754589818058,1.1114063892490536,7.193359177190819,974.3080258224585,0.8473731833916006,14.217417099428234,0.5061711713081047,1.0565029136201507,6.838007233837595,926.1772093468293
11.0,0.9506000000000002,0.9639250514254971,14.900830983846303,0.563826987215768,0.9868836273812034,7.185859326385541,974.3080258224585,0.9163071538850778,14.164729933244299,0.5359739340473092,0.9381315761885721,6.830877875662097,926.1772093468293
11.1,0.9506000000000002,1.0405525176017476,14.840947576147467,0.5975727388595109,0.8555929366563951,7.177757787442369,974.3080258224585,0.9891492232322214,14.107804765885785,0.5680526455598512,0.8133266455855694,6.8231765527427175,926.1772093468293
11.2,0.9506000000000002,1.120731509522503,14.776375156076499,0.6337704481740997,0.7186522909759085,7.169023717492342,974.3080258224585,1.0653673729520916,14.046422223366323,0.6024621880342993,0.6831508678016989,6.8148739458482215,926.1772093468293
11.3,0.9506000000000002,1.2033907030422086,14.706930482689547,0.6724020330902679,0.5781532232729398,7.15963275831325,974.3080258224585,1.1439432023119238,13.980408116844686,0.6391853726556088,0.5495924540432567,6.805946900052577,926.1772093468293
11.4,0.9506000000000002,1.286630290729785,14.632517190471278,0.7133054112505363,0.43778114468137747,7.149572351807652,974.3080258224585,1.223070754367734,13.909670841262,0.6780681239347599,0.4161547561341175,6.796383477628356,926.1772093468293
11.5,0.9506000000000002,1.3672692589550044,14.553188305056668,0.7560344651069663,0.3037473215388645,7.138850177144398,974.3080258224585,1.2997261575626273,13.834260802786872,0.7186863625306823,0.28874220385484467,6.786190978393467,926.1772093468293
11.6,0.9506000000000002,1.4405002869257069,14.469235337629092,0.799555584971824,0.18570012941448114,7.127506161281661,974.3080258224585,1.3693395727515774,13.754455111950218,0.7600575390742161,0.17652654302140583,6.775407356914348,926.1772093468293
11.7,0.9506000000000002,1.5009019789832225,14.381267752925647,0.841616744530907,0.09558919551608755,7.115623162519862,974.3080258224585,1.4267574212214518,13.670833125931123,0.8000408773510803,0.09086708925759283,6.764111378291382,926.1772093468293
11.8,0.9506000000000002,1.5469634576339086,14.29013313917916,0.8779295243000658,0.04055444124780115,7.103316118374229,974.3080258224585,1.470543462826794,13.584200562103712,0.8345598057996427,0.038551051850159786,6.752412302126544,926.1772093468293
11.9,0.9506000000000002,1.58508499061881,14.196531100029143,0.903306215415412,0.014680056446861956,7.090679867053717,974.3080258224585,1.506781792082241,13.495222463687705,0.8586828883738908,0.01395486165838698,6.740400281621264,926.1772093468293
12.0,0.9506000000000002,1.6231120341666574,14.10068246823274,0.9167829781021901,0.004818119317411233,7.07774453463937,974.3080258224585,1.5429302996788248,13.404108754302046,0.8714938989839421,0.004580104223131119,6.728103954628186,926.1772093468293
12.0,0.9426000000000002,1.6231120341666572,14.100682468232739,0.9167829781021901,0.004818119317411233,7.07774453463937,974.3080258224584,1.5299454034054916,13.291303294556183,0.8641596351591246,0.004541559268591829,6.671481998351071,918.3827451402495
12.1,0.9426000000000002,1.663490952912608,14.002494453764836,0.9227028858577944,0.0014934547776557499,7.064497912573837,974.3080258224584,1.5680065722154248,13.198751272118738,0.8697397402095571,0.0014077304734183102,6.658995732392101,918.3827451402495
12.2,0.9426000000000002,1.7058023304777228,13.901835005437812,0.9253867052150787,0.00044479402223788643,7.050922523790466,974.3080258224584,1.6078892767083017,13.103869676125685,0.8722695083357334,0.0004192628453614319,6.646199570924895,918.3827451402495
12.3,0.9426000000000002,1.7495467373632354,13.798605492296115,0.9269611545792308,0.00012800419538496892,7.037005430277244,974.3080258224584,1.649122754638586,13.006565537038322,0.8737535843063832,0.00012065675456987175,6.6330813185793325,918.3827451402495
12.4,0.9426000000000002,1.7945273274398255,13.692727549425006,0.9282048981428224,3.564098964437699e-05,7.02273645411311,974.3080258224584,1.69152145884478,12.906764988088016,0.8749259369894246,3.359519683878976e-05,6.61963138164702,918.3827451402495
12.5,0.9426000000000002,1.8406973339346047,13.584129408005614,0.9293693947752766,9.599780327748135e-06,7.008106332448385,974.3080258224584,1.7350413069667587,12.804400379986095,0.876023591515176,9.048752936935394e-06,6.605841028965849,918.3827451402495
12.6,0.9426000000000002,1.8880631805634984,13.472740238818838,0.9305312123009792,2.4996366910641716e-06,6.993105955331927,974.3080258224584,1.7796883539991541,12.69940494911064,0.8771187207149033,2.3561575449970888e-06,6.591701673495876,918.3827451402495
12.7,0.9426000000000002,1.9366484689035943,13.358488244197941,0.9317130282172948,6.287025792012477e-07,6.977726109747403,974.3080258224584,1.8254848467885285,12.591711018980984,0.8782327003976224,5.926150511550962e-07,6.577204631047904,918.3827451402495
12.8,0.9426000000000002,1.986482429483023,13.24130004508945,0.9329216577833187,1.5261235184431688e-07,6.961957398526496,974.3080258224584,1.872458338030698,12.48124942250132,0.8793719546265564,1.4385240284845312e-07,6.562341043851077,918.3827451402495
12.9,0.9426000000000002,2.0375964603913244,13.121100471191015,0.9341594243727923,3.572089783185099e-08,6.945790213728873,974.3080258224584,1.920638423564863,12.367949304144654,0.8805386734137943,3.367051829630275e-08,6.547101855460838,918.3827451402495
13.0,0.9426000000000002,2.090023143534664,12.997812469549501,0.9354274291098368,8.055006779509228e-09,6.929214726088684,974.3080258224584,1.9700558150957748,12.251738033797363,0.8817338946789324,7.5926493903654e-09,6.531477800811196,918.3827451402495
13.1,0.9426000000000002,2.1437959857974187,12.871357046148045,0.9367264571831051,1.7485989141910082e-09,6.912220879003235,974.3080258224584,2.0207420962126474,12.13254115169915,0.8829583585407951,1.6482293365164448e-09,6.515459400548451,918.3827451402495
13.2,0.9426000000000002,2.198949364454865,12.741653215881998,0.9380572197827525,3.6527060989924707e-10,6.894798383751244,974.3080258224584,2.0727296709351566,12.010282321290376,0.8842127353672228,3.4430407689103036e-10,6.499036956523924,918.3827451402495
13.3,0.9426000000000002,2.255518528235302,12.608617954114953,0.939420415967178,7.36868777822818e-11,6.876936715027108,974.3080258224584,2.1260517647145964,11.884883283548758,0.8854976840906622,6.945725099757884e-11,6.482200547584553,918.3827451402495
13.4,0.9426000000000002,2.3135396131907693,12.472166148012391,0.940816747450694,1.4448172735534152e-11,6.858625106552287,974.3080258224584,2.1807424393936197,11.756263811116483,0.8868138661470244,1.3618847620514495e-11,6.464940025436187,918.3827451402495
13.5,0.9426000000000002,2.3730496625668955,12.332210547210208,0.9422469214627305,2.8741428891978207e-12,6.839852546708042,974.3080258224584,2.2368366119355563,11.624341661800345,0.88816194817077,2.7091670873578665e-12,6.447245010527002,918.3827451402495
13.5,0.9346000000000003,2.3730496625668955,12.332210547210208,0.9422469214627305,2.8741428891978207e-12,6.839852546708041,974.3080258224584,2.2178522146350215,11.525683977422664,0.8806239727990681,2.686173944244284e-12,6.392526190153338,910.5882809336698
13.6,0.9346000000000003,2.434086649210878,12.188661710672413,0.9437116506397589,0.0,6.820607773796775,974.3080258224584,2.2748973823524876,11.391523234794441,0.8819929086879189,0.0,6.374540025390468,910.5882809336698
13.675277777777778,0.9346000000000003,2.481064820909042,12.078175375903301,0.9448374970681201,0.0,6.805802244199159,974.3080258224584,2.3188031816215915,11.288262706319228,0.8830451247598654,0.0,6.360702777428536,910.5882809336698
13.675277777777778,0.9348000000000003,2.4805339983115005,12.075591256225103,0.9446353495505617,0.0,6.804346146158038,974.313522607691,2.3188031816215915,11.288262706319228,0.8830451247598654,0.0,6.360702777428536,910.7882809336699
13.7,0.9348000000000003,2.4961552815852213,12.03885174019593,0.9450094172612905,0.0,6.799424438672913,974.313522607691,2.3334059572258656,11.253918606735159,0.8833948032558546,0.0,6.356101965271441,910.7882809336699
13.8,0.9348000000000003,2.560349944973609,11.887871572589793,0.9465450526140607,0.0,6.779205630149845,974.313522607691,2.3934151285613305,11.112782346056942,0.8848303151836243,0.0,6.337201423064077,910.7882809336699
13.9,0.9348000000000003,2.6261908834445276,11.733017069155032,0.9481173930338809,0.0,6.75847941734398,974.313522607691,2.454963237843945,10.968024356246127,0.8863001390080721,0.0,6.317826559333155,910.7882809336699
14.0,0.9348000000000003,2.6937199933044655,11.574189546859843,0.9497271598671276,0.0,6.7372335003050505,974.313522607691,2.518089449741015,10.819552388404585,0.8878049490437913,0.0,6.297965876085163,910.7882809336699
14.1,0.9348000000000003,2.762980209226282,11.4112878785558,0.9513750721871054,0.0,6.715455308517291,974.313522607691,2.582833899584729,10.667271908873964,0.8893454174805063,0.0,6.277607622401966,910.7882809336699
14.2,0.9348000000000003,2.834015528982816,11.244208435800054,0.953061844369864,0.0,6.693131996406625,974.313522607691,2.6492377164931376,10.511086045785893,0.890922212116949,0.0,6.256739790240915,910.7882809336699
14.3,0.9348000000000003,2.906871036216723,11.07284503654695,0.9547881832744076,0.0,6.67025043951264,974.313522607691,2.7173430446553937,10.35089554016409,0.8925359937249165,0.0,6.235350110856418,910.7882809336699
14.4,0.9348000000000003,2.9815929240838694,10.897088891079205,0.9565547849690337,0.0,6.646797230565446,974.313522607691,2.787193065433602,10.186598695380845,0.8941874129890529,0.0,6.213426051132581,910.7882809336699
14.5,0.9348000000000003,3.0582285183589786,10.716828549528348,0.9583623309841155,0.0,6.622758675810015,974.313522607691,2.858832018961974,10.018091328099104,0.8958771070039514,0.0,6.190954810147204,910.7882809336699
14.6,0.9348000000000003,3.136826300807224,10.531949849211657,0.9602114838999106,0.0,6.59812079143683,974.313522607691,2.932305225994594,9.84526671904306,0.8976056951496367,0.0,6.16792331583515,910.7882809336699
14.7,0.9348000000000003,3.2174359323776534,10.342335862892433,0.962102882214799,0.0,6.572869300188919,974.313522607691,3.007659109586631,9.668015564631851,0.8993737742943944,0.0,6.1443182218166035,910.7882809336699
14.8,0.9348000000000003,3.3001082759668208,10.147866848660003,0.9640371343638671,0.0,6.546989628203061,974.313522607691,3.0849412163737853,9.486225930127373,0.9011819132033432,0.0,6.120125904444223,910.7882809336699
14.9,0.9348000000000003,3.3848954187787283,9.94842020150535,0.9660148117106966,0.0,6.520466902077291,974.313522607691,3.1642002374743563,9.299783204367204,0.9030306459871594,0.0,6.0953324600618535,910.7882809336699
15.0,0.9348000000000003,3.471850693953193,9.743870407515844,0.9680364403318784,0.0,6.493285946221584,974.313522607691,3.245486028707446,9.108570056945814,0.9049204644222402,0.0,6.069923702527938,910.7882809336699
15.0,0.9268000000000003,3.471850693953193,9.743870407515844,0.9680364403318783,0.0,6.493285946221584,974.3135226076911,3.2177112231558205,9.030619093685688,0.8971761728995852,0.0,6.017977414958166,902.9937727528084
15.1,0.9268000000000003,3.5610287026855554,9.53408899803978,0.9701024913110093,0.0,6.465431280142393,974.3135226076911,3.300361401648974,8.836193683383271,0.8990909889470438,0.0,5.992161710435973,902.9937727528084
15.2,0.9268000000000003,3.652485328101917,9.3189445244939,0.9722133694146612,0.0,6.43688711794376,974.3135226076911,3.385123402084858,8.636797785300951,0.9010473507735083,0.0,5.965706980910278,902.9937727528084
15.3,0.9268000000000003,3.7462777611356595,9.09830250681539,0.9743693993486466,0.0,6.407637364595317,974.3135226076911,3.4720502290205304,8.432306763316506,0.903045559316326,0.0,5.938598309506942,902.9937727528084
15.4,0.9268000000000003,3.842464510633,8.872025420765285,0.9765708098288837,0.0,6.377665616275808,974.3135226076911,3.5611961084546655,8.22259315996527,0.9050858265494097,0.0,5.910820493164421,902.9937727528084
15.5,0.9268000000000003,3.9411054178423175,8.639972677556376,0.9788177143508966,0.0,6.34695515933096,974.3135226076911,3.652616501256261,8.007526677559252,0.9071682576604112,0.0,5.882358041667937,902.9937727528084
15.6,0.9268000000000003,4.042261665390345,8.402000619755295,0.9811100878570582,0.0,6.315488970378217,974.3135226076911,3.7463681114837732,7.7869741743892105,0.9092928294259218,0.0,5.853195177746534,902.9937727528084
15.642222222222221,0.9268000000000003,4.085742415336107,8.299710812186364,0.9820915909299689,0.0,6.301972148990205,974.3135226076911,3.786666070533505,7.692171980734325,0.9102024864738955,0.0,5.840667787684125,902.9937727528084
15.642222222222221,0.9287000000000003,4.07738351516475,8.282730678081537,0.9800823586453057,0.0,6.289079129626492,974.3660738158803,3.7866660705335047,7.692171980734325,0.9102024864738957,0.0,5.840667787684125,904.8937727528083
15.64638888888889,0.9287000000000003,4.081690502547307,8.272598138555976,0.9801794289851976,0.0,6.287741038791893,974.3660738158803,3.7906659697156853,7.682761891276938,0.9102926356985533,0.0,5.839425102726033,904.8937727528083
15.64638888888889,0.9288000000000003,4.081251044052201,8.271707462615133,0.9800738971775981,0.0,6.287064064089181,974.368833713187,3.790665969715685,7.682761891276938,0.9102926356985533,0.0,5.839425102726033,904.9937727528084
15.7,0.9288000000000003,4.137066070787792,8.140397727995072,0.9813296765995738,0.0,6.269728435661778,974.368833713187,3.8425069665477025,7.560801409761825,0.9114590036256843,0.0,5.823323771042661,904.9937727528084
15.8,0.9288000000000003,4.2432090904906765,7.890686306026084,0.98370637785033,0.0,6.236784783721058,974.368833713187,3.941092603247741,7.328869441037029,0.9136664837473867,0.0,5.792725707120121,904.9937727528084
15.9,0.9288000000000003,4.352052994279761,7.634620528781883,0.9861271933719921,0.0,6.203034672346532,974.368833713187,4.042186821087044,7.091035547132615,0.9159149372039064,0.0,5.76137860367546,904.9937727528084
15.959444444444445,0.9288000000000003,4.418061755345046,7.479328784432604,0.9875867721943905,0.0,6.1825824772267195,974.368833713187,4.103495758364479,6.946800574981004,0.9172705940141501,0.0,5.742382604848179,904.9937727528084
15.959444444444445,0.9307000000000002,4.409042396437604,7.464059927990762,0.9855706393189534,0.0,6.169960894862122,974.4211590768326,4.103495758364479,6.946800574981004,0.9172705940141501,0.0,5.742382604848179,906.8937727528083
15.963611111111112,0.9307000000000002,4.413696537590075,7.453110420140212,0.9856732714648362,0.0,6.168519886152537,974.4211590768326,4.1078273675350845,6.9366098680244965,0.9173661137523232,0.0,5.741041458042167,906.8937727528083
15.963611111111112,0.9308000000000002,4.413222354463992,7.452309699209814,0.985567376184275,0.0,6.167857174518872,974.4239071259219,4.1078273675350845,6.9366098680244965,0.9173661137523234,0.0,5.741041458042167,906.9937727528084
16.0,0.9308000000000002,4.454071497957089,7.35620646687557,0.9864666971552786,0.0,6.155212317632812,974.4239071259219,4.145849750298459,6.847156979367782,0.9182032017121334,0.0,5.729271625252623,906.9937727528084
16.1,0.9308000000000002,4.56826743005491,7.087546198564001,0.9889663797750508,0.0,6.119886992202451,974.4239071259219,4.252143323895111,6.597088001623374,0.9205299062946174,0.0,5.696390812342043,906.9937727528084
16.17527777777778,0.9308000000000002,4.6561392088473115,6.880818816217603,0.9908746069584077,0.0,6.092728812073674,974.4239071259219,4.333934375595079,6.404666154135346,0.922306084156886,0.0,5.6711119782781765,906.9937727528084
16.17527777777778,0.9319000000000002,4.650643175871958,6.87269680666954,0.9897049942664299,0.0,6.085537051484254,974.4540967408608,4.333934375595079,6.404666154135346,0.9223060841568861,0.0,5.6711119782781765,908.0937727528084
16.2,0.9319000000000002,4.679829504297953,6.80403267771591,0.9903356123137221,0.0,6.076523303965816,974.4540967408608,4.361133115055264,6.340678052363458,0.9228937571151579,0.0,5.662712066965745,908.0937727528084
16.3,0.9319000000000002,4.799745605188325,6.521919937362159,0.9929095305020665,0.0,6.03951313551455,974.4540967408608,4.472882929475,6.077777189627797,0.925292391474876,0.0,5.6282222909860105,908.0937727528084
16.4,0.9319000000000002,4.922695997231168,6.232676019696906,0.99551819290457,0.0,6.001606443785043,974.4540967408608,4.587460399819726,5.808230782755548,0.927723403967769,0.0,5.592897044963283,908.0937727528084
16.5,0.9319000000000002,5.048752410729434,5.936135216853566,0.9981578163432369,0.0,5.962783720395156,974.4540967408608,4.70493237155876,5.5318844085858405,0.9301832690502625,0.0,5.5567181490362465,908.0937727528084
16.5,0.9239000000000002,5.048752410729434,5.936135216853566,0.9981578163432367,0.0,5.962783720395155,974.4540967408608,4.6645423522729255,5.484395326851012,0.9221980065195167,0.0,5.509015879273085,900.2981399788814
16.6,0.9247000000000004,5.17354165125808,6.146233382152304,0.9999925981953851,0.0,5.9179046864440075,974.2477992634166,4.783973964918348,5.683422008476239,0.924693155551273,0.0,5.472286463554776,900.8869399788817
16.67527777777778,0.9253022222222226,5.269523686346119,6.298976275448899,1.001433781266926,0.0,5.883548353076838,974.0927384458091,4.875901977028702,5.828456745397925,0.9266289032146897,0.0,5.444060365653896,901.3301755344374
16.67527777777778,0.9264022222222225,5.263266710794964,6.291496939004333,1.0002446896035326,0.0,5.876562291263579,974.1235004485613,4.875901977028702,5.828456745397925,0.9266289032146898,0.0,5.444060365653896,902.4301755344374
16.7,0.9266,5.295140210278312,6.340575039428597,1.0007287693040015,0.0,5.865188198506648,974.0726742703239,4.906476918843883,5.875176831534538,0.9272752776370876,0.0,5.43468338473626,902.5757399788821
16.8,0.9274,5.426058157843284,6.533836844950029,1.0027436077915877,0.0,5.818625349388625,973.8673064253635,5.032126335583862,6.059480290006657,0.9299444218659184,0.0,5.39619314902301,903.1645399788821
16.9,0.9282000000000001,5.5602270271887315,6.718535146771449,1.004849736369382,0.0,5.771158419245024,973.6622925866,5.161002726636581,6.23614432323326,0.9327015252980606,0.0,5.356789244743233,903.7533399788822
17.0,0.9290000000000002,5.697725218014666,6.894486266719629,1.0070476449845673,0.0,5.7227690550234245,973.4576318394854,5.293186727535626,6.404977741782536,0.9355472621906633,0.0,5.316452452116762,904.3421399788822
17.0,0.9290000000000002,5.697725218014666,6.894486266719629,1.0070476449845676,0.0,5.7227690550234245,973.4576318394854,5.293186727535626,6.404977741782536,0.9355472621906634,0.0,5.316452452116762,904.3421399788822
17.1,0.9300000000000002,5.83738413158075,7.188993142878726,1.0091278076605437,0.0,5.67221974324919,973.2023010525609,5.428767242370098,6.685763622877216,0.9384888611243057,0.0,5.275164361221748,905.0781399788817
17.17527777777778,0.930752777777778,5.944784945101717,7.4044252349684925,1.0107634585334833,0.0,5.633552698215133,973.0104556717752,5.533125100944939,6.891689355294801,0.9407708967063134,0.0,5.243444822621232,905.6321844233263
17.17527777777778,0.930852777777778,5.944146306523521,7.40362978960788,1.0106548738590146,0.0,5.632947494811039,973.0133551146272,5.533125100944939,6.891689355294801,0.9407708967063135,0.0,5.243444822621232,905.7321844233262
17.2,0.9311000000000001,5.9798461821204425,7.473183819173237,1.0112050544862567,0.0,5.620133882146513,972.9504242067253,5.567834780172345,6.958281454032202,0.9415330262321537,0.0,5.232906657666619,905.9141399788821
17.3,0.9321000000000002,6.126462489829672,7.7484457834683464,1.0134963865020294,0.0,5.567707499897886,972.6962128300416,5.7104756867702395,7.2223263147708465,0.9446799818585419,0.0,5.189660160654821,906.650139978882
17.4,0.9331000000000002,6.276689527410066,8.013810968971846,1.01589357044436,0.0,5.514311656873764,972.4425463282412,5.856778998026334,7.477687015147632,0.9479302905816325,0.0,5.14540420702891,907.386139978882
17.5,0.9341000000000002,6.430613355803777,8.269078853333538,1.0183970776811297,0.0,5.459928064257556,972.1894229513778,6.006835935656308,7.724146556898858,0.9512847102619434,0.0,5.100118804822984,908.122139978882
17.5,0.9341000000000002,6.430613355803777,8.269078853333536,1.0183970776811297,0.0,5.459928064257556,972.1894229513778,6.006835935656308,7.724146556898857,0.9512847102619435,0.0,5.100118804822984,908.122139978882
17.6,0.9354000000000006,6.586216799447393,8.703718181407751,1.0206881742873868,0.0,5.402806959888618,971.8611716686781,6.160747194203095,8.141457986888815,0.9547517182284222,0.0,5.053785630279816,909.078939978882
17.67527777777778,0.9363786111111116,6.7058486027601845,9.0235005274486,1.0224933758773551,0.0,5.359162146770248,971.614672698565,6.27921320097397,8.449412891252704,0.9574409271743497,0.0,5.018204807711968,909.7991977566596
17.67527777777778,0.9365786111111116,6.704416614345501,9.021573620209763,1.022275029362979,0.0,5.358017734099877,971.6207341923819,6.27921320097397,8.449412891252704,0.9574409271743497,0.0,5.018204807711968,909.9991977566596
17.7,0.936900000000001,6.744172201678983,9.125169336981427,1.0228828338781193,0.0,5.343565984045,971.5399081853782,6.318614935753046,8.549371151817907,0.9583389270604109,0.0,5.006386970451766,910.2357399788817
17.8,0.9382000000000011,6.90741458654827,9.537043735847266,1.0254170812599266,0.0,5.284485231254547,971.2135365368584,6.480536365099594,8.947654432971916,0.9620463056380644,0.0,4.957904043963023,911.1925399788818
17.9,0.9395000000000012,7.074627072528758,9.937273642840278,1.0280727627456032,0.0,5.22439060407506,970.8880680988616,6.646612134640776,9.336068587448453,0.9658743605994955,0.0,4.908314972528525,912.1493399788816
18.0,0.9408000000000012,7.245902651033832,10.32564592594358,1.0308501999284425,0.0,5.163265048419298,970.5634991272113,6.816945214092638,9.714367687127732,0.96982386809268,0.0,4.857599757552881,913.1061399788815
18.0,0.9328000000000012,7.245902651033832,10.325645925943578,1.0308501999284425,0.0,5.163265048419298,970.5634991272113,6.758977992884367,9.631762519720182,0.9615770664932525,0.0,4.816293637165527,905.341631985864
18.1,0.934600000000001,7.417287507421908,11.024147888332914,1.0331945571033045,0.0,5.098306085568899,970.1117397665987,6.932196904436523,10.303168616435952,0.9656236330687494,0.0,4.764876867572697,906.6664319858642
18.17527777777778,0.935955000000001,7.5489967863643255,11.540741982101771,1.035051698712366,0.0,5.0487626796279175,969.7728117119553,7.06552128718163,10.801615161858074,0.9687618126683335,0.0,4.725414673811152,907.6637119858641
18.17527777777778,0.937055000000001,7.540135090449998,11.527194414263905,1.033836661314792,0.0,5.04283598487938,969.8082951223388,7.06552128718163,10.801615161858074,0.9687618126683335,0.0,4.725414673811152,908.7637119858641
18.2,0.9375000000000009,7.583854533272391,11.694916833004562,1.034463444034437,0.0,5.026469619851804,969.6973141182549,7.109863624942872,10.963984530941786,0.9698094787822855,0.0,4.7123152686110705,909.0912319858647
18.3,0.939300000000001,7.763318296896638,12.364476312613249,1.0370848092503948,0.0,4.959648650186794,969.2494751260126,7.29208487627502,11.613952600437637,0.974133761328897,0.0,4.65859797712046,910.4160319858646
18.4,0.941100000000001,7.947056429584617,13.019662005164488,1.0398437446907265,0.0,4.891822925047833,968.8033492571074,7.478974805882092,12.252803913060312,0.9785969481284438,0.0,4.603694554762521,911.7408319858647
18.473333333333333,0.942420000000001,8.084570571208982,13.490874844944084,1.041954297896353,0.0,4.84143746827574,968.477273387517,7.619060997718776,12.714070271372217,0.9819585694234819,0.0,4.562667498852427,912.7123519858648
18.473333333333333,0.944420000000001,8.067449860992745,13.462305194057944,1.0397477493313154,0.0,4.831184747096019,968.5440291246096,7.619060997718778,12.714070271372217,0.9819585694234819,0.0,4.562667498852427,914.7123519858648
18.4775,0.9444950000000012,8.075318935681873,13.488787676084728,1.0398697642576602,0.0,4.828313665186955,968.5255633813455,7.627098358156861,12.740092516123662,0.9821517929925401,0.0,4.56031811520076,914.7675519858651
18.4775,0.9445950000000012,8.07446403819293,13.487359679146774,1.039759677949321,0.0,4.827802513458947,968.5288954375833,7.627098358156861,12.740092516123662,0.9821517929925401,0.0,4.56031811520076,914.8675519858651
18.5,0.9450000000000012,8.117086212044848,13.629908828976083,1.0404226455587327,0.0,4.812270085352056,968.4292401966817,7.670646470382391,12.880263843382414,0.9831994000530037,0.0,4.5475952306576986,915.1656319858653
18.5,0.9450000000000012,8.11708621204485,13.629908828976083,1.0404226455587327,0.0,4.812270085352056,968.4292401966817,7.670646470382392,12.880263843382414,0.9831994000530037,0.0,4.5475952306576986,915.1656319858653
18.6,0.9473000000000017,8.304886875116255,14.563530632501891,1.0429087362198486,0.0,4.7401055338865685,967.864912895454,7.867219336797642,13.796032568169066,0.9879474458210644,0.0,4.490301972250753,916.8584319858653
18.67527777777778,0.9490313888888907,8.449148743867001,15.255029633121662,1.0448780630219263,0.0,4.685157678671981,967.4419044063663,8.018507367320927,14.477501960262638,0.9916220793692327,0.0,4.446361698953521,918.1327342080874
18.67527777777778,0.9497313888888907,8.44292129451669,15.243785905823486,1.044107935117687,0.0,4.681704480837899,967.4659013671727,8.018507367320927,14.477501960262638,0.9916220793692327,0.0,4.446361698953521,918.8327342080875
18.7,0.9503000000000021,8.490816006053079,15.468590278601265,1.0447728255819648,0.0,4.663559537671992,967.3274039628147,8.068822450552258,14.699801341754815,0.9928476161505434,0.0,4.431780628649703,919.2512319858649
18.8,0.9526000000000022,8.687358124953388,16.367074516390105,1.0475540253524798,0.0,4.589566195576389,966.7688767435051,8.275577349830616,15.59127518431325,0.9978999645507746,0.0,4.372020757906079,920.9440319858651
18.9,0.9549000000000024,8.888482466395324,17.248034855837755,1.0504822779753002,0.0,4.514606724625703,966.2130400941071,8.487611907160916,16.470148483839512,1.0031055272386167,0.0,4.3109979613450955,922.6368319858652
19.0,0.9572000000000025,9.094291324758721,18.11126983792871,1.0535578703361448,0.0,4.438672438964898,965.6598746195808,8.70505565605907,17.336107488865405,1.0084655934857605,0.0,4.248697258577211,924.3296319858651
19.0,0.9572000000000025,9.094291324758721,18.11126983792871,1.0535578703361448,0.0,4.438672438964898,965.6598746195808,8.70505565605907,17.336107488865405,1.0084655934857605,0.0,4.248697258577211,924.3296319858651
19.1,0.9600000000000022,9.300046026538046,19.259185574434408,1.056234878494537,0.0,4.359488781295277,964.9900333186077,8.928044185476546,18.488818151457075,1.013985483354758,0.0,4.185109230043476,926.3904319858656
19.17527777777778,0.96210777777778,9.458032606272058,20.109603832443533,1.0583526724269245,0.0,4.299297568837321,964.4883638438256,9.099646732970195,19.347606255223777,1.018249337773843,0.0,4.136387629959487,927.94175643031
19.17527777777778,0.96370777777778,9.442329866791288,20.076216775833796,1.0565955378318423,0.0,4.292159641481374,964.5473221911172,9.099646732970195,19.347606255223777,1.018249337773843,0.0,4.136387629959487,929.54175643031
19.2,0.9644000000000021,9.494726526174002,20.352488905225815,1.057310171197359,0.0,4.272328353150213,964.3832766340348,9.156714261842229,19.62794030019982,1.0196699291027354,0.0,4.120233463778075,930.0512319858652
19.3,0.9672000000000022,9.709678890882223,21.456924645787232,1.0602977219427003,0.0,4.191557893357492,963.722117437824,9.391201423261307,20.753137517405456,1.025519956662982,0.0,4.054074794455376,932.1120319858654
19.4,0.970000000000002,9.929538281985225,22.540268947129764,1.0634411008481879,0.0,4.109897379929486,963.0647752431581,9.631652133525687,21.864060878715918,1.0315378678227443,0.0,3.98660045853161,934.1728319858653
19.5,0.972800000000002,10.154412076858625,23.60233707907268,1.0667411935727764,0.0,4.027345944834309,962.4112170907313,9.87821206836809,22.96035351052195,1.037725833107599,0.0,3.9178021351348242,936.2336319858653
19.5,0.964800000000002,10.154412076858625,23.60233707907268,1.0667411935727764,0.0,4.02734594483431,962.4112170907313,9.79697677175322,22.771534813889367,1.0291919035590167,0.0,3.88558336757615,928.5343422491394
19.6,0.9676000000000022,10.384162957647455,24.656628236401225,1.070173836859065,0.0,3.9438109178022724,961.7560378763303,10.0477160778197,23.85775348154188,1.0355002045448338,0.0,3.8160314440654877,930.5951422491394
19.67527777777778,0.96970777777778,10.56055626148928,25.435906379783937,1.072863016628396,0.0,3.8803454792091063,961.2653296746024,10.240653544425989,24.66539625130394,1.0403636117146873,0.0,3.7628011916539172,932.1464666935838
19.67527777777778,0.97130777777778,10.543160240984799,25.39400673567652,1.0710957283744784,0.0,3.873953527132969,961.3291358892118,10.240653544425989,24.66539625130394,1.0403636117146873,0.0,3.7628011916539172,933.7464666935839
19.7,0.9720000000000024,10.601658678351233,25.64683662298811,1.0719983280006538,0.0,3.853050096209299,961.168664865367,10.304812235357424,24.928725197544505,1.041982374816638,0.0,3.7451646935154477,934.255942249139
19.8,0.9748000000000023,10.841625600743892,26.65579467099795,1.0757498927474012,0.0,3.767951841122989,960.5218939773665,10.568416635605171,25.984068645288865,1.0486409954501692,0.0,3.672999454726699,936.3167422491391
19.9,0.9776000000000022,11.087042265779116,27.64258398159299,1.0796641545164227,0.0,3.6819855558347663,959.878827996253,10.83869251902569,27.02339010040537,1.0554796774552573,0.0,3.599509079384076,938.3775422491392
20.0,0.9804000000000022,11.338027162847338,28.606984180496195,1.0837430826253178,0.0,3.595161431328025,959.2394351786384,11.115801830455554,28.04628729055853,1.0625017182058638,0.0,3.524696267274003,940.4383422491392
20.1,0.983200000000002,11.5947010452548,29.54876715265206,1.0879887879270724,0.0,3.50749256547392,958.603684142735,11.399910067694542,29.05234786448757,1.0697105762899,0.0,3.4485666903739647,942.499142249139
20.17527777777778,0.9853077777777797,11.791746992266779,30.24265674469844,1.091296236724973,0.0,3.440949831157756,958.1274886744059,11.618500025068196,29.798324911214998,1.075262669904737,0.0,3.3903946315828746,944.0504666935835
20.17527777777778,0.9869077777777796,11.77262991201627,30.193626580096357,1.0895269994992907,0.0,3.4353712757407044,958.1953734551619,11.618500025068196,29.798324911214998,1.075262669904737,0.0,3.3903946315828746,945.6504666935836
20.2,0.9876000000000019,11.83797534612083,30.41833706201343,1.0906335424433449,0.0,3.4134666579296784,958.0396337071055,11.691184451828954,30.041149682444523,1.0771096865170495,0.0,3.371139671371357,946.1599422491392
20.25,0.9890000000000018,11.971244258904376,30.868497750260804,1.092903490632555,0.0,3.3690146449422773,957.7253207776922,11.839560572056449,30.52894427500799,1.080881552235599,0.0,3.3319554838479184,947.1903422491393
20.25,0.9890000000000018,11.971244258904376,30.868497750260804,1.092903490632555,0.0,3.3690146449422773,957.7253207776922,11.839560572056449,30.52894427500799,1.080881552235599,0.0,3.3319554838479184,947.1903422491393
20.3,0.9890000000000018,12.123147526435135,30.507854890597162,1.0967644222073356,0.0,3.3290598805408194,957.7253207776922,11.98979290364437,30.17226848680065,1.084700013563057,0.0,3.2924402218548763,947.1903422491393
20.4,0.9890000000000018,12.432672135660958,29.772806473933834,1.104621936623606,0.0,3.2481251272289087,957.7253207776922,12.295912742168712,29.445305602720616,1.0924710953207486,0.0,3.2123957508293968,947.1903422491393
20.5,0.9890000000000018,12.74997258438304,29.0190263782506,1.1126628488648023,0.0,3.1658381023643227,957.7253207776922,12.60972288595485,28.699817088089894,1.1004235575272914,0.0,3.131013883238321,947.1903422491393
20.566388888888888,0.9890000000000018,12.965010222505086,28.508025749788988,1.1181038619026766,0.0,3.110472334675554,957.7253207776922,12.822395110057554,28.19443746654136,1.105804719421749,0.0,3.0762571389941287,947.1903422491393
20.566388888888888,0.9909000000000018,12.940150479420254,28.453363070482702,1.1159599550123596,0.0,3.1045081632799705,957.8063803099583,12.822395110057554,28.19443746654136,1.105804719421749,0.0,3.0762571389941287,949.0903422491393
20.570555555555554,0.9909000000000018,12.953738312869941,28.421068673787033,1.1163034994518275,0.0,3.101023003989566,957.8063803099583,12.835859294222848,28.16243694885562,1.1061451376068179,0.0,3.0728036946532664,949.0903422491393
20.570555555555554,0.9910000000000019,12.952431174795986,28.41820075565648,1.116190855304557,0.0,3.1007100854220595,957.8106379910571,12.835859294222848,28.16243694885562,1.1061451376068179,0.0,3.0728036946532664,949.1903422491393
20.6,0.9910000000000019,13.04884244663807,28.189043527654615,1.1186276193412048,0.0,3.0760203935346517,957.8106379910571,12.93140286461835,27.935342135905774,1.108559970767136,0.0,3.0483362099928457,949.1903422491393
20.67527777777778,0.9910000000000019,13.298544791348336,27.595410885852935,1.1249320070834268,0.0,3.0123884091213786,957.8106379910571,13.178857888226226,27.34705218788031,1.114807619019678,0.0,2.985276913439292,949.1903422491393
20.67527777777778,0.9916000000000018,13.290498072031264,27.578713380274568,1.1242513301932997,0.0,3.0105656650255006,957.8361660439065,13.178857888226226,27.34705218788031,1.114807619019678,0.0,2.985276913439292,949.7903422491394
20.7,0.9916000000000018,13.373471613810137,27.381414092220528,1.126343948693343,0.0,2.9895271362866427,957.8361660439065,13.261134452254154,27.151410213845924,1.116882659524321,0.0,2.96441510834184,949.7903422491394
20.8,0.9916000000000018,13.71431291881097,26.570731636233518,1.1349280981252912,0.0,2.9036447260283778,957.8361660439065,13.599112690292982,26.347537490489202,1.1253947021010409,0.0,2.8792541103297444,949.7903422491394
20.9,0.9916000000000018,14.063668038512857,25.739441207270698,1.1437058352397655,0.0,2.8165380167121303,957.8361660439065,13.945533226989372,25.523229901129667,1.1340987062237535,0.0,2.7928790973717534,949.7903422491394
21.0,0.9916000000000018,14.421735100486517,24.887034309038363,1.1526792800270647,0.0,2.728254269382378,957.8361660439065,14.300592525642456,24.677983220842485,1.1429967740748395,0.0,2.7053369335195705,949.7903422491394
21.0,0.9836000000000018,14.421735100486517,24.887034309038363,1.1526792800270647,0.0,2.728254269382378,957.8361660439065,14.185218644838564,24.478886946370178,1.1337753398346229,0.0,2.683510899364512,942.1276529207881
21.1,0.9836000000000018,14.788715420474519,24.012991591783347,1.1618502102358201,0.0,2.638848806093875,957.8361660439065,14.546180487578763,23.61917852967814,1.1427958667879548,0.0,2.595571685673941,942.1276529207881
21.11277777777778,0.9836000000000018,14.836259983236115,23.899722470110788,1.163036355138927,0.0,2.6273471274508338,957.8361660439065,14.59294531951107,23.507767021601016,1.1439625589146505,0.0,2.5842586345606446,942.1276529207881
21.11277777777778,0.9855000000000018,14.80765633638868,23.853644872248577,1.1607940729727537,0.0,2.622281719493293,957.9174560332689,14.59294531951107,23.507767021601016,1.1439625589146505,0.0,2.5842586345606446,944.0276529207881
21.116944444444446,0.9855000000000018,14.823161789074371,23.816702363776834,1.1611807623706114,0.0,2.6185375399681368,957.9174560332689,14.608225943132819,23.47136017950211,1.1443436413162396,0.0,2.5805687456386033,944.0276529207881
21.116944444444446,0.9856000000000018,14.821657815678563,23.814285896410375,1.1610629477640397,0.0,2.618271860428773,957.9217257719017,14.608225943132819,23.47136017950211,1.1443436413162396,0.0,2.5805687456386033,944.1276529207881
21.17527777777778,0.9856000000000018,15.04038341037918,23.29307705431578,1.1665122427951666,0.0,2.5656729960931703,957.9217257719017,14.823801889269747,22.957656744733676,1.1497144664989183,0.0,2.5287273049494337,944.1276529207881
21.17527777777778,0.9860000000000019,15.034281834959147,23.283627530155815,1.1660390126763855,0.0,2.5646321551211244,957.9387960657062,14.823801889269747,22.957656744733676,1.1497144664989183,0.0,2.5287273049494337,944.5276529207881
21.2,0.9860000000000019,15.127888836713248,23.060518731717135,1.168367892839931,0.0,2.5422494156823445,957.9387960657062,14.91609839299929,22.73767146947314,1.1520107423401742,0.0,2.5066579238627966,944.5276529207881
21.3,0.9860000000000019,15.512356938432042,22.143846084405403,1.1779123185490599,0.0,2.451113834142183,957.9387960657062,15.295183941294022,21.83383223922377,1.1614215460893753,0.0,2.416798240464197,944.5276529207881
21.4,0.9860000000000019,15.906336009339258,21.203973187614963,1.1876559774851594,0.0,2.3590828923156866,957.9387960657062,15.683647305208538,20.90711756298839,1.1710287938003694,0.0,2.3260557318232715,944.5276529207881
21.5,0.9860000000000019,16.310038050649727,20.240339883011412,1.1975981875304542,0.0,2.2662523853489773,957.9387960657062,16.08169751794066,19.95697512464929,1.18083181290503,0.0,2.2345248519540957,944.5276529207881
21.575555555555557,0.9860000000000019,16.621636160460813,19.496156436699778,1.2052407509718543,0.0,2.1956490215496913,957.9387960657062,16.388933254214393,19.223210246586017,1.1883673804582506,0.0,2.1649099352479997,944.5276529207881
21.575555555555557,0.9879000000000019,16.589668239917362,19.4586600329851,1.2029227456809883,0.0,2.1914261921732927,958.0196911841141,16.388933254214393,19.223210246586017,1.1883673804582506,0.0,2.1649099352479997,946.4276529207881
21.579722222222223,0.9879000000000019,16.606984882741813,19.41729137619486,1.2033465731152837,0.0,2.187532930994709,958.0196911841141,16.40604036566067,19.182342150542937,1.1887860795805911,0.0,2.161063782529677,946.4276529207881
21.579722222222223,0.9880000000000019,16.605304013826554,19.41532606330253,1.2032247769034299,0.0,2.187311520779021,958.023940203225,16.40604036566067,19.182342150542937,1.1887860795805911,0.0,2.161063782529677,946.5276529207881
21.6,0.9880000000000019,16.689819961391073,19.213405141529435,1.205291983973853,0.0,2.1683525187352304,958.023940203225,16.489542121854413,18.98284427983112,1.190828480166169,0.0,2.1423322885104117,946.5276529207881
21.67527777777778,0.9880000000000019,17.007229275995687,18.454829820012876,1.2130354115180093,0.0,2.0977747772056294,958.023940203225,16.80314252468377,18.233371862172756,1.1984789865797956,0.0,2.072601479879166,946.5276529207881
21.67527777777778,0.9886000000000018,16.996907267533626,18.443629235456932,1.212299197430501,0.0,2.0965015980974733,958.0494162662213,16.80314252468377,18.233371862172756,1.1984789865797956,0.0,2.072601479879166,947.1276529207881
21.7,0.9886000000000018,17.102351572209432,18.191541738169068,1.2148641321366562,0.0,2.073282751065013,958.0494162662213,16.907384764286274,17.984158162353975,1.2010146810303006,0.0,2.0496473277028757,947.1276529207881
21.8,0.9886000000000018,17.53535162521192,17.15591313008888,1.2253556725728834,0.0,1.979117775347842,958.0494162662213,17.335448616684538,16.960335720405897,1.2113866179055548,0.0,1.9565558327088801,947.1276529207881
21.9,0.9886000000000018,17.978912011608433,16.094265250441865,1.2360284151353855,0.0,1.884674103293218,958.0494162662213,17.773952414676128,15.910790626586856,1.2219376912028443,0.0,1.8631888185156786,947.1276529207881
21.9925,0.9886000000000018,18.39879645415894,15.088557926805592,1.2460533304525527,0.0,1.797211386088573,958.0494162662213,18.189050174581563,14.916548366440036,1.2318483224853958,0.0,1.7767231762871665,947.1276529207881
21.9925,0.9905000000000018,18.363503457427086,15.05961470614842,1.2436631221457786,0.0,1.7937639336569038,958.1298868458217,18.189050174581563,14.916548366440036,1.2318483224853958,0.0,1.7767231762871665,949.0276529207881
21.996666666666666,0.9905000000000018,18.382599590254028,15.013857196694453,1.2441170152361192,0.0,1.7898354723121128,958.1298868458217,18.20796489414665,14.871225553325882,1.2322979035913781,0.0,1.772832035325151,949.0276529207881
21.996666666666666,0.9906000000000018,18.38074388668142,15.012341564027714,1.2439914229672682,0.0,1.7896547903544797,958.1341135885184,18.20796489414665,14.871225553325882,1.2322979035913781,0.0,1.772832035325151,949.1276529207881
22.0,0.9906000000000018,18.396032927223498,14.975705343714932,1.244354693860776,0.0,1.7865125767214123,958.1341135885184,18.22311021770763,14.83493371348404,1.232657759738487,0.0,1.7697193585002344,949.1276529207881
22.1,0.9906000000000018,18.86040890797142,13.862488442669873,1.2553308878166527,0.0,1.6923174087011146,958.1341135885184,18.683121064236524,13.732181051308801,1.2435307774711784,0.0,1.6764096250593272,949.1276529207881
22.17527777777778,0.9906000000000018,19.217349082902313,13.006207708728859,1.263684987334794,0.0,1.6215814875353363,958.1341135885184,19.03670600152307,12.88394935626683,1.251806348453849,0.0,1.606338621552507,949.1276529207881
22.17527777777778,0.9917000000000018,19.19603307605428,12.991781139726537,1.26228329984254,0.0,1.6197828189497874,958.1805514982217,19.03670600152307,12.88394935626683,1.251806348453849,0.0,1.606338621552507,950.2276529207882
22.2,0.9917000000000018,19.314520801652098,12.707411439875099,1.2650385586220272,0.0,1.59664112202412,958.1805514982217,19.15421027899842,12.601939924924158,1.2545387385854665,0.0,1.5833890007113227,950.2276529207882
22.3,0.9917000000000018,19.800927454509576,11.539412970910716,1.2762459417535064,0.0,1.50338187918727,958.1805514982217,19.636579756637186,11.44363584325218,1.2656531004369547,0.0,1.4909038095900182,950.2276529207882
22.4,0.9917000000000018,20.298917495234818,10.34255257973708,1.2875216614523595,0.0,1.4108627853189177,958.1805514982217,20.130436480024407,10.256709393325279,1.2768352316623073,0.0,1.3991526242007735,950.2276529207882
22.421944444444446,0.9917000000000018,20.40976740448606,10.075993907334157,1.2899998707216187,0.0,1.3906843062866099,958.1805514982217,20.240366335028867,9.992363157903302,1.2792928717946317,0.0,1.3791416265444334,950.2276529207882
22.421944444444446,0.9936000000000018,20.370739065045118,10.056726205619247,1.2875330835292167,0.0,1.3880249864577607,958.2605202503889,20.240366335028867,9.992363157903302,1.2792928717946317,0.0,1.3791416265444334,952.1276529207881
22.426111111111112,0.9936000000000018,20.391809518994222,10.006051081654126,1.2880025969338935,0.0,1.3842106272206178,958.2605202503889,20.261301938072695,9.942012354731558,1.2797593803135188,0.0,1.3753516792064084,952.1276529207881
22.426111111111112,0.9937000000000019,20.389757409754107,10.005044132767978,1.2878729800880713,0.0,1.3840713285764374,958.2647206609504,20.261301938072695,9.942012354731558,1.2797593803135188,0.0,1.3753516792064084,952.2276529207882
22.5,0.9937000000000019,20.76678054650862,9.097972813534813,1.2961901838278695,0.0,1.3167659628883,958.2647206609504,20.635949829065655,9.040655584809562,1.2880241856697565,0.0,1.3084703373221063,952.2276529207882
22.5,0.9857000000000019,20.766780546508617,9.097972813534813,1.2961901838278698,0.0,1.3167659628883,958.2647206609504,20.469815584693585,8.967871802301284,1.2776546641991338,0.0,1.297936209619,944.5615351555006
22.6,0.9857000000000019,21.287403181114875,7.8444502469292505,1.3073694713188446,0.0,1.226802592322655,958.2647206609504,20.982993315624974,7.7322746083981775,1.2886740878789875,0.0,1.2092593152524433,944.5615351555006
22.67527777777778,0.9857000000000019,21.687247589553344,6.881002450237505,1.3156490184297889,0.0,1.1600951638614279,958.2647206609504,21.377119949022774,6.782604115199121,1.2968352374662453,0.0,1.1435058030182115,944.5615351555006
22.67527777777778,0.9871000000000019,21.656488652641812,6.871243151858078,1.3137830386650218,0.0,1.1584498055092791,958.3239136414738,21.377119949022774,6.782604115199121,1.2968352374662453,0.0,1.1435058030182115,945.9615351555005
22.7,0.9871000000000019,21.789102268621562,6.551565755895932,1.3164554842771639,0.0,1.136806307811532,958.3239136414738,21.508022849356383,6.467050557644886,1.2994732085299907,0.0,1.1221415064407654,945.9615351555005
22.8,0.9871000000000019,22.3330225779848,5.2397949604014045,1.3269240148160095,0.0,1.0504709827199217,958.3239136414738,22.044926586728835,5.172201605412235,1.3098066950248854,0.0,1.0369199070428365,945.9615351555005
22.9,0.9871000000000019,22.8888195182005,3.8986588891847926,1.3364455855298645,0.0,0.9663168141785726,958.3239136414738,22.593553746415754,3.8483661895143157,1.3192054374765316,0.0,0.9538513272756708,945.9615351555005
22.939444444444444,0.9871000000000019,23.111196954547246,3.362005659131321,1.3397383827181246,0.0,0.9337935427048347,958.3239136414738,22.813062513833632,3.3186357861285334,1.3224557575810634,0.0,0.9217476060039441,945.9615351555005
22.939444444444444,0.9890000000000018,23.06679728395712,3.3555468009388547,1.3371645678271598,0.0,0.931999601621782,958.403978923659,22.813062513833632,3.3186357861285334,1.3224557575810634,0.0,0.9217476060039441,947.8615351555005
22.94361111111111,0.9890000000000018,23.090340421386237,3.2987330452409056,1.3374892334440294,0.0,0.9285984090663768,958.403978923659,22.83634667675103,3.262446981743262,1.3227768518761474,0.0,0.9183838265666484,947.8615351555005
22.94361111111111,0.9891000000000019,23.088005941513483,3.2983995366932115,1.3373540105915933,0.0,0.9285045258989452,958.4081843650781,22.83634667675103,3.262446981743262,1.3227768518761474,0.0,0.9183838265666484,947.9615351555005
23.0,0.9891000000000019,23.408328075541633,2.5255868909914856,1.341175282347555,0.0,0.8829426502443679,958.4081843650781,23.153177299518273,2.498057993879683,1.326556471769969,0.0,0.873318575356706,947.9615351555005
23.1,0.9891000000000019,23.98214156828167,1.1441934705302943,1.3426553883945298,0.0,0.8043879918311263,958.4081843650781,23.720736225187444,1.131721761701516,1.328020444661032,0.0,0.7956201627201686,947.9615351555005
23.17527777777778,0.9891000000000019,24.401801082226964,0.15262460101916514,1.319688875289379,0.0,0.7473263628617454,958.4081843650781,24.135821450430736,0.15096099286805653,1.3053042665487273,0.0,0.7391805055065537,947.9615351555005
23.17527777777778,0.9907000000000019,24.362391693177237,0.15237810928440115,1.3175575517802813,0.0,0.7461194160760596,958.4753559659824,24.135821450430736,0.15096099286805653,1.3053042665487273,0.0,0.7391805055065537,949.5615351555006
23.2,0.9907000000000019,24.445937591938012,0.0022060715539372958,1.254116556664791,0.0,0.7278677824799455,958.4753559659824,24.218590372333033,0.0021855550884856832,1.2424532726878108,0.0,0.7210986121028834,949.5615351555006
23.25,0.9907000000000019,24.51391930170167,9.708406287758559e-10,1.0479770876862993,0.0,0.6918165164534792,958.4753559659824,24.285939852195888,9.618118109282422e-10,1.0382309007708186,0.0,0.6853826228504631,949.5615351555006
23.25,0.9907000000000019,24.51391930170167,9.70840628775855e-10,1.0479770876862993,0.0,0.6918165164534792,958.4753559659824,24.285939852195888,9.618118109282414e-10,1.0382309007708186,0.0,0.6853826228504631,949.5615351555006
23.3,0.9925000000000005,24.724886720076093,0.5021912892817704,1.0080598997307246,0.0,0.655671039030775,958.0718742120893,24.53945006967554,0.4984248546121573,1.000499450482745,0.0,0.6507535062380444,950.8863351554992
23.4,0.9961000000000011,25.22268527770047,1.2582364757698834,0.9943348621691913,0.0,0.5866469902023486,957.2692853684341,25.124316805117466,1.2533293535143821,0.9904569562067325,0.0,0.58435906694056,953.5359351554982
23.5,0.9997000000000014,25.74225568206999,1.9357863842192198,0.9925321213797308,0.0,0.5220417157764741,956.4724768985665,25.734533005365407,1.9352056483039568,0.9922343617433182,0.0,0.5218851032617419,956.1855351554982
23.519166666666667,1.0003900000000014,25.84356906413365,2.059161143774345,0.9927600277099589,0.0,0.5101723219916053,956.3204101955206,25.8536480560687,2.0599642166204197,0.9931472041207672,0.0,0.5103712891971828,956.6933751554981
23.519166666666667,1.0022900000000015,25.794578471369228,2.0552576765411374,0.9908780932871383,0.0,0.5092052092679585,956.4032118004737,25.8536480560687,2.0599642166204197,0.9931472041207672,0.0,0.5103712891971828,958.5933751554982
23.523333333333333,1.0024400000000013,25.816634331461493,2.0817759032828342,0.9909448548835514,0.0,0.5066555364257705,956.3702317899296,25.879626919230294,2.0868554364868475,0.9933627603294687,0.0,0.5078917759346501,958.7037751554983
23.523333333333333,1.0025400000000013,25.814059208839804,2.0815682531239093,0.990846011460358,0.0,0.5066049992365884,956.3745837128663,25.879626919230294,2.0868554364868475,0.9933627603294687,0.0,0.5078917759346501,958.8037751554983
23.6,1.0053000000000014,26.223971782289567,2.5537915005133365,0.9929939280715591,0.0,0.4611035576911475,955.7695565060151,26.36295883273574,2.567326595466061,0.9982567958903399,0.0,0.4635474065469113,960.8351351554984
23.67527777777778,1.0080100000000016,26.633747490526478,2.989657451344914,0.9964071127317804,0.0,0.419032699003223,955.1787136590872,26.84708380792564,3.013604607530192,1.0043883337047637,0.0,0.4223891509222395,962.8296951554981
23.67527777777778,1.0096100000000017,26.591539117011116,2.984919530838826,0.9948280362761481,0.0,0.41836862840328326,955.249745105037,26.84708380792564,3.013604607530192,1.0043883337047637,0.0,0.4223891509222395,964.4296951554982
23.7,1.0105000000000022,26.727457691280765,3.122030627817156,0.9961612622809738,0.0,0.40515503697369565,955.0566404309707,27.008095997039273,3.1548119494092437,1.0066209555349264,0.0,0.4094091648619204,965.084735155498
23.8,1.0141000000000024,27.284812410632632,3.6478270541129603,1.002402853218731,0.0,0.35454314915833346,954.2790012380395,27.669528265622617,3.699261415575962,1.0165367334491175,0.0,0.35954220756146676,967.7343351554981
23.9,1.0177000000000025,27.85423237967089,4.127941993143551,1.0097337027056528,0.0,0.3084432829254322,953.5068636685622,28.347252292791133,4.201006566422202,1.0276059892435454,0.0,0.3139027290332131,970.3839351554982
23.91111111111111,1.0181000000000024,27.918246026653676,4.1784846207839585,1.010603961037109,0.0,0.30359614098041304,953.4214076765503,28.423566279736175,4.254115192420159,1.0288958927318832,0.0,0.30909123113215925,970.6783351554982
23.91111111111111,1.0200000000000025,27.866241450721674,4.170701169039361,1.008721463462628,0.0,0.30303061875701814,953.5081717210744,28.423566279736175,4.254115192420159,1.0288958927318832,0.0,0.30909123113215925,972.5783351554982
23.915277777777778,1.0201500000000026,27.890246917616643,4.1894779382814376,1.0090498116419244,0.0,0.30123320409864085,953.4761899284374,28.452235393006692,4.27389591873782,1.0293821653465118,0.0,0.30730305316122924,972.6887351554979
23.915277777777778,1.0202500000000028,27.887513249700188,4.189067305795451,1.0089509094305407,0.0,0.3012036786681974,953.4807499686304,28.452235393006692,4.27389591873782,1.0293821653465118,0.0,0.30730305316122924,972.7887351554978
24.0,1.023300000000003,28.380145407651444,4.553790284583107,1.015916784686514,0.0,0.26629979177237123,952.8325370424069,29.04140279564981,4.659893598213906,1.0395876457697129,0.0,0.27250457692066826,975.0335351554978
24.0,1.015300000000003,28.38014540765144,4.553790284583106,1.015916784686514,0.0,0.2662997917723712,952.8325370424068,28.814361632388593,4.623463275937241,1.0314603114922207,0.0,0.27037417858648927,967.4108748591585
24.1,1.0189000000000035,28.972096263926,4.958867194400438,1.0247541662098711,0.0,0.2290205117003559,952.0664195300378,29.51966888331431,5.052589784374624,1.0441220199512413,0.0,0.23334899937149345,970.060474859159
24.119444444444444,1.0196000000000038,29.08862797544915,5.032340702561279,1.0265455560755419,0.0,0.22225139138349442,951.9180804817138,29.65876508376806,5.130974580331499,1.0466658489746263,0.0,0.22660751865461176,970.575674859159
24.119444444444444,1.0215000000000038,29.034522842650954,5.022980499590289,1.0246361712918477,0.0,0.22183800161978554,952.007513322717,29.65876508376806,5.130974580331499,1.0466658489746263,0.0,0.22660751865461176,972.475674859159
24.12361111111111,1.0216500000000037,29.059515440885974,5.038474129685502,1.0250222485950256,0.0,0.2204123953958253,951.9757988148148,29.688653950181262,5.147557094593211,1.0472139802771117,0.0,0.22518432375614578,972.586074859159
24.12361111111111,1.0217500000000037,29.056671348354442,5.037981007676234,1.024921928335804,0.0,0.220390823348319,951.9804990057797,29.688653950181262,5.147557094593211,1.0472139802771117,0.0,0.22518432375614578,972.686074859159
24.17527777777778,1.0236100000000043,29.36834736772156,5.223506426564855,1.0297908500014645,0.0,0.2032892733800629,951.588041206275,30.0617340490736,5.346833413296074,1.0541042119700037,0.0,0.20808893312456708,974.0550348591594
24.17527777777778,1.0240100000000045,29.356875469061308,5.221466014292879,1.0293885918789847,0.0,0.20320986428312826,951.6069519430035,30.0617340490736,5.346833413296074,1.0541042119700037,0.0,0.20808893312456708,974.4550348591592
24.2,1.0249000000000044,29.50714081788028,5.305896054327333,1.0317692425499267,0.0,0.19540181378134497,951.4197237380772,30.24186862424563,5.438012866080106,1.0574602966894244,0.0,0.2002673189445013,975.1100748591595
24.3,1.028500000000004,30.122831650568628,5.6188275568399515,1.0417166423023096,0.0,0.16616664282642457,950.6657023423971,30.981332352609954,5.7789641422099125,1.0714055666079296,0.0,0.17090239214697833,977.7596748591593
24.369722222222222,1.0310100000000038,30.559674133172738,5.809761032595285,1.0489324493722796,0.0,0.14791280045187322,950.1430974085175,31.50732962804254,5.989921722216087,1.081459844627318,0.0,0.15249957639388637,979.6070348591594
24.369722222222222,1.0329100000000038,30.503460735245497,5.79907419060331,1.0470029766652602,0.0,0.14764072028916925,950.2348073492906,31.50732962804254,5.989921722216087,1.081459844627318,0.0,0.15249957639388637,981.5070348591594
24.37388888888889,1.0330600000000039,30.52972520957071,5.809755387026743,1.0474403008347715,0.0,0.14660653453091452,950.2037005199655,31.539037924999235,6.001825900121869,1.082068677180373,0.0,0.1514533465625071,981.6174348591592
24.37388888888889,1.0331600000000039,30.52677022435936,5.809193058308342,1.0473389186383222,0.0,0.14659234442148994,950.2085203251728,31.539037924999235,6.001825900121869,1.082068677180373,0.0,0.1514533465625071,981.7174348591592
24.4,1.0341000000000042,30.691862134360925,5.874292499873742,1.0500962510618295,0.0,0.14024442106146143,950.0138041380477,31.73845463314276,6.074605874119461,1.0859045332230424,0.0,0.14502675581965785,982.409274859159
24.5,1.0377000000000045,31.332415977047727,6.094296384543098,1.0609169999065464,0.0,0.11795814492797319,949.2713451471088,32.51364805938257,6.3240513582404,1.100913570803028,0.0,0.1224051669917583,985.058874859159
24.553055555555556,1.0396100000000048,31.67767120976091,6.192040249841969,1.0668171853588415,0.0,0.10736875222127563,948.8795171835155,32.93242376637969,6.437306964138239,1.1090738140709104,0.0,0.11162162849676088,986.464634859159
24.553055555555556,1.0415100000000048,31.619882446044244,6.180744269510816,1.0648710181091927,0.0,0.10717288215836657,948.9727749701437,32.93242376637969,6.437306964138239,1.1090738140709104,0.0,0.11162162849676088,988.3646348591591
24.557222222222222,1.0416600000000054,31.647115229708355,6.187850179501825,1.06533805233875,0.0,0.1063785252707424,948.9421066942704,32.96553405017818,6.445636017979905,1.109720035599188,0.0,0.11081025463352212,988.4750348591589
24.557222222222222,1.0417600000000056,31.644077378837743,6.187256199105237,1.0652357890485162,0.0,0.10636831384725996,948.9470078128875,32.96553405017818,6.445636017979905,1.109720035599188,0.0,0.11081025463352212,988.5750348591589
24.6,1.043300000000005,31.925005191981082,6.25548083302821,1.0700667545666254,0.0,0.0984933739863084,948.6326798228256,33.307357916794025,6.526343153098363,1.1164006450393658,0.0,0.10275813707991606,989.7084748591587
24.67527777777778,1.0460100000000052,32.425441169823756,6.354546742168492,1.078724150011418,0.0,0.08581813666764311,948.0817916264222,33.91733571804752,6.646919437775697,1.128356248153449,0.0,0.08976662913572181,991.7030348591588
24.67527777777778,1.0473100000000053,32.38519227167443,6.346659000463725,1.0773851564039714,0.0,0.08571161273712784,948.146236414389,33.91733571804752,6.646919437775697,1.128356248153449,0.0,0.08976662913572181,993.0030348591588
24.7,1.048200000000005,32.551076206705964,6.373303458559116,1.080266746688151,0.0,0.08187038251854625,947.9661084326982,34.12003807986935,6.680496685261698,1.1323356038785253,0.0,0.08581653495594059,993.658074859159
24.8,1.0518000000000054,33.230807185381366,6.451301586225346,1.0921211379127995,0.0,0.06778647614474428,947.2406111990434,34.952162997584296,6.785479008391853,1.1486930128566883,0.0,0.0712978156090424,996.3076748591589
24.836388888888887,1.0531100000000053,33.48167332317582,6.4677663808072845,1.0965100541839286,0.0,0.06320366748227292,946.9778416871493,35.259884993369866,6.8112694532919935,1.1547457031616428,0.0,0.06656041426225677,997.2718348591588
24.836388888888887,1.0550100000000053,33.42137514655756,6.4561183811451635,1.094535315458277,0.0,0.06308984205102931,947.0733309249712,35.259884993369866,6.8112694532919935,1.1547457031616428,0.0,0.06656041426225677,999.1718348591588
24.840555555555557,1.0551600000000052,33.45017743885728,6.457595957133025,1.0950394596756057,0.0,0.0625842862905828,947.043325049427,35.29528922638483,6.813796950128516,1.155441836271318,0.0,0.06603643552237166,999.2822348591585
24.840555555555557,1.0552600000000054,33.447007587120375,6.456984013540247,1.0949356900397174,0.0,0.06257835559233871,947.0483434027191,35.29528922638483,6.813796950128516,1.155441836271318,0.0,0.06603643552237168,999.3822348591584
24.9,1.0574000000000048,33.86061327854744,6.468921799302722,1.1021803856859405,0.0,0.055738064017036744,946.6212170031716,35.804212480736226,6.8402379105827285,1.1654455398243189,0.0,0.05893742889161492,1000.9572748591582
24.986666666666668,1.0605200000000046,34.472856629132345,6.455540008079657,1.1129102167909213,0.0,0.04692834175728926,946.0015792810641,36.559153912327595,6.846229289368669,1.180263543111113,0.0,0.04976844500044063,1003.2535948591585
24.986666666666668,1.0624200000000046,34.41120640832009,6.443995114332033,1.1109199216045518,0.0,0.046844416521187864,946.0981484339095,36.559153912327595,6.846229289368669,1.180263543111113,0.0,0.04976844500044063,1005.1535948591586
24.990833333333335,1.0625700000000058,34.440875099504616,6.442432094898399,1.111439605859692,0.0,0.046454706114571524,946.0684894728383,36.59584065448082,6.845535071076228,1.1809823819983394,0.0,0.04936137707616053,1005.2639948591593
24.990833333333335,1.0626700000000058,34.43763412393369,6.441825845348218,1.111335016513436,0.0,0.04645033460637852,946.0735645676963,36.59584065448082,6.845535071076228,1.1809823819983394,0.0,0.04936137707616053,1005.3639948591593
25.0,1.0630000000000048,34.50299063333783,6.43808850537204,1.1124796704144648,0.0,0.04560307585478651,946.0083488797325,36.67667904323829,6.8436880812105105,1.1825658896505815,0.0,0.048476069633638284,1005.6068748591603
25.1,1.066600000000005,35.224127428879775,6.370467770713143,1.1250890456756146,0.0,0.0372022641905311,945.2995264008583,37.57005431564335,6.79474092424267,1.200019976117616,0.0,0.039679934985620655,1008.2564748591602
25.170277777777777,1.0691300000000052,35.739981398033805,6.2933169579599895,1.1340709721752043,0.0,0.032144428957344824,944.8042378935727,38.210686312080064,6.728373959263796,1.212469298481682,0.0,0.03436657333116624,1010.1185548591602
25.170277777777777,1.0710300000000053,35.67657891196314,6.282152656100916,1.1320591379155358,0.0,0.0320874049570657,944.9021548034652,38.210686312080064,6.728373959263796,1.2124692984816823,0.0,0.03436657333116624,1012.0185548591603
25.174444444444443,1.0711800000000054,35.7073543985778,6.276817862846938,1.1325934967797702,0.0,0.03180859011009473,944.8729017150757,38.24900388466876,6.723601758324416,1.2132115018805603,0.0,0.03407272555413145,1012.1289548591599
25.174444444444443,1.0712800000000053,35.70402124997066,6.276231945265834,1.1324877733930943,0.0,0.03180562089662019,944.8780476244817,38.24900388466876,6.723601758324416,1.2132115018805603,0.0,0.03407272555413145,1012.2289548591599
25.2,1.0722000000000051,35.89334758790127,6.241619784104834,1.135771012381437,0.0,0.03014229710105442,944.6988200514405,38.484847283747925,6.692264732517235,1.2177736794753826,0.0,0.032318570951750704,1012.9060748591594
25.3,1.0758000000000056,36.64394356609643,6.074693071226146,1.148706063938055,0.0,0.02435119102207702,944.0004414009617,39.42155448840675,6.5351548060251226,1.2357779835845661,0.0,0.026197011301550593,1015.5556748591599
25.333055555555557,1.0769900000000054,36.89550994399223,6.008422436192152,1.153006027109129,0.0,0.022667893748615713,943.7706151952707,39.7360952545804,6.471010879554619,1.241775961136267,0.0,0.02441309488832176,1016.4315148591598
25.333055555555557,1.0788900000000055,36.83053439607392,5.99784118821621,1.15097550365307,0.0,0.022627974018038576,943.8696390356336,39.7360952545804,6.471010879554619,1.241775961136267,0.0,0.024413094888321763,1018.3315148591598
25.337222222222223,1.0790400000000053,36.8623197304718,5.989112958097156,1.1515172147629895,0.0,0.022424060294727054,943.8407425666846,39.775917481968484,6.462492446305187,1.2425331354178626,0.0,0.024196458020422397,1018.4419148591603
25.337222222222223,1.0791400000000053,36.858903832652196,5.988557968665006,1.1514105078283232,0.0,0.022421982338178808,943.8459466419142,39.775917481968484,6.462492446305187,1.2425331354178628,0.0,0.024196458020422397,1018.5419148591603
25.4,1.0814000000000061,37.34111021331723,5.846401994014952,1.1595838582571008,0.0,0.01954282628182583,943.4115728307338,40.38067658468149,6.322299116327806,1.253973984319236,0.0,0.021133612341166574,1020.2052748591615
25.475,1.0841000000000065,37.92549392741836,5.650226640284251,1.16935966671633,0.0,0.016540610921132907,942.8950049434139,41.115027966714486,6.125410700732193,1.267702814687181,0.0,0.01793167629960029,1022.192474859161
25.475,1.0860000000000065,37.859141774138344,5.640341345057235,1.167313825678797,0.0,0.016511672467403486,942.9949123933287,41.115027966714486,6.125410700732193,1.267702814687181,0.0,0.01793167629960029,1024.092474859161
25.479166666666668,1.0861500000000064,37.89182597181927,5.6286214533685754,1.167855653590719,0.0,0.016358286440220287,942.9663258842286,41.15620677929175,6.113527191576314,1.2684664181475669,0.0,0.01776755281704537,1024.202874859161
25.479166666666668,1.0862500000000064,37.88833765642486,5.628103283384376,1.1677481409873964,0.0,0.016356780499005998,942.9715763950793,41.15620677929175,6.113527191576314,1.2684664181475669,0.0,0.01776755281704537,1024.302874859161
25.5,1.0870000000000075,38.05216941924191,5.5681749069193005,1.1704556813104332,0.0,0.015609049621103946,942.828771719553,41.362708158716245,6.052606123821321,1.2722853255844495,0.0,0.016967036938140105,1024.854874859161
25.5,1.0790000000000075,38.05216941924191,5.568174906919299,1.170455681310433,0.0,0.01560904962110395,942.8287717195528,41.05829080336231,6.008060724565965,1.262921680133966,0.0,0.016842164541171278,1017.3122446854046
25.6,1.082600000000008,38.84751362979092,5.263968975768515,1.1833728143693354,0.0,0.012430852141000997,942.1409982314763,42.056318255611956,5.698772813167037,1.281119408836252,0.0,0.013457640527847778,1019.9618446854038
25.633333333333333,1.0838000000000076,39.116293618034696,5.151061948609884,1.1876466595910513,0.0,0.011509451458996171,941.9127557532722,42.394239023226305,5.582720939903432,1.2871714496647904,0.0,0.012473943491260138,1020.8450446854036
25.633333333333333,1.0857000000000077,39.047839203487165,5.142047471588277,1.1855682505892802,0.0,0.011489309653919177,942.0144097682568,42.39423902322631,5.582720939903432,1.2871714496647904,0.0,0.012473943491260138,1022.7450446854036
25.6375,1.0858500000000075,39.081516273580235,5.127556676584228,1.1860998893907548,0.0,0.011378977721885047,941.9859508084877,42.43666444566739,5.567757417269022,1.28792656489496,0.0,0.012355862959308964,1022.8554446854034
25.6375,1.0859500000000075,39.077917441564615,5.127084504138297,1.1859906670610534,0.0,0.01137792988563827,941.991293047927,42.43666444566739,5.567757417269022,1.28792656489496,0.0,0.012355862959308966,1022.9554446854034
25.67527777777778,1.0873100000000075,39.38455069051643,4.991602368304202,1.1907907845291432,0.0,0.01042069580907989,941.7336405306647,42.823215811305715,5.427419171080879,1.2947587279263917,0.0,0.011330526760170734,1023.9564046854042
25.67527777777778,1.0875100000000075,39.37730762136019,4.9906843809076165,1.190571790536531,0.0,0.010418779376898286,941.7443560844472,42.823215811305715,5.427419171080879,1.2947587279263917,0.0,0.011330526760170734,1024.1564046854041
25.7,1.0884000000000076,39.57922972884106,4.898027848849428,1.1936903062452162,0.0,0.009832736287694635,941.5761160284796,43.078033636870906,5.331013510687755,1.2992125293173022,0.0,0.010701950175526916,1024.8114446854045
25.8,1.0920000000000076,40.40646323156626,4.4907853220036005,1.2060567780001716,0.0,0.00775519254971426,940.8983925690446,44.12385784887067,4.903937571627966,1.3170140015761966,0.0,0.008468670264288032,1027.461044685404
25.83388888888889,1.0932200000000076,40.690630869438905,4.340964261665206,1.2101278484621258,0.0,0.00714749629645473,940.6697322454737,44.48381147908831,4.74562895013767,1.3229359664957743,0.0,0.007813785901210294,1028.3589646854039
25.83388888888889,1.0951200000000076,40.62003385847031,4.333432820273246,1.2080283133316578,0.0,0.007135095607066112,940.7726684613529,44.48381147908831,4.74562895013767,1.3229359664957743,0.0,0.007813785901210294,1030.258964685404
25.838055555555556,1.0952700000000082,40.655054786280445,4.314635428533552,1.2085226313442738,0.0,0.007063702488553027,940.7446243258705,44.52826185576972,4.725690745809978,1.3236585824324527,0.0,0.0077366614246375314,1030.369364685404
25.838055555555556,1.0953700000000082,40.65134325001541,4.314241530998606,1.2084123012611654,0.0,0.0070630576194687395,940.7500339477949,44.52826185576971,4.725690745809978,1.3236585824324527,0.0,0.0077366614246375314,1030.469364685404
25.9,1.0976000000000083,41.175411389435425,4.024200896693766,1.2156005119767228,0.0,0.00607590259606566,940.3340421696395,45.19413154104466,4.41696290421111,1.334243121945661,0.0,0.006668910689441718,1032.110644685404
26.0,1.1012000000000082,42.03512650398615,3.514253239955458,1.226368798068402,0.0,0.004744972346826865,939.6660413053005,46.289081306189885,3.8698956678389784,1.3504773204329341,0.0,0.005225163548325782,1034.7602446854046
26.0,1.1012000000000082,42.03512650398615,3.514253239955458,1.226368798068402,0.0,0.004744972346826864,939.6660413053005,46.289081306189885,3.8698956678389784,1.3504773204329341,0.0,0.005225163548325781,1034.7602446854046
26.004722222222224,1.1012236111111202,42.08172796899554,3.4096335303270493,1.2270007155806437,0.0,0.004689907755635476,939.6616745431978,46.34139243581309,3.7547689488323104,1.3512021588476453,0.0,0.005164637154438948,1034.7776224631823
26.004722222222224,1.1031236111111202,42.00924716780902,3.4037608396853396,1.224887351913942,0.0,0.004681829944004981,939.7656001751153,46.34139243581309,3.7547689488323104,1.3512021588476453,0.0,0.005164637154438948,1036.6776224631824
26.00888888888889,1.103144444444454,42.05032561657554,3.311547924391028,1.2254294195421758,0.0,0.0046338881514814915,939.7617519785417,46.387583091005624,3.6531156953035255,1.3518256562267432,0.0,0.005111847970483788,1036.6929557965152
26.00888888888889,1.103244444444454,42.04651410174505,3.3112477599133308,1.2253183444829978,0.0,0.004633468127780052,939.7672120783704,46.387583091005624,3.6531156953035255,1.3518256562267432,0.0,0.005111847970483788,1036.7929557965151
26.1,1.1037000000000103,42.94910859287373,1.2889057144719338,1.230932301998254,0.0,0.003690158489529344,939.6831065374606,47.40293115395518,1.4225652370626867,1.3585799817154858,0.0,0.004072827924893575,1037.1282446854052
26.17527777777778,1.104076388888898,43.57688771617373,0.006097831256077521,1.1053215895339077,0.0,0.003046347442429103,939.6136692603629,48.11221282869006,0.006732471513263922,1.2203594691335335,0.0,0.0033634002835380536,1037.4052669076289
26.17527777777778,1.104476388888898,43.56110579882192,0.006095622849879825,1.1049212834338757,0.0,0.003045244169430938,939.6355389286862,48.11221282869006,0.006732471513263922,1.2203594691335335,0.0,0.0033634002835380536,1037.8052669076287
26.2,1.1046000000000067,43.629496553370615,0.005792152029748318,0.9483809392480073,0.0,0.00285815506688655,939.6127509373518,48.193141892853475,0.006398011132060031,1.0475815854933552,0.0,0.0031571180868829028,1037.8962446854052
26.3,1.1051000000000077,43.8555137855745,0.0057556400322849545,0.43962022391776545,0.0,0.0022094380006202783,939.5206268078881,48.46472828443872,0.006360557799678148,0.48582430945152605,0.0,0.002441649934485487,1038.2642446854045
26.4,1.1056000000000075,43.99112486078031,0.00573266688521692,0.15586841235338111,0.0,0.0017059989521535468,939.4285860034362,48.636587646079036,0.006338036508295869,0.1723281166978993,0.0,0.001886152441500974,1038.632244685406
26.5,1.1061000000000083,44.05728430546899,0.005720018800307404,0.04512150154343376,0.0,0.0013164285453011542,939.336628410992,48.731762170279616,0.006326912795020068,0.04990889285719245,0.0,0.0014561016139576174,1039.0002446854062
