time_h,state_glucose,state_acetate,state_oxygen,state_biomass,derivative_glucose,derivative_acetate,derivative_oxygen,derivative_biomass,flux_v1,flux_v2,flux_v3,flux_v4,growth_rate_per_h
0,10.800000000000001,0.40000000000000002,0.20999999999999999,0.001,-0.0099861303744799151,-0.0015337562096001548,-0.015000000000000029,0.0010945145233117388,0.038898204656356954,1.055616318655382,0,0,1.0945145233117388
0.01,10.799899590152437,0.39998457818670735,0.20985468064087237,0.0010110052675662397,-0.010096030742446008,-0.0015506358782518077,-0.014075188677709174,0.0011065599903886945,0.038898209681193008,1.0556163050432092,0,0,1.0945145147244022
0.02,10.799798075338142,0.3999689866608358,0.2097182667053924,0.0010221316433748485,-0.010207138131345724,-0.0015677009389025991,-0.01321871954925922,0.0011187377513311532,0.038898214761419754,1.0556162912809803,0,0,1.0945145060424002
0.029999999999999999,10.799695443310247,0.39995322354132967,0.20959009299241427,0.001033380469727838,-0.010319471693963887,-0.0015849543334193932,-0.012426332665296016,0.0011310499053562508,0.038898219897653658,1.055616277367035,0,0,1.0945144972646887
0.040000000000000001,10.79959168178191,0.39993728694099484,0.20946954570424625,0.0010447530933069674,-0.010433040807940623,-0.0016023975022800502,-0.011692677761319735,0.0011434974802904071,0.03889822509051262,1.0556162632996962,0,0,1.0945144883902087
0.050000000000000003,10.799486778332517,0.3999211749520874,0.20935605576479047,0.0010562508754572322,-0.010547858522914701,-0.0016200324499418984,-0.011014103945564475,0.0011560819064238793,0.038898230340621599,1.0556162490772638,0,0,1.0945144794178854
0.059999999999999998,10.799380720400535,0.39990488564522014,0.20924909379022449,0.001067875192967198,-0.010663939745700568,-0.0016378614661373824,-0.010386421379656627,0.0011688048176006847,0.038898235648612778,1.0556162346980318,0,0,1.0945144703466445
0.070000000000000007,10.799273495277541,0.39988841706843997,0.20914817056928794,0.0010796274387274375,-0.010781299077567617,-0.0016558867936712731,-0.0098057577139404797,0.0011816678141760603,0.038898241015125221,1.0556162201602624,0,0,1.0945144611753876
0.080000000000000002,10.799165090112339,0.39987176724786638,0.20905283313579809,0.0010915090212748138,-0.010899950390265275,-0.0016741105632979479,-0.0092687708884350087,0.0011946724165472098,0.03889824644080575,1.055616205462216,0,0,1.0945144519030219
0.089999999999999997,10.799055491917743,0.39985493418872814,0.20896265944018541,0.0011035213640527065,-0.011019907221111128,-0.0016925348544046626,-0.0087725497255415705,0.0012078201084563915,0.038898251926308046,1.0556161906021038,0,0,1.0945144425284119
0.10000000000000001,10.79894468756885,0.39983791587510142,0.2088772557945216,0.0011156659055979274,-0.011141183706490553,-0.0017111618383978192,-0.0083142769662674261,0.0012211124393060038,0.038898257472292766,1.0556161755781559,0,0,1.0945144330504486
0.11,10.798832663794828,0.39982071026864685,0.20879625698261339,0.0011279441004418288,-0.011263794816552495,-0.0017299938147540288,-0.007891095635600396,0.0012345510498821685,0.038898263079427474,1.0556161603885479,0,0,1.0945144234679753
0.12,10.798719407173387,0.39980331530775937,0.2087193255342433,0.0011403574197169227,-0.011387755711812499,-0.001749033112196667,-0.0075003940647831941,0.0012481376018360667,0.038898268748388476,1.0556161450314541,0,0,1.0945144137798426
0.13,10.79860490413251,0.39978572890783709,0.20864614880899074,0.0011529073509649115,-0.011513081015554261,-0.001768281976930402,-0.0071398255122733728,0.0012618736979362521,0.038898274479858316,1.0556161295050284,0,0,1.0945144039848866
0.14000000000000001,10.798489140955633,0.39976794896207263,0.2085764361211756,0.0011655953975722802,-0.011639785484715748,-0.0017877426756933339,-0.0068072649749495763,0.0012757609556003945,0.038898280274528012,1.0556161138073956,0,0,1.0945143940819235
0.14999999999999999,10.798372103775939,0.39974997334058143,0.20850991709583172,0.0011784230793919217,-0.011767884255608849,-0.0018074175335008669,-0.0065007848865157513,0.0012898010338271077,0.038898286133095629,1.0556160979366629,0,0,1.0945143840697584
0.16,10.798253778571574,0.39973179988966329,0.20844633977063795,0.0011913919332704093,-0.011897392850939973,-0.0018273089347229828,-0.0062185593627374879,0.0013039956339654089,0.038898292056267214,1.0556160818909162,0,0,1.0945143739471834
0.17000000000000001,10.798134151169521,0.39971342643239799,0.20838547149396669,0.0012045035126226119,-0.012028326338899151,-0.001847419193913151,-0.0059586587559106608,0.0013183464075475417,0.03889829804475637,1.0556160656682312,0,0,1.0945143637129875
0.17999999999999999,10.798013207240396,0.39969485076784733,0.20832709650630091,0.0012177593880011589,-0.012160700937261374,-0.0018677508022163715,-0.0057196649421998062,0.0013328551321049663,0.038898304099284985,1.0556160492666429,0,0,1.0945143533659278
0.19,10.797890932294345,0.39967607067042366,0.20827101342943227,0.0012311611475473063,-0.012294532486560881,-0.0018883061928342019,-0.005500111384858699,0.0013475235438221585,0.038898310220583002,1.0556160326841764,0,0,1.0945143429047595
0.20000000000000001,10.797767311681305,0.39965708388993099,0.20821703450011403,0.0012447103969611282,-0.012429836878334497,-0.0019090878068010911,-0.0052985350663662875,0.0013623533844736421,0.038898316409387984,1.0556160159188421,0,0,1.09451433232823
0.20999999999999999,10.797642330594083,0.39963788815203516,0.20816498751710927,0.0012584087591661485,-0.012566630196227958,-0.0019300981146651379,-0.0051136009827016061,0.0013773464168899423,0.038898322666446036,1.0556159989686031,0,0,1.0945143216350492
0.22,10.797515974059882,0.39961848115696641,0.20811471103011223,0.0012722578752353711,-0.012704928884202455,-0.0019513396423272678,-0.0049441713307850129,0.0013925044433937268,0.038898328992511742,1.0556159818314295,0,0,1.0945143108239412
0.23000000000000001,10.797388226940367,0.39959886057952582,0.20806605463196842,0.0012862594043862459,-0.012844749985339604,-0.0019728150077302021,-0.0047893840270512014,0.0014078293319739381,0.038898335388347978,1.0556159645052463,0,0,1.0945142998935944
0.23999999999999999,10.797259073931823,0.39957902406911266,0.2080188790062551,0.0013004150239612831,-0.01298610953123191,-0.0019945266734245773,-0.0046478727453552904,0.0014233228397558197,0.038898341854725071,1.0556159469879733,0,0,1.0945142888426984
0.25,10.797128499563469,0.39955896924946177,0.20797305533633895,0.0013147264296156644,-0.013129024951122496,-0.0020164773166773558,-0.0045189099837951484,0.0014389868770533158,0.038898348392423641,1.0556159292774887,0,0,1.0945142776699124
0.26000000000000001,10.796996488190754,0.39953869371761586,0.20792846241240459,0.0013291953360500767,-0.013273513086327364,-0.0020386695244349008,-0.004401508034035574,0.0014548232897409713,0.038898355002231676,1.0556159113716621,0,0,1.0945142663738938
0.27000000000000002,10.796863024002452,0.39951819504501657,0.20788498963859445,0.0013438234762324826,-0.013419591248108043,-0.00206110595583974,-0.0042948494295321268,0.001470833975201441,0.038898361684946155,1.0556158932683359,0,0,1.094514254953282
0.28000000000000003,10.796728091006713,0.39949747077535885,0.207842531877697,0.0013586126029288582,-0.013567277336570586,-0.0020837893604962474,-0.0041983263040249724,0.0014870208953573424,0.038898368441373392,1.0556158749653219,0,0,1.0945142434066952
0.28999999999999998,10.796591673041474,0.39947651842619242,0.20780099312695166,0.0013735644875609114,-0.013716588060212703,-0.0021067223049502787,-0.0041109211702827081,0.0015033858815258463,0.038898375272328194,1.0556158564604108,0,0,1.094514231732739
0.29999999999999999,10.796453753764418,0.39945533548737761,0.20776028342326347,0.0013886809213072043,-0.013867542783121837,-0.0021299077637111676,-0.0040324342317792318,0.0015199310560883757,0.038898382178634415,1.0556158377513776,0,0,1.094514219930012
0.31,10.796314316650083,0.39943391942064288,0.20772031800186425,0.0014039637154192092,-0.014020158284416329,-0.0021533483141758267,-0.0039618966437253373,0.0015366582581024821,0.038898389161125382,1.0556158188359588,0,0,1.0945142079970842
0.32000000000000001,10.79617334500097,0.39941226766129034,0.20768102057252033,0.0014194147000045696,-0.014174453226362597,-0.0021770468230391683,-0.0038988587069799653,0.0015535695330269974,0.038898396220643706,1.055615799711878,0,0,1.0945141959325217
0.33000000000000002,10.796030821925839,0.3993903776148614,0.20764231753265769,0.0014350357264056226,-0.014330446454323197,-0.0022010061851261845,-0.0038428891949704351,0.0015706669463889423,0.038898403358040116,1.055615780376824,0,0,1.0945141837348642
0.34000000000000002,10.795886730348753,0.3993682466585261,0.20760414088879914,0.0014508286662086307,-0.014488156683594284,-0.0022252292752826491,-0.0037934950465693647,0.0015879525494595459,0.03889841057417727,1.0556157608284686,0,0,1.0945141714026458
0.35000000000000003,10.795741053008429,0.39934587214098427,0.2075664275846443,0.0014667954113138585,-0.014647602208388634,-0.0022497189036643868,-0.0037501397680984459,0.0016054283473574253,0.038898417869924977,1.055615741064444,0,0,1.094514158934369
0.35999999999999999,10.795593772453385,0.39932325138171793,0.20752911892515327,0.0014829378744693176,-0.014808802873531023,-0.0022744781186465621,-0.0037125039882393717,0.0016230965151552447,0.038898425246164277,1.0556157210823696,0,0,1.0945141463285339
0.37,10.795444871038637,0.39930038167048754,0.20749216002840959,0.0014992579896297758,-0.014971777279668605,-0.0022995097774631199,-0.0036801175617904025,0.0016409590915582306,0.0388984327037852,1.0556157008798408,0,0,1.0945141335836259
0.38,10.79529433092998,0.39927726026798593,0.20745550024321827,0.0015157577114904488,-0.015136545199700351,-0.0023248169174412843,-0.0036526558013974747,0.0016590182437557057,0.038898440243687729,1.0556156804544035,0,0,1.0945141206980913
0.39000000000000001,10.795142134090753,0.39925388440380544,0.20741909162965769,0.0015324390169374569,-0.015303126507745776,-0.0023504025914589223,-0.0036298064292650204,0.001677276150031225,0.038898447866782176,1.0556156598036077,0,0,1.0945141076703899
0.40000000000000002,10.794988262288411,0.39923025127745027,0.20738288968537569,0.0015493039043251112,-0.01547154113337142,-0.0023762698609164673,-0.0036112702659028178,0.0016957349947456992,0.038898455573988813,1.0556156389249518,0,0,1.0945140944989407
0.41000000000000003,10.794832697090586,0.39920635805772947,0.20734685288749424,0.0015663543939094648,-0.015641809219482151,-0.0024024218199864607,-0.0035967559864965998,0.0017143969856428017,0.038898463366238117,1.0556156178159171,0,0,1.0945140811821552
0.41999999999999998,10.794675419859161,0.39918220188184589,0.20731094215173609,0.0015835925284978368,-0.015813951022201053,-0.0024288615802375729,-0.003585991625582412,0.0017332643428754966,0.0388984712444711,1.0556155964739553,0,0,1.0945140677184264
0.42999999999999999,10.794516411753914,0.39915777985595702,0.20727512119703295,0.0016010203730490499,-0.015987987471248671,-0.0024555923567291852,-0.0035787642503351948,0.0017523393604262246,0.038898479209638993,1.0556155748964891,0,0,1.094514054106128
0.44,10.794355653727097,0.39913308905434181,0.2072393560315825,0.0016186400152675871,-0.016163939102238543,-0.002482617303969226,-0.0035748199365605599,0.0017716242890813934,0.038898487262703944,1.055615553080913,0,0,1.0945140403436169
0.45000000000000001,10.794193126518767,0.39910812651868433,0.20720361462700843,0.0016364535661147768,-0.016341826994044715,-0.002509939659931089,-0.0035739539491947557,0.0017911214391713292,0.038898495404637787,1.0556155310245856,0,0,1.0945140264292235
0.46000000000000002,10.794028810660526,0.39908288925864599,0.20716786722674949,0.0016544631594005901,-0.016521672775683439,-0.0025375627471119727,-0.0035759972505129017,0.0018108331813245662,0.0388985036364249,1.0556155087248553,0,0,1.0945140123612802
0.47000000000000003,10.793862686467952,0.39905737425070531,0.20713208577004902,0.0016726709526109845,-0.016703497539188789,-0.0025654898055075337,-0.0035807407258655879,0.0018307618273138402,0.038898511959058954,1.0556154861790179,0,0,1.0945139981380769
0.47999999999999998,10.793694734040692,0.39903157843817016,0.20709624396053547,0.0016910791268997228,-0.016887323203791934,-0.0025937242022026105,-0.0035880317663227216,0.0018509097795766003,0.038898520373545457,1.0556154633843575,0,0,1.094513983757903
0.48999999999999999,10.793524933260189,0.39900549873083019,0.20706031712106554,0.0017096898873359826,-0.017073172006885896,-0.0026222693531649313,-0.0035977284104172528,0.0018712794754223664,0.038898528880901527,1.0556154403381131,0,0,1.0945139692190147
0.5,10.793353263782349,0.39897913200382856,0.20702428181513435,0.0017285054637093378,-0.017261066382684674,-0.0026511287046012385,-0.0036097029911024833,0.0018918733737331623,0.038898537482154355,1.0556154170375056,0,0,1.09451395451966
0.51000000000000001,10.793179705042832,0.39895247509847676,0.20698811615151816,0.0017475281099484019,-0.01745102815009095,-0.0026803056081849156,-0.0036237821623638588,0.0019126938659500289,0.038898546178343915,1.055615393479717,0,0,1.094513939658061
0.52000000000000002,10.793004236250486,0.39892552482124433,0.20695179945823006,0.001766760104841555,-0.017643080774041833,-0.0027098036684825803,-0.0036398859086412614,0.001933743523927152,0.038898554970520548,1.0556153696619024,0,0,1.0945139246324229
0.53000000000000003,10.792826836381545,0.39889827794286664,0.20691531208098488,0.001786203752673693,-0.01783724727244302,-0.002739626421381338,-0.0036578998071144365,0.0019550248705219992,0.038898563859747763,1.0556153455811814,0,0,1.0945139094409291
0.54000000000000004,10.792647484184956,0.39887073119916588,0.20687863561579703,0.0018058613826400836,-0.018033550154051267,-0.0027697773245462329,-0.0036776848875001117,0.0019765403727869729,0.03889857284709948,1.0556153212346389,0,0,1.0945138940817383
0.55000000000000004,10.79246615817755,0.39884288129030832,0.20684175273923885,0.0018257353493766433,-0.018232013541818252,-0.0028002600836432509,-0.0036991723567873658,0.0019982926746978445,0.038898581933662468,1.0556152966193353,0,0,1.0945138785529978
0.56000000000000005,10.792282836633394,0.39881472487916508,0.20680464679834082,0.001845828034129105,-0.018432661376768598,-0.0028310783763897326,-0.0037222795932223395,0.0020202844002903762,0.038898591120535113,1.0556152717322975,0,0,1.0945138628528326
0.57000000000000006,10.792097497592103,0.39878625859259548,0.20676730216100561,0.0018661418438375107,-0.018635516873500575,-0.0028622357689006496,-0.0037468942062106572,0.0020425180939806832,0.03889860040882847,1.0556152465705095,0,0,1.0945138469793381
0.57999999999999996,10.791910118854986,0.39875747902084796,0.20672970409088867,0.0018866792115636876,-0.018840604907332421,-0.0028937360824389177,-0.0037729631234686397,0.0020649964822075824,0.03889860979966512,1.0556152211309389,0,0,1.0945138309306039
0.58999999999999997,10.791720677969964,0.39872838271524874,0.20669183826798265,0.0019074425981399626,-0.019047950430936465,-0.0029255831501548216,-0.0038004299990175199,0.0020877222998883392,0.03889861929418121,1.0556151954105011,0,0,1.0945138147046822
0.59999999999999998,10.791529152242463,0.39869896618987138,0.20665369117178128,0.001928434490978279,-0.019257577320516431,-0.0029577806398189024,-0.0038291993879156039,0.0021106981639543456,0.038898628893525224,1.0556151694060871,0,0,1.0945137982996123
0.60999999999999999,10.791335518734593,0.3986692259214128,0.2066152501002203,0.0019496574041583815,-0.019469511175027057,-0.002990332483879081,-0.0038592287095920294,0.0021339268801585719,0.038898638598857858,1.0556151431145473,0,0,1.0945137817134052
0.62,10.791139754243664,0.39863915834589136,0.20657650255762228,0.0019711138807837082,-0.019683777994391156,-0.0030232426763896906,-0.0038904799788857681,0.0021574112982020474,0.038898648411353709,1.0556151165327132,0,0,1.0945137649440668
0.63,10.790941835316247,0.39860875986080763,0.20653743669367455,0.0019928064914394041,-0.019900402372212408,-0.0030565149953511346,-0.0039228738408139154,0.0021811541136468379,0.038898658332199965,1.0556150896573528,0,0,1.0945137479895528
0.64000000000000001,10.790741738251219,0.39857802682561227,0.20649804141908454,0.0020147378338591163,-0.020119409936338716,-0.0030901533776623229,-0.0039563572289428714,0.0022051581354130415,0.038898668362596631,1.0556150624852243,0,0,1.094513730847821
0.65000000000000002,10.790539439070775,0.39854695555725234,0.20645830568801116,0.0020369105361017488,-0.020340829648283393,-0.0031241622723909897,-0.0039909535255160875,0.0022294265378059999,0.038898678503757507,1.0556150350130404,0,0,1.0945137135167979
0.66000000000000003,10.790334913536533,0.39851554233264508,0.20641821893706486,0.0020593272547868458,-0.020564685101276375,-0.0031585453038612968,-0.00402655454866707,0.0022539619067425808,0.038898688756910459,1.0556150072374699,0,0,1.0945136959943804
0.67000000000000004,10.790128137158714,0.39848378339008911,0.20637777132194673,0.0020819906740877484,-0.020791003047217718,-0.0031933065816805877,-0.0040631257109884425,0.0022787671743445905,0.038898699123296326,1.055614979155159,0,0,1.0945136782784552
0.68000000000000005,10.78991908516036,0.39845167492376532,0.20633695295550636,0.0021049035096546722,-0.021019813787814839,-0.0032284507608273476,-0.0041007004436760868,0.0023038456618091245,0.038898709604169655,1.0556149507626957,0,0,1.0945136603668655
0.69000000000000006,10.789707732489239,0.39841921308556849,0.20629575420596549,0.0021280685073080518,-0.021251141746617467,-0.0032639815932110688,-0.0041391888540880531,0.0023292000460604402,0.038898720200800069,1.055614922056658,0,0,1.094513642257458
0.70000000000000007,10.78949405384154,0.39838639398874592,0.20625416619921025,0.002151488440442472,-0.021485014091933548,-0.0032999032524320638,-0.0041785550707872376,0.002354833304861042,0.038898730914470082,1.055614893033554,0,0,1.0945136239480242
0.70999999999999996,10.78927802361528,0.39835321370073767,0.20621217995072438,0.0021751661151345938,-0.021721462531222736,-0.003336220609452877,-0.0042188399339370191,0.0023807489134852855,0.03889874174647686,1.0556148636898863,0,0,1.0945136054363631
0.71999999999999997,10.78905961591569,0.39831966824400783,0.20616978652025628,0.0021991043695503633,-0.021960512508709985,-0.0033729375730155472,-0.0042599711155326923,0.0024069496607287094,0.038898752698133199,1.055614834022083,0,0,1.0945135867202163
0.72999999999999998,10.788838804598358,0.39828575360266866,0.20612697777688563,0.0022233060692185727,-0.022202191412941448,-0.0034100583505795663,-0.004301908822048262,0.0024334385484935266,0.0388987637707651,1.0556148040265632,0,0,1.0945135677973283
0.73999999999999999,10.788615563210003,0.39825146571338454,0.20608374544308136,0.0022477741135206275,-0.022446532416346344,-0.0034475880381907601,-0.0043446992745398818,0.0024602192126218837,0.038898774965713284,1.0556147736996937,0,0,1.094513548665407
0.75,10.788389864983348,0.39821680046458124,0.20604008107385413,0.0022725114362544697,-0.022693562263451553,-0.003485530744385402,-0.0043882883108838141,0.0024872945844290144,0.038898786284335497,1.0556147430377898,0,0,1.0945135293221253
0.76000000000000001,10.788161682905821,0.39818175370700487,0.20599597709465803,0.0022975209981013094,-0.022943308308357124,-0.0035238906713598917,-0.0044326303735708512,0.0025146676620424161,0.038898797728001998,1.0556147120371462,0,0,1.0945135097651482
0.77000000000000002,10.787930989646091,0.39814632124242905,0.20595142577212175,0.0023228057946824603,-0.023195805210291912,-0.0035626731435989172,-0.004477774411494914,0.002542342244264746,0.038898809298099572,1.0556146806940034,0,0,1.094513489992103
0.78000000000000003,10.787697757532978,0.39811049882042243,0.20590641899755285,0.0023483688588653005,-0.023451081416038948,-0.0036018825311870677,-0.0045236857874949837,0.0025703214489869808,0.038898820996032174,1.0556146490045573,0,0,1.0945134700005894
0.79000000000000004,10.787461958657129,0.39807428215396146,0.20586094959736218,0.0023742132496245107,-0.02370916390001809,-0.0036415229780255567,-0.0045703109397513871,0.0025986082327228398,0.038898832823216073,1.0556146169649723,0,0,1.0945134497881883
0.80000000000000004,10.787223564781989,0.39803766690575815,0.20581501025369603,0.0024003420617962957,-0.02397008878479763,-0.0036816000334359547,-0.0046176992265090635,0.0026272065546642026,0.03889884478108472,1.0556145845713638,0,0,1.0945134293524486
0.81000000000000005,10.786982547302035,0.39800064868184193,0.205768593094037,0.0024267584306572271,-0.024233889477065094,-0.0037221188295153539,-0.0046658655853556337,0.0026561200763305605,0.038898856871090445,1.0556145518198023,0,0,1.0945134086908928
0.82000000000000006,10.7867388773745,0.3979632230517946,0.20572169114688185,0.0024534655174877568,-0.02450058399963843,-0.0037630821349998161,-0.00471466028397486,0.0026853507731013698,0.038898869094697232,1.055614518706316,0,0,1.0945133878010131
0.83000000000000007,10.786492525836936,0.39792538553608897,0.20567429748018629,0.0024804665186053216,-0.024770217972939768,-0.0038044969583670104,-0.0047642173322849464,0.0027149036451762304,0.038898881453386991,1.0556144852268912,0,0,1.0945133666802782
0.83999999999999997,10.786243463114975,0.39788713159191391,0.2056264043455964,0.0025077646754770714,-0.025042825035237061,-0.0038463684673268415,-0.0048145405578313124,0.0027447823794577806,0.038898893948661577,1.0556144513774632,0,0,1.0945133453261249
0.84999999999999998,10.785991659395714,0.39784845663981427,0.20557800483848793,0.0025353632557141843,-0.025318421988735833,-0.0038886992431550831,-0.0048654832561731984,0.0027749888175424226,0.03889890658203516,1.0556144171539308,0,0,1.0945133237359659
0.85999999999999999,10.785737084568586,0.39780935605460604,0.20552909235742009,0.0025632655595525088,-0.025597055463769364,-0.003931496449504729,-0.0049171612576264997,0.0028055280703211554,0.038898919355038433,1.0556143825521405,0,0,1.0945133019071789
0.87,10.785479708054639,0.39776982513914755,0.20547965919381997,0.0025914749385660325,-0.025878762892573973,-0.0039747658369780215,-0.0049696018774051534,0.0028364042405333262,0.038898932269225361,1.0556143475678903,0,0,1.0945132798371158
0.88,10.785219499033605,0.39772985915922521,0.20542969841607717,0.0026199947707772181,-0.026163559747047895,-0.0040185097825484427,-0.00502266253741924,0.0028676190239694897,0.038898945326162629,1.0556143121969297,0,0,1.0945132575230923
0.89000000000000001,10.784956426423111,0.39768945334035849,0.20537920368651619,0.0026488284629366064,-0.026451492620815229,-0.0040627354442718221,-0.0050764358345352038,0.0028991775274982293,0.038898958527430229,1.0556142764349805,0,0,1.0945132349624107
0.90000000000000002,10.784690458627736,0.39764860282924785,0.20532816742905569,0.0026779794780274206,-0.026742597926471556,-0.0041074484161390404,-0.005130935884518132,0.0029310837421025718,0.038898971874635389,1.055614240277692,0,0,1.0945132121523273
0.91000000000000003,10.784421563790502,0.39760730273241207,0.20527658268798352,0.0027074513076999793,-0.027036906184313862,-0.0041526533870154788,-0.0051861270500356939,0.0029633410129457369,0.038898985369398273,1.055614203720673,0,0,1.0945131890900712
0.92000000000000004,10.784149709705426,0.39756554810275058,0.20522444252547634,0.0027372474818581844,-0.027334453998135489,-0.004198355980286444,-0.005242023116571507,0.0029959533519674153,0.038898999013356854,1.0556141667594829,0,0,1.0945131657728397
0.93000000000000005,10.783874863796937,0.39752333393638478,0.20517173988995985,0.0027673715709136113,-0.027635276354108406,-0.0042445615708780852,-0.0052986208375951447,0.0030289245938101041,0.038899012808169292,1.0556141293896362,0,0,1.0945131421978054
0.94000000000000006,10.78359699313984,0.39748065517572267,0.20511846776948534,0.0027978271835983151,-0.027939410160530195,-0.0042912758291025399,-0.0053559202855145774,0.0030622587837922299,0.038899026755510678,1.055614091606587,0,0,1.0945131183620977
0.95000000000000007,10.783316064439539,0.39743750670641986,0.2050646191473135,0.0028286179691328914,-0.028246890694121334,-0.0043385041745171056,-0.0054139210238728147,0.0030959597884015724,0.038899040857076642,1.0556140534057523,0,0,1.0945130942628289
0.95999999999999996,10.783032044050302,0.39739388336018833,0.20501018701179971,0.0028597476152231439,-0.028557753924304596,-0.0043862521331382584,-0.0054726229246732996,0.0031300315500502086,0.038899055114579181,1.0556140147824875,0,0,1.0945130698970666
0.96999999999999997,10.782744897952446,0.39734977991128756,0.20495516430895602,0.0028912198505626329,-0.028872039719857176,-0.0044345258301415648,-0.0055320387322891802,0.0031644784385396439,0.038899069529751661,1.0556139757320946,0,0,1.0945130452618463
0.97999999999999998,10.782454591741701,0.39730519107489293,0.20489954390284579,0.0029230384459968304,-0.029189781625388083,-0.0044833304189512025,-0.0055921607943524116,0.0031993041305096851,0.038899084104345616,1.0556139362498342,0,0,1.0945130203541797
0.98999999999999999,10.78216109067518,0.39726011151415846,0.2048433187238306,0.0029552072094851116,-0.029511016958731519,-0.0045326716327730278,-0.005652993627921093,0.0032345127161652293,0.038899098840131721,1.0556138963309138,0,0,1.0945129951710455
1,10.781864359606447,0.39721453583023825,0.20478648160769763,0.0029877299932181212,-0.029835793059082679,-0.0045825567448343893,-0.0057145563214511591,0.0032701093841087585,0.038899113738900766,1.05561385597047,0,0,1.0945129697093707
1.01,10.781564362939763,0.39716845855525751,0.20472902523760056,0.0030206106986311937,-0.03016413875651364,-0.0046329901840175495,-0.0057768385843105525,0.0033060972942392576,0.038899128802466779,1.0556138151635972,0,0,1.0945129439660639
1.02,10.781261064798864,0.39712187417824535,0.20467094241191847,0.0030538532579079906,-0.030496094189269806,-0.0046839781169611744,-0.0058398480750600111,0.0033424808458948053,0.038899144032658893,1.055613773905334,0,0,1.0945129179379929
1.03,10.780954428870491,0.39707477712109318,0.20461222581792976,0.0030874616511276346,-0.030831710817226649,-0.0047355284502329379,-0.0059035993547187785,0.0033792656793301631,0.038899159431329253,1.0556137321906711,0,0,1.0945128916220004
1.04,10.780644418325274,0.39702716172639352,0.20455286799611558,0.0031214399149382564,-0.03117101685566551,-0.0047876455181662088,-0.0059680888128258759,0.003416454887057972,0.038899175000355224,1.0556136900145205,0,0,1.0945128650148757
1.05,10.780330996095527,0.39697902230013338,0.20449286155733637,0.0031557921121075968,-0.031514054249396427,-0.0048403357650513255,-0.0060333235719904699,0.003454053066426723,0.038899190741628141,1.0556136473717521,0,0,1.0945128381133802
1.0600000000000001,10.780014124657976,0.39693035307830149,0.20443219902056922,0.003190522355338927,-0.031860874252294634,-0.0048936070658761972,-0.0060993114302672078,0.0034920658351143474,0.038899206657062993,1.0556136042571809,0,0,1.0945128109142439
1.0700000000000001,10.779693765940511,0.3968811482125596,0.2043708728182515,0.0032256348174898265,-0.032211508689593563,-0.0049474643097048715,-0.0061660556032661819,0.0035304966813039344,0.03889922274860258,1.0556135606655528,0,0,1.0945127834141553
1.0800000000000001,10.779369881627581,0.39683140181717469,0.20430887536830705,0.0032611336981010217,-0.032566000107838326,-0.0050019140333244193,-0.0062335618353288689,0.0035693502682981803,0.038899239018202733,1.0556135165915537,0,0,1.0945127556097565
1.0900000000000001,10.779042432944431,0.39678110793586274,0.20424619902333466,0.0032970232470429404,-0.032924398300093971,-0.0050569638872582116,-0.0063018372566487771,0.0036086320536625992,0.038899255467843868,1.0556134720298367,0,0,1.0945127274976805
1.1000000000000001,10.778711380561024,0.39673026052701849,0.20418283605311341,0.0033333077750485871,-0.033286739155027917,-0.00511261938504445,-0.0063708862053842184,0.0036483459709562944,0.038899272099534081,1.0556134269749473,0,0,1.0945126990744813
1.1100000000000001,10.778376684876232,0.39667885350739557,0.20411877870167094,0.0033699916225632186,-0.033653065539547271,-0.0051688871127161832,-0.0064407144209401787,0.0036884967185958155,0.038899288915296745,1.0556133814214077,0,0,1.0945126703367045
1.1200000000000001,10.778038305825881,0.39662688072260338,0.20405401914873755,0.0034070791807843835,-0.034023419229393149,-0.005225773488603716,-0.0065113274236129797,0.0037290888753992897,0.038899305917179251,1.055613335363681,0,0,1.0945126412808601
1.1300000000000001,10.777696202789189,0.39657433593272812,0.20398854942876116,0.0034445749019167164,-0.034397864852031543,-0.0052832884431543809,-0.0065827455587436903,0.0037701295248727886,0.038899323107257203,1.0556132887961298,0,0,1.094512611903387
1.1400000000000001,10.777350334796768,0.39652121284430053,0.20392236156585003,0.0034824832763733831,-0.034776424313435188,-0.0053414353408829792,-0.0066549614561266564,0.0038116210679870559,0.038899340487625861,1.0556132417130875,0,0,1.0945125822007133
1.1500000000000001,10.777000660413554,0.39646750509230366,0.20385544749782153,0.0035208088456080253,-0.035159150599505855,-0.0054002223230267881,-0.0067279879086441594,0.0038535693122619652,0.038899358060403233,1.0556131941088172,0,0,1.0945125521692205
1.1599999999999999,10.776647137760786,0.39641320624354964,0.20378779907283601,0.0035595561997059334,-0.035546086270788493,-0.0054596559285427036,-0.0068018340968936629,0.0038959789225351425,0.038899375827732112,1.0556131459775073,0,0,1.0945125218052394
1.1699999999999999,10.776289724495342,0.39635830979350573,0.2037194080579342,0.0035987299796481271,-0.035937280191622845,-0.0055197436652114455,-0.0068765075479798529,0.0039388552545780234,0.03889939379177864,1.0556130973132958,0,0,1.0945124911050743
1.1799999999999999,10.775928377812363,0.39630280916669641,0.20365026613361184,0.0036383348770241998,-0.036332777503027595,-0.0055804924685823442,-0.0069520174892342282,0.0039822032560637242,0.038899411954733204,1.0556130481102419,0,0,1.0945124600649752
1.1899999999999999,10.775563054429957,0.39624669771435189,0.20358036491193057,0.003678375635709337,-0.03673262781730674,-0.0056419099614892134,-0.0070283686559834821,0.0040260283647475794,0.038899430318812024,1.0556129983623537,0,0,1.0945124286811656
1.2,10.775193710597588,0.39618996871569856,0.20350969591296,0.0037188570509438315,-0.037136875713908175,-0.0057040029931021852,-0.007105574033415829,0.0040703354667493419,0.038899448886254573,1.0556129480635497,0,0,1.0945123969498043
1.21,10.774820302094485,0.39613261537771316,0.20343825055816153,0.0037597839695091063,-0.037545569984610894,-0.0057667790601014573,-0.0071836413482458256,0.0041151299098886587,0.038899467659326711,1.0556128972077086,0,0,1.0945123648670352
1.22,10.774442784186753,0.39607463082853289,0.20336602020828301,0.0038011612944259181,-0.037958765317740839,-0.0058302465655393938,-0.0072625740810562354,0.0041604176882856702,0.038899486640319302,1.055612845788606,0,0,1.0945123324289254
1.23,10.774061111640316,0.39601600811944215,0.20329299614342755,0.0038429939835384688,-0.038376506008604462,-0.005894412314900328,-0.0073423858432176501,0.0042062036569161044,0.038899505831550642,1.0556127937999775,0,0,1.0945122996315282
1.24,10.773675238741273,0.39595674022800237,0.203219169538049,0.003885287047282198,-0.038798844312793457,-0.0059592843372727978,-0.0074230836183040369,0.0042524935432557906,0.038899525235364794,1.0556127412354679,0,0,1.0945122664708327
1.25,10.773285119256188,0.39589682005194915,0.20314453148701278,0.0039280455530356596,-0.039225831902990678,-0.0060248705722210508,-0.007504676518210433,0.0042992930108918187,0.038899544854130906,1.0556126880886529,0,0,1.0945122329427839
1.26,10.772890706434664,0.39583624040958637,0.20306907299654145,0.003971274624839218,-0.039657520239392847,-0.0060911789264971707,-0.0075871729140953494,0.0043466077001175938,0.038899564690248238,1.0556126343530454,0,0,1.0945121990432936
1.27,10.772491953006764,0.39577499403939154,0.20299278498718135,0.0040149794436772314,-0.040093961988858215,-0.0061582174924216821,-0.0076705817773508721,0.0043944433834868547,0.038899584746140907,1.0556125800220648,0,0,1.0945121647682057
1.28,10.772088811196481,0.39571307360208491,0.2029156582691935,0.0040591652460015525,-0.040535203297470811,-0.006225993360139054,-0.0077549181688931473,0.004442805118837166,0.038899605024261243,1.055612525089078,0,0,1.0945121301133391
1.29,10.77168123273818,0.3956504716831542,0.20283768352356918,0.004103837321931419,-0.040981302073759253,-0.0062945154275487478,-0.0078401875461364262,0.0044916992532406533,0.038899625527086583,1.0556124695473652,0,0,1.0945120950744518
1.3,10.771269168792514,0.39558718077993754,0.20275885136881563,0.0041490010244651584,-0.041432309612065045,-0.0063637915760424756,-0.0079264017691197414,0.0045411314088152762,0.038899646257125227,1.0556124133901421,0,0,1.0945120596472673
1.3100000000000001,10.770852570005891,0.39552319331075553,0.20267915230278383,0.0041946617629672655,-0.041888279178391996,-0.0064338299900438788,-0.0080135716221944563,0.0045911074237852704,0.038899667216912154,1.0556123566105315,0,0,1.0945120238274437
1.3200000000000001,10.770431386471786,0.39545850160897067,0.20259857673365722,0.0042408250074051175,-0.042349271988694183,-0.006504640075962043,-0.0081017000571293185,0.0046416340077414268,0.038899688409010993,1.055612299201597,0,0,1.094511987610608
1.3300000000000001,10.770005567680533,0.39539309791526656,0.20251711502675718,0.0042874962938541789,-0.042815336516776971,-0.0065762292816191172,-0.0081908044746001399,0.0046927164736518456,0.038899709836018419,1.0556122411562963,0,0,1.0945119509923147
1.3400000000000001,10.769575062643066,0.3953269743966692,0.20243475736400898,0.0043346812109344279,-0.043286530579755914,-0.006648606490995362,-0.0082808929423141674,0.0047443611585725335,0.038899731500555812,1.0556121824675313,0,0,1.0945119139680872
1.3500000000000001,10.76913981978262,0.39526012312990078,0.2023514938532755,0.0043823854116801916,-0.043762910557156739,-0.0067217803671023053,-0.0083719758040069706,0.0047965742419903215,0.038899753405275593,1.0556121231281252,0,0,1.0945118765334008
1.3600000000000001,10.768699786960427,0.39519253610532756,0.20226731449205732,0.0044306146107252762,-0.044244529609727794,-0.0067957590784859263,-0.0084640687026039177,0.0048493615506003994,0.038899775552859964,1.0556120631307975,0,0,1.0945118386836574
1.3700000000000001,10.768254911511027,0.39512420523238584,0.20218220911020507,0.0044793745804307368,-0.044731448134443942,-0.0068705519054662566,-0.0085571782825390359,0.0049027297042228994,0.038899797946019332,1.055612002468215,0,0,1.0945118004142342
1.3800000000000001,10.767805140144297,0.39505512232452999,0.20209616749493822,0.0045286711616240021,-0.045223722708342268,-0.0069461675415393685,-0.0086513173095496398,0.0049566849039963702,0.038899820587497018,1.0556119411329399,0,0,1.094511761720437
1.3900000000000001,10.767350419009903,0.39498527910913184,0.20200917929373685,0.0045785102565351742,-0.045721411385887333,-0.0070226149072305163,-0.0087464974262946357,0.0050112335129933946,0.038899843480066074,1.0556118791174687,0,0,1.0945117225975347
1.4000000000000001,10.766890693674403,0.39491466722396457,0.20192123403666903,0.0046288978313056926,-0.04622457273356758,-0.00709990300177573,-0.0088427304725866903,0.005066381950407919,0.038899866626530451,1.0556118164141948,0,0,1.0945116830407253
1.4099999999999999,10.766425908903864,0.39484327818378845,0.20183232127248971,0.0046798399398150095,-0.046733296619450013,-0.0071780456358135668,-0.0089400084577062715,0.0051221400662927402,0.038899890029736504,1.0556117530154172,0,0,1.0945116430451538
1.4199999999999999,10.765956009075603,0.39477110344363875,0.20174243029551661,0.0047313426785515617,-0.047247607622517986,-0.0072570465843425289,-0.0090383663897432159,0.005178510554588304,0.038899913692550914,1.0556116889133664,0,0,1.0945116026059174
1.4299999999999999,10.765480937875168,0.39469813435224799,0.20165155033743556,0.0047834122198260965,-0.047767581524969883,-0.0073369174928631124,-0.00913780650083495,0.0052355017214440192,0.038899937617878286,1.0556116241001761,0,0,1.0945115617180543
1.4399999999999999,10.765000638358201,0.39462436216155738,0.2015596705217462,0.0048360548049890366,-0.048293281524291708,-0.0074176680724748045,-0.0092383397393084998,0.0052931204936423103,0.038899961808655237,1.0556115585678854,0,0,1.0945115203765405
1.45,10.76451505312469,0.39454977805349034,0.20146677974130339,0.0048892767253340798,-0.048824742234727547,-0.0074993036420593013,-0.0093399967995408742,0.0053513706650884707,0.038899986267844369,1.0556114923084727,0,0,1.094511478576317
1.46,10.764024124007273,0.39447437309205707,0.20137286686221267,0.0049430843562597348,-0.049362060765418179,-0.0075818391238516745,-0.0094427669434784013,0.0054102628794681362,0.038900010998447934,1.0556114253138036,0,0,1.0945114363122515
1.47,10.763527792213571,0.39439813824522302,0.20127792062277294,0.0049974841416709796,-0.049905288055485719,-0.0076652823453877044,-0.0095466709924053508,0.0054698027199837898,0.038900036003502017,1.0556113575756498,0,0,1.0945113935791519
1.48,10.763025998338236,0.39432106438676373,0.20118192961990589,0.0050524825926562093,-0.050454487740274112,-0.0077496430852163727,-0.0096517217856532909,0.0055299971614136637,0.038900061286075364,1.0556112890857117,0,0,1.0945113503717869
1.49,10.762518682162966,0.39424314226552343,0.20108488238688643,0.0051080863094095782,-0.051009756751453389,-0.0078349362396045608,-0.0097579199787651994,0.0055908568280246887,0.038900086849279633,1.055611219835541,0,0,1.0945113066848207
1.5,10.762005782875562,0.39416436253908915,0.20098676730661649,0.0051643019572173857,-0.051571125068169271,-0.0079211664141395164,-0.0098652919172951044,0.0056523850056638906,0.038900112696258447,1.0556111498166363,0,0,1.0945112625128948
1.51,10.761487239061001,0.39408471577241233,0.20088757261105727,0.0052211362674407704,-0.052138673592532048,-0.0080083460413669458,-0.0099738451037024237,0.0057145905616581508,0.038900138830188002,1.0556110790203899,0,0,1.0945112178505778
1.52,10.760962988573564,0.39400419241815937,0.2007872864255722,0.0052785960515278636,-0.052712471188048983,-0.0080964857035043785,-0.010083591984096503,0.0057774810438278338,0.03890016525428306,1.0556110074380871,0,0,1.0945111726923702
1.53,10.760432968629198,0.39392278283089882,0.20068589671042616,0.0053366881908928285,-0.053292575211293672,-0.008185594215464314,-0.010194554203060901,0.0058410627387942091,0.03890019197179341,1.0556109350609286,0,0,1.0945111270327221
1.54,10.759897115760182,0.39384047726013904,0.20058339128738914,0.0053954196418830617,-0.053879068547685566,-0.0082756843133871376,-0.01030673522020014,0.0059053447312358764,0.038900218986004424,1.05561086188002,0,0,1.0945110808660243
1.55,10.759355365741916,0.39375726583908094,0.20047975788696767,0.005454797443804337,-0.054472016805805865,-0.0083667660798762405,-0.010420151959735455,0.0059703342122297588,0.03890024630024308,1.0556107878863397,0,0,1.0945110341865827
1.5600000000000001,10.758807653671708,0.39367313859671971,0.20037498408324184,0.0055148287102847601,-0.055071490794924689,-0.0084588503964473614,-0.010534818191107994,0.0060360389428700256,0.038900273917871958,1.0556107130707819,0,0,1.0945109869886538
1.5700000000000001,10.758253913925099,0.39358808545113366,0.20026905732394945,0.0055755206340622442,-0.055677564993701099,-0.0085519487084189105,-0.010650744293867836,0.0061024670864343262,0.038900301842292949,1.055610637424131,0,0,1.0945109392664238
1.5800000000000001,10.757694080145487,0.39350209620788934,0.20016196493285926,0.0056368804881222201,-0.056290308769866779,-0.0086460716760251941,-0.010767947777103732,0.0061696262460223233,0.0389003300769468,1.0556105609370625,0,0,1.0945108910140093
1.5900000000000001,10.757128085270532,0.39341516056409886,0.20005369406805945,0.0056989156228023129,-0.056909796321281479,-0.0087412307016231285,-0.010886441369367176,0.0062375245541393051,0.038900358625312929,1.0556104836001587,0,0,1.0945108422254717
1.6000000000000001,10.756555861493501,0.39332726810247826,0.19994423175821951,0.0057616334700303718,-0.057536101564935278,-0.0088374371445090263,-0.011006239142003181,0.0063061701125082456,0.038900387490909752,1.055610405403882,0,0,1.0945107928947917
1.6100000000000001,10.755977340267908,0.39323840829205786,0.19983356488309612,0.0058250415428151535,-0.05816929784943576,-0.0089347022782944752,-0.011127358497058711,0.0063755709605963131,0.038900416677296989,1.0556103263385896,0,0,1.0945107430158867
1.6200000000000001,10.755392452307795,0.39314857048821406,0.19972168015358505,0.005889147435216277,-0.058809461669780627,-0.0090330378571478673,-0.011249810989814823,0.0064457354826576501,0.038900446188073132,1.0556102463945392,0,0,1.0945106925826122
1.6300000000000001,10.754801127557668,0.39305774392807796,0.19960856416672876,0.005953958825638617,-0.059456668566558089,-0.0091324554907109192,-0.011373612459946825,0.0065166719583920523,0.038900476026878725,1.0556101655618599,0,0,1.0945106415887387
1.6400000000000001,10.75420329520416,0.39296591773230316,0.19949420335763487,0.0060194834755544716,-0.060110995178143181,-0.0092329669569142601,-0.011498777961505937,0.0065883887878124651,0.038900506197395462,1.0556100838305837,0,0,1.0945105900279792
1.6500000000000001,10.753598883651129,0.39287308090124551,0.19937858401467148,0.0060857292322325845,-0.060772530142726058,-0.0093345858775003912,-0.011625318592914574,0.0066608956861728937,0.038900536703346804,1.0556100011906231,0,0,1.0945105378939699
1.6600000000000001,10.75298782038808,0.39277922229474527,0.19926169232326735,0.006152704043160242,-0.061441342531370922,-0.0094373228679075129,-0.011753253061973924,0.0067342002240767078,0.038900567548505675,1.0556099176317564,0,0,1.0945104851802621
1.6699999999999999,10.752370032264993,0.39268433067435204,0.19914351426081658,0.0062204159259204011,-0.062117515601893034,-0.0095411907233984034,-0.011882595319640622,0.0068083115270672345,0.038900598736679864,1.0556098331436661,0,0,1.094510431880346
1.6799999999999999,10.751745445270037,0.39258839466917095,0.19902403567371146,0.0062888729925558258,-0.062801130503085209,-0.0096462019152893357,-0.012013360530220186,0.0068832384895310076,0.038900630271724405,1.0556097477159194,0,0,1.0945103779876437
1.6899999999999999,10.751113984575509,0.39249140278291983,0.19890324225610262,0.0063580834445333646,-0.063492269259999221,-0.0097523690496249069,-0.012145563977665755,0.0069589901018992538,0.038900662157537527,1.0556096613379375,0,0,1.0945103234954752
1.7,10.750475574601507,0.39239334340368298,0.19878111949312002,0.0064280555657662709,-0.06419100420492535,-0.0098597032474499104,-0.012279229176128479,0.0070355742923367348,0.038900694398059217,1.0556095739990654,0,0,1.0945102683971246
1.71,10.749830138865565,0.39229420478086224,0.19865765276834296,0.0064987977390939689,-0.064897431190652596,-0.0099682192348223616,-0.012414362382466043,0.0071130015667469973,0.038900726997278395,1.055609485688489,0,0,1.0945102126857673
1.72,10.749177600073374,0.39219397503907799,0.19853282728624902,0.00657031843633781,-0.065611629499883736,-0.010077929198833725,-0.012550983361317625,0.0071912806150471482,0.038900759959228072,1.055609396395278,0,0,1.0945101563545061
1.73,10.748517880089002,0.39209264217359896,0.1984066280871577,0.0066426262215666596,-0.066333683804405366,-0.010188846152905173,-0.012689108533877809,0.0072704207177817452,0.038900793287986929,1.0556093061083922,0,0,1.0945100993963792
1.74,10.747850899765208,0.39199019402427698,0.19827904007058444,0.0067157297696958974,-0.067063706006657203,-0.010300987293024437,-0.012828750501019441,0.0073504341400756363,0.038900826987688389,1.0556092148166312,0,0,1.0945100418043197
1.75,10.747176579202486,0.39188661831533766,0.198150047953012,0.0067896378380917837,-0.067801753270806772,-0.01041436140801481,-0.012969930450371784,0.0074313271475495444,0.038900861062507355,1.0556091225086845,0,0,1.094509983571192
1.76,10.746494837615963,0.39178190263492896,0.19801963628502914,0.0068643592811642937,-0.068547925717064986,-0.010528983884552557,-0.013112663368997102,0.00751311071396292,0.038900895516667144,1.0556090291731135,0,0,1.0945099246897807
1.77,10.745805593303633,0.39167603443024512,0.19788778945312055,0.0069399030538455937,-0.069302313551550018,-0.010644868586762904,-0.013256966045983209,0.0075957947264598492,0.038900930354441046,1.0556089347983424,0,0,1.0945098651527834
1.78,10.745108763790574,0.39156900102965442,0.19775449164210357,0.0070162781957847581,-0.070064982391874087,-0.010762025606160956,-0.013402861720228414,0.0076793863772979462,0.038900965580144851,1.0556088393726708,0,0,1.0945098049528157
1.79,10.744404265650928,0.39146078961537795,0.19761972687496929,0.0070934938508601794,-0.070836051470947139,-0.010880473261467408,-0.013550360832117058,0.0077638987349672771,0.038901001198147087,1.0556087428842784,0,0,1.0945097440824254
1.8,10.743692014490424,0.39135138722080703,0.19748347901320246,0.0071715592690937404,-0.071615601795394668,-0.011000224006173044,-0.013699483628514281,0.007849340678374046,0.03890103721286816,1.0556086453211757,0,0,1.0945096825340439
1.8100000000000001,10.742971925038368,0.39124078074461477,0.19734573173016123,0.0072504837965685831,-0.072403725142588693,-0.01112129194678353,-0.013850248103112847,0.0079357222669039374,0.038901073628777531,1.0556085466712659,0,0,1.0945096203000435
1.8200000000000001,10.742243910970828,0.3911289569236065,0.19720646853008231,0.0073302768948085052,-0.073200544385241817,-0.01124369596524614,-0.014002669726068642,0.0080230569680883827,0.038901110450401802,1.0556084469222864,0,0,1.0945095573726882
1.8300000000000001,10.741507884984902,0.39101590234411765,0.19706567273863385,0.0074109481326408841,-0.074006122508638597,-0.011367445747000561,-0.014156769635917733,0.0081113516856276199,0.038901147682320864,1.0556083460618229,0,0,1.0945094937441437
1.8400000000000001,10.740763758964173,0.39090160346742731,0.19692332748525215,0.0074925071680575963,-0.074820567614586234,-0.011492557906118693,-0.014312565185218494,0.0082006182681301099,0.038901185329161196,1.0556082440773493,0,0,1.0945094294065105
1.8500000000000001,10.740011443748919,0.3907860465944637,0.19677941572107158,0.0075749637734036264,-0.075643977864155831,-0.011619047530327584,-0.014470074897803451,0.0082908674746763108,0.038901223395604673,1.0556081409561764,0,0,1.0945093643517811
1.8600000000000001,10.739250849215088,0.3906692178779147,0.1966339202027973,0.007658327826722427,-0.076476445730253501,-0.011746928838102858,-0.014629319951285373,0.0083821094410153202,0.038901261886388573,1.0556080366854781,0,0,1.0945092985718667
1.8700000000000001,10.73848188427359,0.39055110332211512,0.19648682348718097,0.0077426093118311366,-0.077318077944531105,-0.011876218229979132,-0.014790316895844641,0.0084743558655032657,0.038901300806301671,1.0556079312522779,0,0,1.0945092320585796
1.8800000000000001,10.737704456780326,0.39043168876927203,0.19633810795809331,0.0078278183281820304,-0.078168972953453708,-0.012006930839969081,-0.014953085883431654,0.0085676175385629785,0.038901340160191769,1.0556078246434406,0,0,1.0945091648036325
1.8900000000000001,10.73691847359955,0.39031095990914855,0.19618775579762304,0.0079139650839196805,-0.07902923248742387,-0.012139082305310623,-0.015117646444694184,0.0086619056105190478,0.038901379952961862,1.0556077168456923,0,0,1.0945090967986542
1.9000000000000001,10.736123840570313,0.39018890227392405,0.19603574899347107,0.0080010598995563648,-0.079898960534379226,-0.0122726886094911,-0.015284017453950754,0.0087572314791174947,0.038901420189571205,1.0556076078455883,0,0,1.0945090280351595
1.9100000000000001,10.735320462488632,0.39006550123545541,0.19588206934222874,0.0080891132099282347,-0.080778259774979003,-0.012407765536832902,-0.01545221960644088,0.0088536063988631456,0.038901460875037479,1.0556074976295411,0,0,1.0945089585045786
1.9199999999999999,10.734508243119951,0.38994074200717477,0.19572669843159488,0.0081781355628301328,-0.081667235509219949,-0.01254432927326341,-0.015622272689652068,0.0089510419113316541,0.038901502014434916,1.055607386183804,0,0,1.094508888198239
1.9299999999999999,10.733687085170386,0.38981460963968545,0.19556961765121503,0.0082681376221641033,-0.082565993696130768,-0.012682396106389389,-0.015794196945569928,0.0090495496303425252,0.038901543612896994,1.0556072734944737,0,0,1.0945088171073707
1.9399999999999999,10.732856890278043,0.38968708901941185,0.19541080818550141,0.0083591301688959643,-0.083474644487812444,-0.012821982972804166,-0.015968014580744073,0.0091491416294167873,0.038901585675617217,1.0556071595474772,0,0,1.0945087452230944
1.95,10.732017558966445,0.38955816486139561,0.1952502509914098,0.0084511241061571794,-0.084393293416049675,-0.012963106091238914,-0.016143744832882882,0.0092498294754639384,0.038901628207850023,1.055607044328579,0,0,1.094508672536429
1.96,10.731168990715025,0.38942782172023788,0.19508792684171453,0.0085441304515174957,-0.085322050789777878,-0.013105782419994803,-0.016321409231204016,0.0093516252591342389,0.038901671214909402,1.0556069278233853,0,0,1.0945085990382948
1.97,10.730311083887406,0.38929604397899131,0.1949238162886916,0.0086381603448474013,-0.086261027173026597,-0.013250028955627342,-0.01650102906515627,0.0094545410990136795,0.038901714702170395,1.0556068100173395,0,0,1.0945085247195099
1.98,10.729443735736172,0.38916281584991153,0.19475789967061199,0.0087332250477952997,-0.08721033421011129,-0.013395862860923532,-0.016682625846331067,0.0095585892320992454,0.038901758675071556,1.0556066908957047,0,0,1.0945084495707762
1.99,10.728566842293111,0.38902812135763043,0.19459015711966285,0.0088293359558162393,-0.088170099188154591,-0.013543303696727757,-0.016866219815737177,0.0096637836097796873,0.038901803139118764,1.0556065704435618,0,0,1.0945083735826806
2,10.727680298549929,0.38889194436684488,0.19442056854009487,0.0089265045783665457,-0.089140419318694986,-0.013692366415223129,-0.017051834630145698,0.0097701348873244793,0.03890184809987602,1.0556064486458476,0,0,1.0945082967457236
2.0100000000000002,10.72678399831546,0.38875426856042627,0.19424911361953001,0.009024742554553173,-0.090121416872174856,-0.013843069809744242,-0.017239491710551929,0.0098776564663527952,0.038901893562975118,1.0556063254872985,0,0,1.0945082190502735
2.02,10.725877834230685,0.38861507744171625,0.19407577182409352,0.0091240616514878144,-0.091113209004717408,-0.01399543189048311,-0.017429213335069235,0.0099863611879965255,0.038901939534112098,1.0556062009524816,0,0,1.0945081404865937
2.0300000000000002,10.72496169773472,0.38847435432921479,0.19390052237223337,0.0092244737680181512,-0.092115918113849823,-0.014149471486594503,-0.017621025957037701,0.010096262468217232,0.038901986019051149,1.0556060750257896,0,0,1.0945080610448408
2.04,10.72403547909272,0.38833208236100308,0.19372334427161314,0.0093259909316625467,-0.093129659292570832,-0.014305206276949136,-0.017814947925366156,0.010207372921654738,0.038902033023622891,1.0556059476914224,0,0,1.0945079807150453
2.0499999999999998,10.723099067366352,0.38818824449013889,0.19354421629971724,0.0094286253018528426,-0.094154555266321216,-0.014462655134684902,-0.018011004104480945,0.010319706000049236,0.038902080553725488,1.0556058189334065,0,0,1.094507899487132
2.0600000000000001,10.722152350397273,0.38804282348210617,0.1933631169972615,0.0095323891717420065,-0.095190728317620849,-0.014621836859673953,-0.018209217970354317,0.010433275106462421,0.03890212861532643,1.055605688735572,0,0,1.0945078173508984
2.0699999999999998,10.721195214743494,0.3878958019050931,0.19318002467334427,0.009637294975178342,-0.096238312522224173,-0.014782772054645354,-0.018409612400026146,0.010548094936321025,0.038902177214464942,1.0556055570815595,0,0,1.0945077342960243
2.0800000000000001,10.720227545733396,0.38774716213822691,0.19299491739771851,0.0097433552807880287,-0.09729742151388894,-0.014945478201185313,-0.018612212243440229,0.010664177945007727,0.038902226357250637,1.0556054239548143,0,0,1.094507650312065
2.0899999999999999,10.719249227460734,0.38759688637080025,0.19280777299776838,0.0098505827925204799,-0.098368186294037707,-0.01510997543524299,-0.018817041306860984,0.010781538491128874,0.038902276049863078,1.0556052893386036,0,0,1.0945075653884668
2.1000000000000001,10.718260142727626,0.38744495659354339,0.19261856905964098,0.0099589903558996232,-0.09945073508506215,-0.015276283469680085,-0.019024123960245349,0.010900190628794257,0.038902326298554793,1.055605153215988,0,0,1.0945074795145429
2.1099999999999999,10.717260173057459,0.38729135460051739,0.19242728291169528,0.010068590956607443,-0.10054519505833977,-0.015444421874678961,-0.019233487834917871,0.011020148297394304,0.038902377109651748,1.0556050155698291,0,0,1.0945073926794808
2.1200000000000001,10.716249198675991,0.38713606198624739,0.19223389162938104,0.010179397722557947,-0.1016516994529016,-0.015614411115838299,-0.019445154758270671,0.011141426100429367,0.038902428489553741,1.0556048763827852,0,0,1.094507304872339
2.1299999999999999,10.715227098483465,0.38697906014155325,0.19203837205149629,0.010291423926948607,-0.1027703793718656,-0.015786271357869634,-0.019659151200633083,0.011264038407985328,0.038902480444735356,1.0556047356373273,0,0,1.0945072160820626
2.1400000000000001,10.71419375005941,0.38682033025414225,0.19184070075485551,0.010404682987738806,-0.10390136807743323,-0.015960023090924848,-0.019875502805788776,0.011387999826634597,0.038902532981747985,1.0556045933156961,0,0,1.0945071262974442
2.1499999999999999,10.713149029602764,0.38665985329949815,0.19164085406045703,0.010519188474209667,-0.10504481280195191,-0.016135688936760251,-0.020094234886043685,0.011513326493769623,0.038902586107220131,1.0556044493999464,0,0,1.0945070355071664
2.1600000000000001,10.712092811895351,0.38649761003529248,0.19143880803191538,0.010634954110967688,-0.10620083755361799,-0.016313287978834256,-0.02031537418238898,0.01164003200206251,0.038902639827863038,1.0556043038718856,0,0,1.0945069436997488
2.1699999999999999,10.711024970442613,0.38633358102281956,0.19123453846550487,0.010751993762523261,-0.10736958507786101,-0.016492842158904963,-0.020538946878742987,0.011768131997355812,0.038902694150460056,1.0556041567131513,0,0,1.0945068508636113
2.1800000000000002,10.70994537731808,0.38616774660326703,0.19102802089422291,0.010870321450333485,-0.10855119536405841,-0.016674373000591609,-0.020764979619087996,0.011897641823550084,0.038902749081878178,1.0556040079051314,0,0,1.0945067569870095
2.1899999999999999,10.708853903199126,0.386000086903103,0.19081923057933745,0.010989951348887845,-0.10974580480130007,-0.016857901499595124,-0.020993501142580279,0.012028576430577117,0.038902804629063273,1.0556038574290054,0,0,1.0945066620580688
2.2000000000000002,10.707750417385656,0.38583058183678504,0.19060814249571151,0.011110897783660582,-0.1109535606443416,-0.017043450274704459,-0.021224537029601313,0.012160951958122827,0.038902860799042101,1.0556037052657543,0,0,1.0945065660647963
2.21,10.706634787690966,0.38565921109045276,0.19039473136357918,0.011233175243064806,-0.11217460511508542,-0.017231041203775759,-0.021458115476006033,0.012294783995068037,0.038902917598926175,1.0556035513960977,0,0,1.0945064689950239
2.2200000000000002,10.705506880504393,0.38548595413117259,0.19017897161790623,0.011356798371592744,-0.11340908332018147,-0.017420696601035283,-0.021694264417497024,0.012430088446302102,0.038902975035910101,1.0556033958005553,0,0,1.0945063708364653
2.23,10.704366560741327,0.38531079019937103,0.18996083741254161,0.011481781975293851,-0.11465715879648619,-0.017612441589770132,-0.021933012428705004,0.012566883236180808,0.038903033117273285,1.055603238459399,0,0,1.0945062715766722
2.2400000000000002,10.703213691626628,0.38513369827583083,0.18974030261315999,0.011608141045504389,-0.11591896609435894,-0.017806296881603539,-0.022174387740791047,0.012705183113062372,0.03890309185039223,1.0556030793526507,0,0,1.0945061712030431
2.25,10.702048135126956,0.38495465714749982,0.1895173408036479,0.011735890711479185,-0.11719466119157601,-0.018002286453641665,-0.022418419285941758,0.012845005173176775,0.038903151242717426,1.0556029184601319,0,0,1.0945060697028492
2.2600000000000002,10.700869751599557,0.38477364535398267,0.18929192527625563,0.011865046278875231,-0.1184843973158389,-0.01820043386666954,-0.022665136196450549,0.012986366211489951,0.03890321130179366,1.0556027557613923,0,0,1.094505967063186
2.27,10.699678399861163,0.38459064119801234,0.18906402903045522,0.011995623222200213,-0.11978832933898813,-0.018400762934312056,-0.022914567895758669,0.013129283203179253,0.038903272035254191,1.0556025912357649,0,0,1.0945058632710192
2.2800000000000002,10.698473937335399,0.38440562276757051,0.18883362476025256,0.012127637168671945,-0.12110658945785548,-0.018603294063901502,-0.023166745549621139,0.013273770640098515,0.038903333450815876,1.0556024248623386,0,0,1.0945057583131546
2.29,10.697256219722542,0.38421856788614411,0.18860068487000134,0.012261103934389152,-0.1224393634682291,-0.018808055732888858,-0.023421697514706422,0.013419848884622257,0.038903395556293852,1.0556022566199463,0,0,1.0945056521762402
2.3000000000000003,10.696025101194904,0.3840294541420719,0.18836518145885028,0.012396039502931461,-0.12378679886687682,-0.019015070661596484,-0.02367945482230872,0.013567534104594266,0.03890345835959489,1.0556020864871662,0,0,1.0945055448467611
2.3100000000000001,10.694780434342583,0.38383825888032558,0.18812708632008868,0.01253246003130397,-0.12514905510021843,-0.019224363373785233,-0.023940048179922169,0.013716843776772701,0.038903521868717171,1.0556019144423268,0,0,1.094505436311044
2.3199999999999998,10.693522069910951,0.38364495916256552,0.18788637092255314,0.012670381878700197,-0.12652633389991044,-0.019435964826537193,-0.02420351126332974,0.013867800010971732,0.038903586091766695,1.0556017404634832,0,0,1.0945053265552498
2.3300000000000001,10.692249857176851,0.38344953182431862,0.18764300643312259,0.012809821565284448,-0.12791875296247071,-0.019649893201056,-0.024469872467919679,0.014020415709784738,0.038903651036936715,1.0556015645284222,0,0,1.094505215565359
2.3399999999999999,10.690963643771378,0.38325195344799945,0.18739696370307621,0.012950795791608289,-0.12932649618288258,-0.019866176748286887,-0.024739164718895871,0.014174711028911151,0.038903716712517251,1.0556013866146976,0,0,1.0945051033272148
2.3500000000000001,10.689663275609679,0.38305220035220006,0.18714821326143688,0.013093321446305191,-0.13074973251757116,-0.020084841450627756,-0.025011420173054022,0.014330704487388176,0.038903783126900682,1.0556012066995692,0,0,1.0945049898264698
2.3599999999999999,10.688348596914143,0.38285024859496197,0.18689672530109522,0.013237415603554499,-0.13218863158533803,-0.020305913438611062,-0.025286673845504933,0.014488414678028656,0.038903850288578373,1.0556010247600436,0,0,1.0945048750486219
2.3700000000000001,10.687019450189528,0.38264607397022576,0.18664246969071407,0.013383095525801865,-0.13364336714789662,-0.020529419385257427,-0.025564955892107291,0.014647860645343446,0.038903918206143917,1.0556008407728295,0,0,1.0945047589789734
2.3799999999999999,10.685675676203644,0.38243965200491353,0.1863854159742534,0.013530378665873399,-0.13511411303258247,-0.020755386044108204,-0.025846300650248667,0.014809061442822456,0.038903986888294433,1.055600654714375,0,0,1.0945046416026694
2.3900000000000001,10.684317113974458,0.3822309579567339,0.18612553335635093,0.013679282668397269,-0.13660104530223138,-0.020983840495078305,-0.026130741827465186,0.014972036368543672,0.038904056343830394,1.0556004665608327,0,0,1.094504522904663
2.3999999999999999,10.682943600764235,0.3820199668133849,0.18586279070758427,0.013829825370440713,-0.13810433849751369,-0.021214809576869862,-0.026418312345076082,0.01513680455356212,0.038904126581657719,1.0556002762880805,0,0,1.0945044028697382
2.4100000000000001,10.681554972054702,0.38180665328871394,0.1855971565586203,0.013982024804233049,-0.13962417556008588,-0.021448321435696662,-0.026709047734918556,0.015303386050146681,0.038904197610788671,1.0556000838717026,0,0,1.0945042814824912
2.4199999999999999,10.680151061507255,0.38159099181653883,0.18532859908923649,0.014135899201531701,-0.14116073641427918,-0.021684403743207438,-0.027002982230813752,0.01547180057957444,0.038904269440344044,1.0555998892869924,0,0,1.0945041587273365
2.4300000000000002,10.678731700971055,0.3813729565519553,0.18505708613375785,0.014291466992728877,-0.14271420393610751,-0.021923084628079809,-0.027300150811782151,0.01564206818673056,0.038904342079553948,1.0555996925089512,0,0,1.0945040345885051
2.4399999999999999,10.677296720409657,0.38115252135993377,0.18478258516336354,0.014448746814900036,-0.14428477781852087,-0.022164394834540649,-0.027600592450386777,0.015814210760523063,0.038904415537760639,1.0555994935122559,0,0,1.0945039090500166
2.4500000000000002,10.675845947850211,0.38092965980744276,0.18450506327465674,0.014607757517371875,-0.14587263044591656,-0.022408360851605733,-0.027904339397449632,0.015988247195202566,0.038904489824424064,1.0555992922713,0,0,1.094503782095724
2.46,10.674379209555918,0.38070434519032953,0.18422448723244314,0.014768518142811667,-0.14747795658423235,-0.022655012650302179,-0.028211429248624884,0.016164198839241806,0.038904564949109641,1.0555990887601545,0,0,1.0945036537092641
2.4700000000000002,10.672896329834558,0.3804765505035394,0.18394082342414064,0.014931047948221112,-0.14910094797770732,-0.02290437972814131,-0.028521898775562625,0.016342086709686034,0.038904640921501719,1.0555988829525886,0,0,1.0945035238740903
2.48,10.671397131064914,0.38024624844532379,0.18365403787001575,0.015095366402038533,-0.15074179920787364,-0.023156491989204352,-0.028835783945113207,0.016521932133816856,0.038904717751401641,1.0555986748220532,0,0,1.0945033925734549
2.4900000000000002,10.669881433671103,0.38001341141350092,0.18336409622763417,0.015261493186944955,-0.15240070512617854,-0.023411379436466883,-0.029153123308087413,0.016703756469956369,0.038904795448728741,1.0555984643416798,0,0,1.0945032597904085
2.5,10.668349056120524,0.37977801150454299,0.18307096376518675,0.015429448200105623,-0.15407786366918683,-0.023669072509173779,-0.029473954283385333,0.016887581413613351,0.03890487402352194,1.0555982514842639,0,0,1.0945031255077859
2.5100000000000002,10.666799814890442,0.37954002050890628,0.18277460537618961,0.015599251556820563,-0.15577347446010875,-0.023929601915245808,-0.029798315003882355,0.017073428845402926,0.038904953485941564,1.0555980362222934,0,0,1.094502989708235
2.52,10.66523352443741,0.37929940990616928,0.18247498556749303,0.015770923593879833,-0.15748775669890849,-0.024193001412504272,-0.03012624817467761,0.017261322792714341,0.038905033846271218,1.0555978185279002,0,0,1.0945028523741716
2.5300000000000002,10.663649996960391,0.37905615082812077,0.18217206840374467,0.015944484895539658,-0.15922090026497054,-0.024459300180853339,-0.030457789399957157,0.017451284067407292,0.038905115114930444,1.055597598372866,0,0,1.0945027134877965
2.54,10.662049042853287,0.37881021412939281,0.18186581761643378,0.016119956243895041,-0.16097311755280314,-0.024728530908473444,-0.030792979557600367,0.017643335950350586,0.03890519730245217,1.0555973757286523,0,0,1.0945025730311044
2.5500000000000003,10.660430470330056,0.37856157032901894,0.18155619651540764,0.016297358659990779,-0.16274461869863727,-0.025000725927255014,-0.031131858885088615,0.017837501474658474,0.038905280419502322,1.0555971505663653,0,0,1.0945024309858675
2.5600000000000001,10.658794085492159,0.37831018962099838,0.18124316800598866,0.016476713396422565,-0.16453561606422507,-0.025275917912255731,-0.03147446804991106,0.018033803917404344,0.038905364476876925,1.0555969228567583,0,0,1.0945022873336352
2.5699999999999998,10.657139692418621,0.37805604188871056,0.18092669461829983,0.016658041927453578,-0.16634630742028345,-0.025554137209078984,-0.031820843114029315,0.018232264954190423,0.03890544948549849,1.0555966925702416,0,0,1.0945021420557401
2.5800000000000001,10.655467092930946,0.37779909666766387,0.1806067384392441,0.016841365974806288,-0.16817692863726855,-0.025835420207912983,-0.032171031311558157,0.0184329104413751,0.038905535456427505,1.0555964596768579,0,0,1.0945019951332855
2.5899999999999999,10.653776086711421,0.37753932316439864,0.18028326115028573,0.01702670749468015,-0.17002769026087536,-0.026119799263602077,-0.032525072056987084,0.018635763455938373,0.03890562240085757,1.0555962241462857,0,0,1.0945018465471432
2.6000000000000001,10.652066471258374,0.37727669024948413,0.17995622401642097,0.017214088682657294,-0.1718988121610901,-0.026407308202351206,-0.032883007320463016,0.018840848097830577,0.038905710330118928,1.0555959859478199,0,0,1.0945016962779388
2.6099999999999999,10.650338041588681,0.37701116641095267,0.17962558781522256,0.017403532006331886,-0.17379056254365277,-0.02669798841805384,-0.033244890632123755,0.019048193768417189,0.038905799255693235,1.0555957450503686,0,0,1.0945015443060617
2.6200000000000001,10.648590590647009,0.37674271981848267,0.17929131293684236,0.017595060160420863,-0.17570311504387146,-0.026991866480941124,-0.033610752564421774,0.019257819496239906,0.038905889189193167,1.0555955014224645,0,0,1.0945013906116576
2.6299999999999999,10.646823909118222,0.37647131829405983,0.17895335933984508,0.017788696087340322,-0.17763671850144166,-0.027288980738862496,-0.033980641739671941,0.019469752558261545,0.038905980142374168,1.0555952550322691,0,0,1.0945012351746433
2.6400000000000001,10.645037785332569,0.37619692929718523,0.17861168652946566,0.017984462987599939,-0.17959160536546376,-0.027589366965664858,-0.034354602706125087,0.019684018433543459,0.038906072127137793,1.055595005847539,0,0,1.0945010779746767
2.6499999999999999,10.643232005460955,0.37591951995567613,0.17826625360662446,0.018182384298383234,-0.18156797533808855,-0.027893055768282167,-0.03473267184712333,0.019900639008484013,0.038906165155523587,1.0555947538356554,0,0,1.094500918991179
2.6600000000000001,10.641406353289423,0.37563905703022077,0.17791701921381289,0.018382483718283708,-0.18356610258621411,-0.028200089476860875,-0.035114903703396594,0.020119644338336979,0.038906259239721887,1.0555944989636041,0,0,1.0945007582033259
2.6699999999999999,10.639560610141226,0.37535550690218072,0.17756394151721042,0.018584785215852013,-0.18558621030782918,-0.028510502383947835,-0.035501340176964769,0.020341058886676963,0.03890635439207648,1.0555942411979355,0,0,1.094500595590012
2.6800000000000002,10.63769455501893,0.37506883559605636,0.17720697824282083,0.018789313014005538,-0.18762853740231281,-0.02882433124772606,-0.035892026899831148,0.020564908839377092,0.038906450625080136,1.0555939805048109,0,0,1.0945004311298909
2.6899999999999999,10.635807964308023,0.37477900873307884,0.17684608661014206,0.018996091622535363,-0.18969337767932656,-0.029141621419297405,-0.03628702160125874,0.020791226404708815,0.038906547951389328,1.0555937168499527,0,0,1.094500264801342
2.7000000000000002,10.633900611848405,0.37448599154246304,0.17648122334874422,0.019205145830265179,-0.19178092223670623,-0.02946240215935023,-0.036686359171028075,0.021020032525380747,0.038906646383822067,1.0555934501986228,0,0,1.094500096582445
2.71,10.631972269284384,0.37418974891627854,0.17611234477658602,0.019416500666659935,-0.1938914405561819,-0.029786714997416211,-0.037090091799075936,0.021251356741080876,0.038906745935339125,1.0555931805157215,0,0,1.0944999264510606
2.7200000000000002,10.6300227056139,0.37389024533891385,0.17573940670082996,0.01963018145126845,-0.1960251859804247,-0.030114598929749634,-0.037498268024601565,0.021485226821218024,0.038906846619069881,1.055592907765678,0,0,1.0944997543847479
2.73,10.628051687295281,0.37358744490399626,0.17536236444506104,0.019846213782006371,-0.19818241218382163,-0.030446092954259613,-0.037910935481674554,0.021721670570307949,0.038906948448306722,1.0555926319124826,0,0,1.0944995803607893
2.7400000000000002,10.626058978226162,0.37328131131125886,0.17498117284765616,0.020064623537466617,-0.20036338016028318,-0.030781237294551598,-0.038328145095713091,0.021960716597686034,0.038907051436506926,1.0555923529196811,0,0,1.094499404356188
2.75,10.624044339684936,0.37297180785685385,0.17459578623768099,0.020285436883351538,-0.20256835036880516,-0.031120072024079765,-0.038749946366556723,0.022202393452334535,0.038907155597295802,1.0555920707503612,0,0,1.094499226347657
2.7600000000000002,10.622007530331871,0.37265889743410829,0.17420615844658924,0.020508680272338327,-0.20479758674106846,-0.03146263776815094,-0.039176389775201964,0.022446730064322955,0.038907260944469016,1.0555917853671519,0,0,1.0944990463116209
2.77,10.619948306180486,0.37234254252893467,0.1738122427992507,0.020734380447219682,-0.20705135287303741,-0.031808975108050891,-0.039607525919755346,0.022693755327116386,0.038907367491993729,1.055591496732214,0,0,1.0944988642242077
2.7800000000000002,10.617866420592904,0.37202270521905884,0.17341399211173567,0.020962564441414564,-0.20932992066073675,-0.032159125890550998,-0.04004340664224524,0.022943499043659173,0.038907475254010102,1.0555912048072456,0,0,1.0944986800612557
2.79,10.615761624192885,0.37169934716076153,0.17301135867835818,0.021193259588497829,-0.21163356085283427,-0.032513131795326534,-0.040484083795905755,0.023195990891372812,0.038907584244837014,1.055590909553461,0,0,1.094498493798298
2.8000000000000003,10.613633664887182,0.37137242959204875,0.17260429427285254,0.02142649351986272,-0.21396254773165027,-0.03287103504477272,-0.040929609855963306,0.02345126093497913,0.038907694478970231,1.0555906109315845,0,0,1.0944983054105546
2.8100000000000001,10.61148228781437,0.37104191332479897,0.17219275013954388,0.021662294170329631,-0.21631717477345389,-0.033232880810467949,-0.041380040705095933,0.023709341342953973,0.038907805971088345,1.0555903089018501,0,0,1.0944981148729385
2.8199999999999998,10.60930723510694,0.37070775870821598,0.17177667695121743,0.021900689804219452,-0.21869770886970141,-0.033598710183471832,-0.04183542760672674,0.023970261370051701,0.038907918736064813,1.0555900034239722,0,0,1.0944979221600371
2.8300000000000001,10.607108246318147,0.37036992569435395,0.17135602488353657,0.022141708968572607,-0.2211044387114342,-0.033968567604143816,-0.042295825688594593,0.024234052660365418,0.038908032788946771,1.0555896944571854,0,0,1.0944977272461323
2.8399999999999999,10.60488505805572,0.37002837378185277,0.17093074355039947,0.022385380533295331,-0.22353765174748669,-0.034342497323888201,-0.042761289902677607,0.024500746721884559,0.038908148144974612,1.055589381960206,0,0,1.0944975301051807
2.8500000000000001,10.602637404038346,0.36968306202459539,0.1705007820134227,0.022631733684968881,-0.22599763833692668,-0.034720544042795259,-0.043231875753269172,0.02477037538161354,0.038908264819581477,1.0555890658912241,0,0,1.0944973307108057
2.8599999999999999,10.600365015034246,0.3693339490216298,0.1700660887629514,0.022880797933597756,-0.22848469663217955,-0.035102753754312467,-0.043707641331735825,0.025042971323180493,0.038908382828396523,1.0555887462079048,0,0,1.0944971290363013
2.8700000000000001,10.598067618892651,0.36898099292315895,0.16962661173777385,0.023132603109131702,-0.23099911729419384,-0.035489171101310064,-0.044188640947452243,0.025318566404049666,0.038908502187243683,1.055588422867372,0,0,1.0944969250546157
2.8799999999999999,10.59574494047563,0.36862415141929644,0.16918229830331916,0.023387179368957088,-0.23354120187354582,-0.035879842555600915,-0.044674932787056545,0.025597193679193667,0.038908622912148014,1.0555880958262234,0,0,1.0944967187383714
2.8900000000000001,10.593396701634427,0.36826338173652218,0.16873309524840499,0.023644557200487016,-0.23611125277776238,-0.036274814682511917,-0.045166574733916103,0.025878886296543394,0.038908745019336895,1.0555877650404977,0,0,1.0944965100598345
2.8999999999999999,10.591022620922647,0.36789864059374017,0.16827894873465554,0.023904767452594854,-0.23870961979523914,-0.036674141308800721,-0.045663633053965785,0.026163682596738097,0.038908868525255394,1.0555874304656376,0,0,1.0944962989908931
2.9100000000000001,10.588622413968212,0.3675298842592174,0.16781980436142019,0.024167841294852034,-0.24133656293127939,-0.037077862511940875,-0.046166158272537131,0.026451611080903187,0.038908993446550764,1.0555870920565578,0,0,1.0944960855031085
2.9199999999999999,10.586195793300677,0.36715706852409602,0.1673556071349071,0.024433810236453982,-0.2439924151821557,-0.037486029553780643,-0.046674213801604643,0.026742708249562475,0.038909119800078988,1.0555867497675855,0,0,1.0944958695676645
2.9300000000000002,10.583742468240349,0.36678014868537478,0.16688630144818939,0.024702706138370535,-0.24667749481001519,-0.037898691442851733,-0.047187860511480668,0.027037008988574019,0.038909247602915351,1.0555864035524734,0,0,1.0944956511553887
2.9399999999999999,10.581262144990641,0.36639907955960166,0.16641183109489094,0.024974561203240386,-0.24939210684121593,-0.03831589524664919,-0.047707157407371636,0.027334546735436706,0.038909376872347877,1.0555860533643828,0,0,1.0944954302367307
2.9500000000000002,10.578754526515224,0.3660138154644747,0.16593213924932362,0.025249407988818487,-0.25213659340755273,-0.03873769355139995,-0.048232169227935676,0.027635358989962253,0.038909507625887192,1.0555856991558783,0,0,1.0944952067817655
2.96,10.576219312473004,0.36562431020899649,0.16544716845533938,0.025527279415103753,-0.25491127492493321,-0.039164135745678674,-0.048762957566730124,0.027939480875317512,0.03890963988127006,1.055585340878912,0,0,1.094494980760182
2.9700000000000002,10.573656199267491,0.36523051710059068,0.16495686063245771,0.025808208758937575,-0.25771648131815694,-0.039595272647423164,-0.04929958558531259,0.028246948556088176,0.038909773656458584,1.0555849784848264,0,0,1.0944947521412849
2.98,10.571064879783844,0.36483238890509456,0.16446115703007388,0.026092229682815223,-0.26055259593469815,-0.040031163218584589,-0.049842125821944798,0.02855780405062033,0.038909908969655078,1.055584611924306,0,0,1.0944945208939612
2.9900000000000002,10.568445043429749,0.3644298778529112,0.16395999823400592,0.026379376230409465,-0.26341990563474088,-0.04047185173234448,-0.050390634042831929,0.028872078805230923,0.038910045839301646,1.055584241147401,0,0,1.0944942869867027
3,10.565796376480145,0.36402293569144584,0.16345332422604586,0.026669682788798613,-0.26631877276038501,-0.040917393965740199,-0.050945179238671714,0.02918981253705109,0.038910184284063537,1.0555838661035417,0,0,1.0944940503876053
3.0100000000000002,10.563118561622849,0.36361151361582428,0.1629410743041175,0.026963184138257157,-0.26924954551727837,-0.041367843549893583,-0.051505827992543142,0.029511043414449174,0.038910324322854337,1.055583486741493,0,0,1.0944938110643474
3.02,10.560411278152618,0.36319556229815969,0.16242318711527606,0.027259915430997941,-0.27221254029912445,-0.041823249350712917,-0.052072641486251861,0.029835806122156607,0.038910465974826933,1.0555831030093688,0,0,1.0944935689841957
3.0300000000000002,10.557674202037244,0.3627750318973369,0.16189960066639569,0.027559912183936969,-0.27520814542780264,-0.042283671056812279,-0.052645693334424953,0.030164143222784271,0.038910609259372814,1.0555827148546424,0,0,1.0944933241140151
3.04,10.554907005397055,0.36234987198065161,0.16137025223401172,0.027863210335703319,-0.27823670476713391,-0.042749161691395733,-0.053225049576406759,0.03049609241031612,0.03891075419614929,1.0555823222240535,0,0,1.0944930764202028
3.0500000000000003,10.552109356899326,0.36192003158292707,0.16083507843145003,0.028169846203446602,-0.28129857698863275,-0.043219776517488644,-0.053810778864709016,0.030831693000836272,0.038910900805061405,1.0555819250636871,0,0,1.0944928258687485
3.0600000000000001,10.549280921502625,0.36148545916774388,0.16029401516323516,0.028479856510843591,-0.28439417962640334,-0.04369557976806341,-0.054402960548521492,0.031170990760179953,0.038911049106277622,1.0555815233189072,0,0,1.0944925724251848
3.0700000000000003,10.546421359993179,0.36104610255676567,0.15974699754075286,0.028793278438903502,-0.28752383087152433,-0.044176620559733953,-0.055001656024764874,0.031514020569434191,0.0389111991202543,1.0555811169342981,0,0,1.0944923160545523
3.0800000000000001,10.543530330085241,0.36060190909718809,0.15919396008114356,0.029110149505400085,-0.29068792223795759,-0.044662959180595305,-0.055606940005606044,0.031860825343843241,0.03891135086768082,1.0555807058538051,0,0,1.094492056721486
3.0899999999999999,10.540607485483433,0.36015282551889688,0.15863483653712546,0.029430507667615211,-0.29388683323504133,-0.04515465409938,-0.056218885066773701,0.032211446683522209,0.038911504369530725,1.0555802900206208,0,0,1.0944917943901515
3.1000000000000001,10.537652476076962,0.35969879796389925,0.15806955993157554,0.029754391301060387,-0.29712094750394097,-0.045651764511874075,-0.05683756491636361,0.032565926643793632,0.03891165964705235,1.0555798693771765,0,0,1.094491529024229
3.1099999999999999,10.534664947898058,0.3592397719787262,0.15749806254504176,0.030081839204063873,-0.30039065260105496,-0.046154350060401222,-0.057463053398745322,0.032924307705177014,0.038911816721774517,1.0555794438651602,0,0,1.0944912605869348
3.1200000000000001,10.531644543083631,0.35877569251102609,0.15692027591814361,0.030412890601909371,-0.30369634022623782,-0.046662471129398031,-0.058095425544130302,0.033286632805010499,0.038911975615508153,1.055579013425483,0,0,1.0944909890409911
3.1299999999999999,10.528590899833107,0.35830650390118524,0.15633613083630862,0.0307475851515067,-0.3070384061145105,-0.047176188705168126,-0.05873475707056823,0.033652945322446802,0.038912136350352573,1.0555785779982694,0,0,1.094490714348622
3.1400000000000001,10.525503652368283,0.35783214987659195,0.15574555732389767,0.031085962945779796,-0.31041725005549037,-0.047695564401043729,-0.059381124473293932,0.034023289081145186,0.038912298948699138,1.0555781375228726,0,0,1.0944904364715717
3.1499999999999999,10.522382430871351,0.35735257354200572,0.15514848463307521,0.031428064520463692,-0.31383327916276405,-0.048220660969669309,-0.060034605536722845,0.034397708707863427,0.038912463433236066,1.0555776919378284,0,0,1.0944901553710644
3.1600000000000001,10.519226861484055,0.35686771737951217,0.15454484124225881,0.031773930854192257,-0.31728689765064177,-0.048751540701104185,-0.060695277733454546,0.034776248511150062,0.038912629826950478,1.0555772411808628,0,0,1.0944898710078133
3.1699999999999999,10.516036566242194,0.35637752323833755,0.15393455484443438,0.03212360337568388,-0.32077851911656619,-0.049288267347373467,-0.061363220147741322,0.03515895382850559,0.038912798153135454,1.0555767851888751,0,0,1.0944895833420105
3.1800000000000002,10.512811163037973,0.35588193232903703,0.15331755233984229,0.032477123967865625,-0.32430855984327028,-0.049830905072972248,-0.06203851242658262,0.035545870291748688,0.038912968435392527,1.0555763238979281,0,0,1.0944892923333207
3.1899999999999999,10.509550265580371,0.35538088521736538,0.15269375982834701,0.032834534972219255,-0.32787744019373594,-0.050379518673443785,-0.062721234998180289,0.035937043980018214,0.038913140697636614,1.0555758572432434,0,0,1.0944889979408801
3.2000000000000002,10.50625348335433,0.3548743218179668,0.15206310260162495,0.03319587919325457,-0.33148558461119482,-0.050934173575379764,-0.063411469071938842,0.036332521419773355,0.038913314964101588,1.0555753851591649,0,0,1.0944887001232666
3.21,10.502920421579965,0.35436218138806413,0.15142550513535247,0.033561199902982564,-0.33513342161912762,-0.051494935836420092,-0.06410929663846518,0.03673234958479351,0.038913491259343277,1.0555749075791807,0,0,1.0944883988385239
3.2200000000000002,10.499550681171753,0.35384440252114913,0.15078089108139386,0.033930540845388629,-0.33882138382126442,-0.052061872145253062,-0.064814800469568973,0.037136575896178407,0.038913669608244598,1.0555744244358696,0,0,1.0944880940441142
3.23,10.496143858139144,0.35332092305368162,0.1501291831522428,0.034303946302159445,-0.34255001276244662,-0.052635066151592712,-0.065528084344877252,0.037545259721156805,0.038913850036050621,1.0555739356608529,0,0,1.0944877856969035
3.2400000000000002,10.492699544424839,0.3527916801956803,0.14947030328277786,0.034681461000757453,-0.34631960390667765,-0.053214563178626169,-0.066249204571639575,0.037958433442169495,0.03891403256832561,1.0555734411848738,0,0,1.0944874737531995
3.25,10.489217327836013,0.3522566105200528,0.14880417261705106,0.03506313012196334,-0.35013066269488169,-0.053800441244868519,-0.066978257953723572,0.038376152467148414,0.03891421723095996,1.0555729409377999,0,0,1.0944871581687599
3.2600000000000002,10.485696791438176,0.35171564986824966,0.14813071139143327,0.035448999366340016,-0.35398364145644196,-0.054392770093408212,-0.067715331044473165,0.038798466379821303,0.038914404050205686,1.0555724348485149,0,0,1.0944868388987206
3.27,10.482137513751928,0.35116873338094229,0.14744983897261701,0.035839114932660107,-0.35787899684885571,-0.054991620136981938,-0.068460511226245441,0.039225425238416475,0.038914593052666521,1.0555719228449456,0,0,1.094486515897612
3.2800000000000002,10.478539068039016,0.35061579538701637,0.1467614737227374,0.036233523596185799,-0.36181733184240178,-0.055597084542914996,-0.069213913512220004,0.039657095144717706,0.038914784265341493,1.0555714048539522,0,0,1.0944861891192936
3.29,10.474901023028739,0.35005676951658982,0.14606553313636556,0.03663227262901949,-0.36579893174141959,-0.056209207063762819,-0.069975592963215358,0.040093507367372293,0.038914977715586961,1.0555708808014255,0,0,1.0944858585170125
3.3000000000000003,10.47122294337901,0.34949158877276632,0.14536193392742283,0.037035409749544737,-0.36982433935336945,-0.056828071501720027,-0.07074565325977443,0.040534721410945287,0.038915173431097315,1.0555703506123526,0,0,1.0944855240434499
3.3100000000000001,10.467504388616124,0.34892018536675912,0.14465059182892798,0.037442983238681761,-0.37389403478875877,-0.057453751903246142,-0.071524186259431938,0.04098078990499783,0.038915371439962161,1.0555698142106285,0,0,1.0944851856505906
3.3200000000000003,10.463744913441383,0.34834249076561685,0.1439314216507524,0.037855041906266894,-0.37800850293844213,-0.058086323054791222,-0.072311284734101769,0.041431766003180368,0.038915571770654606,1.0555692715191234,0,0,1.094484843289778
3.3300000000000001,10.459944067356153,0.34775843563383868,0.14320433720834591,0.03827163513216502,-0.38216831098092729,-0.058725872563394864,-0.073107057091488375,0.04188771188277475,0.038915774452053971,1.0555687224596033,0,0,1.0944844969116574
3.3399999999999999,10.456101394858583,0.34716794986408284,0.14246925136003236,0.038692812844698395,-0.38637385948561859,-0.059372462062641948,-0.073911580100684798,0.042348671450383957,0.038915979513439135,1.0555681669527599,0,0,1.094484146466199
3.3500000000000001,10.4522164359066,0.34657096264938464,0.14172607609488788,0.039118625469870744,-0.39062568611238097,-0.060026174548491559,-0.074724956575589196,0.042814703645982499,0.038916186984466188,1.0555676049182439,0,0,1.0944837919027099
3.3599999999999999,10.448288725183044,0.34596740236866691,0.14097472239309766,0.039549124011953402,-0.39492429889668174,-0.060687088394432286,-0.075547283709786431,0.043285864160769523,0.038916396895212341,1.0555670362745773,0,0,1.0944834331697897
3.3700000000000001,10.444317792264975,0.34535719661318037,0.1402151002580502,0.039984360034916899,-0.39927021095828452,-0.061355282761318165,-0.076378659668971574,0.043762209243364915,0.038916609276169682,1.0555664609391679,0,0,1.0944830702153376
3.3799999999999999,10.440303161542248,0.34474027217358749,0.1394471186997594,0.040424385671366386,-0.40366394871116079,-0.062030838950931547,-0.077219185431446,0.044243796601993006,0.038916824158253628,1.0555658788282605,0,0,1.0944827029865141
3.3900000000000001,10.436244352174787,0.34411655503342731,0.13867068572696331,0.040869253627223628,-0.40810602584220451,-0.062713836115870239,-0.078068958954670836,0.044730682545014513,0.038917041572808272,1.0555652898569456,0,0,1.0944823314297538
3.3999999999999999,10.432140878120229,0.34348597037418099,0.13788570835499728,0.041319017178676913,-0.41259697469643547,-0.063404356434006104,-0.078928082211195669,0.045222925429833263,0.038917261551609468,1.0555646939391352,0,0,1.0944819554907448
3.4100000000000001,10.427992247995848,0.34284844255301872,0.13709209257652097,0.04177373018733925,-0.41713732922501351,-0.064102482297135041,-0.079796657365947862,0.045720583789060694,0.038917484126875825,1.0555640909875661,0,0,1.0944815751144419
3.4199999999999999,10.423797965053803,0.34220389509922455,0.13628974335764071,0.042233447102958101,-0.42172762850227613,-0.064808296890828704,-0.080674787564681091,0.046223716717001644,0.038917709331274128,1.0555634809137333,0,0,1.0944811902450073
3.4300000000000002,10.41955752683976,0.34155225066090594,0.1354785645726197,0.042698223000851007,-0.42636850676269455,-0.065521898268889031,-0.081562594152198867,0.046732393744250797,0.03891793719794201,1.0555628636278656,0,0,1.0944808008258076
3.4399999999999999,10.415270425034235,0.34089343098025943,0.1346584589735203,0.043168113599307313,-0.43106041141342799,-0.066243355273454152,-0.082460162746466559,0.047246663911366886,0.03891816776050052,1.0555622390388892,0,0,1.0944804067993898
3.4500000000000002,10.410936146533745,0.34022735706265134,0.13382932839695502,0.043643175141009294,-0.43580393957657959,-0.066972760142826229,-0.083367607597291962,0.047766592678372084,0.038918401053000047,1.0555616070545635,0,0,1.0944800081075636
3.46,10.406554172279128,0.33955394899352742,0.13299107354000189,0.044123464521535788,-0.44059965700076009,-0.067710200203973406,-0.084285036955866324,0.048292242064293459,0.038918637109988601,1.0555609675813009,0,0,1.0944796046912895
3.4700000000000002,10.40212397752553,0.33887312598069219,0.13214359401183007,0.044609039259746915,-0.445448135072884,-0.06845576365816336,-0.085212560152717443,0.048823674706346722,0.038918875966501135,1.0555603205241841,0,0,1.0944791964906853
3.48,10.397645031675475,0.3381848063281378,0.13128678830176249,0.04509995751609655,-0.45034999166467693,-0.069209546018917462,-0.08615029540848218,0.049360958341024427,0.03891911765807389,1.0555596657869519,0,0,1.0944787834450258
3.4900000000000002,10.393116798085574,0.33748890740572601,0.13042055374230654,0.045596278113831476,-0.45530576407215628,-0.069971630085578898,-0.087098345537072755,0.049904151864852933,0.038919362220758549,1.0555590032719362,0,0,1.0944783654926948
3.5,10.388538734650988,0.33678534574144908,0.12954478662090219,0.046098060474870396,-0.46031605958985394,-0.07074210967581783,-0.088056826738860297,0.050453321853219088,0.038919609691096931,1.0555583328801568,0,0,1.0944779425712536
3.5100000000000002,10.383910293161179,0.33607403692003418,0.12865938205671965,0.046605364690475597,-0.46538147508315858,-0.071521076949159948,-0.089025853221094589,0.051008533737010302,0.038919860106160324,1.0555576545111778,0,0,1.094477514617338
3.52,10.379230919407561,0.33535489560004877,0.12776423402122578,0.047118251509443557,-0.47050261330087056,-0.072308624978062924,-0.090005540317232416,0.051569853592192454,0.038920113503548383,1.0555569680631418,0,0,1.0944770815666902
3.5300000000000002,10.374500052964871,0.33462783547975772,0.12685923529647747,0.047636782362077953,-0.47568015651396106,-0.073104859277631842,-0.090996018519853866,0.052137356216443401,0.038920369921407308,1.0555562734327193,0,0,1.0944766433541266
3.54,10.369717126719632,0.33389276922337352,0.12594427738521052,0.048161019411907091,-0.48091463910654314,-0.073909862199893914,-0.091997390144626129,0.052711100187132764,0.038920629398458959,1.0555555705150095,0,0,1.0944761999134685
3.5500000000000003,10.364881568205718,0.33314960867025167,0.12501925076530104,0.048691025409197376,-0.48620671501721163,-0.074723734807434411,-0.093009780295068137,0.053291157194050566,0.038920891973937374,1.0555548592037278,0,0,1.0944757511776653
3.5600000000000001,10.3599927983363,0.33239826463642874,0.12408404464806619,0.049226863830032434,-0.49155701603531354,-0.075546574686660775,-0.094033309858882155,0.053877596497467914,0.038921157687660198,1.0555541393910122,0,0,1.0944752970786724
3.5700000000000003,10.355050231674905,0.33163864695714912,0.12313854702987269,0.049768598846578534,-0.49696618029759043,-0.076378480409558677,-0.095068100938395836,0.054470488053623541,0.038921426580020319,1.0555534109674345,0,0,1.0944748375474549
3.5800000000000001,10.350053276313769,0.33087066446779367,0.12218264466882273,0.050316295340428828,-0.50243488849302764,-0.077219557267857411,-0.096114283799450251,0.055069906487301333,0.03892169869200069,1.0555526738219794,0,0,1.0944743725139801
3.5899999999999999,10.345001333522063,0.33009422494836177,0.12121622301727254,0.050870018941197338,-0.50796375292232621,-0.078069899702142342,-0.097171975578304551,0.055675918918879394,0.0389219740651972,1.0555519278419587,0,0,1.0944739019071559
3.6000000000000001,10.339893798490925,0.32930923524166861,0.12023916636486634,0.051429835944764399,-0.51355344689043314,-0.078929611795191604,-0.098241305116270411,0.056288599161927119,0.038922252741785866,1.0555511729131191,0,0,1.0944734256549049
3.6099999999999999,10.334730059598671,0.32851560113716705,0.11925135769754326,0.051995813393896091,-0.51920463675403383,-0.079798796509580397,-0.099322399917416315,0.056908020267115528,0.038922534764568993,1.0555504089195116,0,0,1.0944729436840805
3.6200000000000001,10.329509498527113,0.32771322738956588,0.1182526787198984,0.052568019065476757,-0.5249179954570069,-0.08067755783144176,-0.10041538874646107,0.057534256007395056,0.038922820176975355,1.0555496357434877,0,0,1.094472455920463
3.6299999999999999,10.324231490132609,0.32690201769867056,0.11724300983048058,0.053146521484651842,-0.53069426451279866,-0.081566010521141222,-0.1015204135132188,0.058167387677334481,0.038923109023074456,1.0555488532656665,0,0,1.0944719622887409
3.6400000000000001,10.318895401733256,0.32608187459737764,0.11622222998514474,0.053731390003017285,-0.53653406565473361,-0.082464250483296281,-0.10263759315859887,0.058807483431547868,0.038923401347622767,1.0555480613647994,0,0,1.0944714627124221
3.6499999999999999,10.313500594647826,0.3252526996938972,0.11519021699215004,0.054322694629798086,-0.54243811853663082,-0.083372389014058898,-0.10376706539632626,0.059454622166003904,0.038923697195986082,1.055547259917994,0,0,1.0944709571139801
3.6600000000000001,10.308046422842954,0.32441439345906176,0.11414684725279391,0.054920506180247332,-0.54840712752265541,-0.084290534991611848,-0.1049089650061293,0.060108881099105567,0.038923996614221384,1.0555464488004824,0,0,1.0944704454147038
3.6699999999999999,10.302532233206527,0.3235668552694646,0.11309199581385906,0.055524896245650435,-0.55444180399624099,-0.085218798385667052,-0.10606342811123283,0.060770338218933184,0.038924299649070369,1.0555456278856443,0,0,1.0944699275347147
3.6800000000000002,10.296957365459773,0.32270998339372892,0.11202553635077213,0.05613593720296816,-0.56054291087417674,-0.086157297323283588,-0.1072306007283077,0.061439077167949427,0.038924606347970181,1.0555447970449714,0,0,1.0944694033929416
3.6899999999999999,10.291321151506637,0.32184367488946097,0.11094734104268503,0.056753702286225477,-0.56671112854989558,-0.087106136809753862,-0.10841061301880915,0.062115172532431352,0.038924916759098344,1.055543956147952,0,0,1.0944688729070504
3.7000000000000002,10.285622916682627,0.32096782580170929,0.10985728081239227,0.057378265449464658,-0.5729472083160253,-0.088065433081699326,-0.10960360875729164,0.062798706678127786,0.038925230931313684,1.055543105062229,0,0,1.0944683359935428
3.71,10.279861978656573,0.32008233098886346,0.1087552251154344,0.058009701487254685,-0.5792518934499935,-0.089035301080816545,-0.11080973017409178,0.063489761090673599,0.038925548914222514,1.0555422436534183,0,0,1.0944677925676409
3.7200000000000002,10.274037647627805,0.31918708415417896,0.10764104197801681,0.058648086013048786,-0.58562593457551848,-0.090015856892240315,-0.11202912090585458,0.064188418061266489,0.03892587075817832,1.0555413717851199,0,0,1.0944672425432982
3.73,10.268149226252673,0.31828197783434276,0.10651459798294714,0.059293495467239866,-0.59207008966260732,-0.091007217744543234,-0.11326192599553303,0.06489476068666658,0.038926196514294263,1.055540489318864,0,0,1.0944666858331582
3.7400000000000002,10.262196008663897,0.31736690324474731,0.10537575808187864,0.059946007224750138,-0.59858525015911868,-0.092009521931870258,-0.11450831604133223,0.065608886707595765,0.038926526234506244,1.0555395961139544,0,0,1.0944661223484606
3.75,10.256177282337045,0.31644175057446822,0.10422438595266946,0.060605699390245432,-0.60517202690222816,-0.093022863409789797,-0.11576840791599118,0.06633086307742482,0.038926859971479946,1.0555386920277221,0,0,1.0944655519992021
3.7600000000000002,10.250092326578729,0.31550640874764585,0.10306034370993493,0.06127265096399824,-0.61183126804306265,-0.094047373600070053,-0.11704236392779199,0.067060782785761081,0.038927197778703085,1.0555377769152765,0,0,1.0944649746939796
3.77,10.243940412784177,0.31456076546433659,0.10188349195436307,0.061946941813624805,-0.61856376704678107,-0.095083175270092052,-0.11833033591472966,0.067798732821966828,0.038927539710482434,1.0555368506294978,0,0,1.0944643903399802
3.7800000000000002,10.237720804374801,0.31360470719082256,0.10069368976076613,0.062628652680928751,-0.6253703252095163,-0.096130392407229356,-0.11963247721390419,0.068544801034143524,0.038927885821955291,1.0555359130210191,0,0,1.0944637988429744
3.79,10.231432756026175,0.31263811903700928,0.099490794530243593,0.063317865266621073,-0.63225185343937673,-0.09718916641677873,-0.12094896215221267,0.069299087299025244,0.038928236169145362,1.0555349639380713,0,0,1.0944632001072168
3.8000000000000003,10.225075514995568,0.31166088496795957,0.098274662244406882,0.064014662084623197,-0.63920903946637775,-0.098259603160106984,-0.12227992231826015,0.070061667000137495,0.038928590808898926,1.0555340032266654,0,0,1.0944625940355643
3.8100000000000001,10.218648320114555,0.31067288764383394,0.097045147272470447,0.064719126572616803,-0.6462427624555348,-0.099341838938223806,-0.12362552595926059,0.070832636529255796,0.038928949798949918,1.0555330307303965,0,0,1.0944619805293465
3.8200000000000003,10.212150401831751,0.30967400842695614,0.095802102379443546,0.06543134308734555,-0.65335386013158581,-0.10043600343086147,-0.12498593338626741,0.071612087729651719,0.038929313197931574,1.0555320462904323,0,0,1.0944613594883639
3.8300000000000001,10.20558098217734,0.3086641273764294,0.094545378719339934,0.066151396908502649,-0.66054317845729893,-0.1015422276025256,-0.12636130648738883,0.072400113348008249,0.038929681065389556,1.0555310497454602,0,0,1.0944607308108498
3.8399999999999999,10.198939273893847,0.30764312311033576,0.093274825668716296,0.066879374334109759,-0.66781169403252827,-0.10266066313973211,-0.12775183216890124,0.073196820465964679,0.038930053461840558,1.0555300409315445,0,0,1.0944600943933851
3.8500000000000001,10.192224481846894,0.30661087303000212,0.091990291096857746,0.067615362525700579,-0.67516011559518296,-0.10379141916849262,-0.12915764603716892,0.07400228677055011,0.038930430448708142,1.055529019682292,0,0,1.0944594501310001
3.8599999999999999,10.185435802111943,0.30556725317520655,0.090691621190882171,0.068359449608532408,-0.68258937844943002,-0.10493464077059059,-0.13057892708848876,0.07481661481060399,0.038930812088385253,1.0555279858286755,0,0,1.0944587979170608
3.8700000000000001,10.178572421856991,0.3045121382057856,0.089378660433282714,0.069111724684451772,-0.69010036787014206,-0.10609046505960472,-0.13201584473721298,0.07563990164437194,0.038931198444253495,1.0555269391990025,0,0,1.0944581376432561
3.8799999999999999,10.171633519353549,0.30344540140361209,0.088051251604035818,0.069872277830684296,-0.69769397788004595,-0.10725903051484841,-0.13346857007238724,0.076472245289456883,0.038931589580697097,1.0555258796188514,0,0,1.0944574691995486
3.8900000000000001,10.164618263250292,0.30236691455671816,0.086709235641350232,0.070641200179554831,-0.70537121720681606,-0.10844049393429502,-0.13493729617503236,0.077313756353307311,0.038931985563156003,1.0555248069109544,0,0,1.0944567924741104
3.8999999999999999,10.157525813601961,0.30127654812425825,0.085352451838986917,0.071418583805540059,-0.7131328658603856,-0.10963497548762687,-0.1364221722668133,0.078164520337075924,0.038932386458082557,1.0555237208952848,0,0,1.0944561073533674
3.9100000000000001,10.150355321317937,0.30017417114862033,0.08398073774055001,0.072204521785787568,-0.7209798993648564,-0.1108426265925018,-0.13792338505654547,0.079024644201867472,0.038932792332988332,1.0555226213889641,0,0,1.0944554137219524
3.9199999999999999,10.143105927883774,0.29905965121121131,0.082593929086117665,0.072999108230673834,-0.72891325244231198,-0.11206359210443081,-0.13944111342654517,0.079894230429251797,0.03893320325647192,1.05552150820615,0,0,1.094454711462622
3.9300000000000002,10.135776765391769,0.2979328544376853,0.081191859818130069,0.073802438280440447,-0.73693386902267055,-0.1132980183182553,-0.14097553802202317,0.080773382510646113,0.038933619298235085,1.0555203811580336,0,0,1.0944540004562686
3.9399999999999999,10.128366955769456,0.29679364537493175,0.079774361933495061,0.074614608189867163,-0.74504282317613846,-0.11454607230197826,-0.14252686443764037,0.081662218221205701,0.038934040529140436,1.0555192400526356,0,0,1.0944532805817762
3.9500000000000002,10.120875611754235,0.29564188714721606,0.078341265670478277,0.075435715221286989,-0.75324092900263739,-0.11580787952862691,-0.14409524842103852,0.082560826800176304,0.038934467021174243,1.0555180846949619,0,0,1.0944525517161361
3.96,10.113301836572235,0.29447744140516968,0.076892399447159046,0.076265857679825258,-0.76152922030493286,-0.11708360056302206,-0.14568088784126917,0.083469321601182839,0.038934898847478895,1.0555169148868591,0,0,1.094451813734338
3.9700000000000002,10.105644723439232,0.29330016824632377,0.075427589765762082,0.077105134968174172,-0.76990868460317063,-0.11837338853789114,-0.14728397169101248,0.084387810896907445,0.038935336082400032,1.0555157304269338,0,0,1.0944510665093339
3.98,10.097903355647016,0.29210992622924792,0.073946661229246105,0.077953647577102353,-0.77838031917289452,-0.11967739811283273,-0.14890469083082833,0.085316404029981766,0.038935778801497685,1.0555145311104936,0,0,1.0944503099119913
3.9900000000000002,10.090076805883196,0.29090657226449795,0.072449436410884402,0.078811497160124519,-0.78694524323512283,-0.12099580353234934,-0.15054325950474404,0.086255223730380221,0.038936227081605046,1.0555133167293951,0,0,1.0944495438110002
4,10.082164136924364,0.28968996172662231,0.070935735987231061,0.079678786457386061,-0.795604337848695,-0.12232874066318261,-0.15219984627953057,0.087204366579057474,0.038936681000805676,1.0555120870721226,0,0,1.0944487680729282
4.0099999999999998,10.074164401613864,0.2884599484510158,0.069405378733885317,0.080555619298094003,-0.80435868651259312,-0.12367637791334099,-0.15387465854253266,0.088163951381852484,0.038937140638454756,1.0555108419236929,0,0,1.0944479825621476
4.0200000000000005,10.066076642205728,0.2872163846287536,0.067858181399703107,0.081442100672535503,-0.8132093320342374,-0.12503887709779823,-0.1555678958743576,0.089134092475962046,0.038937606075235484,1.0555095810655366,0,0,1.0944471871407722
4.0300000000000002,10.057899890474486,0.2859591208247006,0.066293958727886931,0.082338336720010202,-0.82215732750668991,-0.12641640164374712,-0.15727975982518158,0.090114905326748193,0.03893807739317396,1.0555083042754565,0,0,1.0944463816686305
4.04,10.049633167091883,0.28468800587753407,0.064712523336503389,0.083244434797252131,-0.83120384577212814,-0.12780913422808324,-0.15901047490324999,0.091106518546241327,0.038938554675694251,1.0555070113274552,0,0,1.0944455660031494
4.0499999999999998,10.041275482094788,0.2834028869755873,0.063113685808225906,0.084160503427044384,-0.8403498299136839,-0.12921722046232165,-0.16076022156026518,0.092109035519016266,0.038939038007614848,1.0555057019917544,0,0,1.0944447399993693
4.0600000000000005,10.032825835146173,0.28210360969934994,0.061497254740399784,0.085086652269554239,-0.84959641864698054,-0.13064083743451554,-0.16252921775585924,0.093122581107904334,0.038939527475153307,1.0555043760347991,0,0,1.0944439035099525
4.0700000000000003,10.024283214704958,0.28079001788816066,0.059863036585897034,0.086022992213466667,-0.85894471280807161,-0.13208015608423715,-0.16431767418404691,0.09414727601561991,0.038940023165998025,1.055503033219046,0,0,1.094443056385044
4.0800000000000001,10.015646598167582,0.27946195366346599,0.058210835680283235,0.086969635360431508,-0.8683958240591354,-0.13353534905036363,-0.16612580361204349,0.095183242132384757,0.038940525169323378,1.0555016733029172,0,0,1.0944421984722406
4.0899999999999999,10.006914951110925,0.27811925730688775,0.056540454096664916,0.087926695108182629,-0.87795102578717221,-0.13500661507818665,-0.16795384981848158,0.096230619106163068,0.038941033575855835,1.0555002960406397,0,0,1.0944413296164954
4.0999999999999996,9.9980872276840937,0.27676176732410707,0.054851691720849131,0.088894286107504952,-0.88761127397809514,-0.13649410152319341,-0.16980199571025001,0.097289511729689582,0.03894154847787841,1.0554989011822191,0,0,1.0944404496600975
4.1100000000000003,9.9891623714162012,0.27538932057603743,0.053144346406283807,0.089872524173517918,-0.89737778710403893,-0.13799799814493763,-0.17167047452891784,0.098360053618083518,0.038942069969207078,1.0554974884735087,0,0,1.0944395584427158
4.1200000000000001,9.980139313845422,0.27400175205759991,0.051418213711179099,0.090861526436205847,-0.90725172959418587,-0.13951848591002958,-0.17355950914915139,0.099442372450676983,0.038942598145296416,1.0554960576559298,0,0,1.0944386558012262
4.1299999999999999,9.9710169748076112,0.27259889494492223,0.049673086953885046,0.091861411308711907,-0.91723427748287278,-0.14105574761038858,-0.17546932466821422,0.10053659717985509,0.038943133103250517,1.0554946084664245,0,0,1.0944377415696751
4.1399999999999997,9.9617942619511108,0.2711805805168831,0.047908757119831155,0.092872298540617085,-0.92732671484822737,-0.14260998359120541,-0.17740016691136204,0.10164286862429799,0.038943674941878288,1.0554931406373245,0,0,1.0944368155792028
4.1500000000000004,9.9524700707500067,0.26974663815794853,0.046125012864114259,0.093894309216466423,-0.93753012941236091,-0.14418136210705623,-0.1793522440212422,0.10276130603237289,0.038944223761722206,1.0554916538962651,0,0,1.0944358776579872
4.1600000000000001,9.9430432852483008,0.2682968954802103,0.044321640654338433,0.094927565674008993,-0.9478457787501694,-0.14577007904607966,-0.18132579672888449,0.10389204730811286,0.038944779665041465,1.0554901479662178,0,0,1.0944349276312593
4.1699999999999999,9.9335127769646068,0.26683117814542956,0.042498424560483763,0.095972191624493136,-0.95827489161128199,-0.14737632552801624,-0.18332106022981226,0.10503522718754911,0.038945342755908434,1.055488622565266,0,0,1.0944339653211743
4.1799999999999997,9.9238774050694261,0.26534930989461913,0.040655146288962371,0.097028312133178821,-0.96881870887152355,-0.14900029458289113,-0.18533827204212758,0.10619098173699938,0.038945913140228272,1.0554870774065011,0,0,1.0944329905467294
4.1900000000000004,9.9141360153297509,0.26385111237594833,0.038791584980092018,0.0980960537352632,-0.9794786249782812,-0.15064220431755454,-0.18737769915683658,0.10735946389254512,0.038946490925833015,1.0554855121978199,0,0,1.094432003123653
4.2000000000000002,9.9042874417906859,0.26233640542091957,0.036907517530926456,0.099175544251118269,-0.99025573232435682,-0.15230222329123963,-0.1894395505807735,0.10854079340401064,0.038947076222415937,1.0554839266420595,0,0,1.0944310028644755
4.21,9.8943305055456641,0.26080500684371138,0.03500271835925501,0.10026691292137536,-1.0011513813773283,-0.15398056225599788,-0.19152408485298517,0.10973511837192092,0.038947669141636942,1.0554823204367447,0,0,1.0944299895783818
4.2199999999999998,9.8842640147000242,0.25925673243596636,0.033076959396656433,0.10137029041091025,-1.0121668697919721,-0.15567742323817244,-0.19363155037010835,0.11094258109275618,0.03894826979715884,1.0554806932739504,0,0,1.0944289630711093
4.2300000000000004,9.8740867642051207,0.257691395940357,0.03113001005671184,0.10248580882704669,-1.0233035471262564,-0.1573930166983446,-0.19576220548654213,0.11216332956349609,0.038948878304695567,1.0554790448402187,0,0,1.0944279231449143
4.2400000000000002,9.8637975355759835,0.25610880900504857,0.029161637180855432,0.10361360175055888,-1.0345627212528832,-0.15912754618976696,-0.19791630055106008,0.1133975071994644,0.038949494782063637,1.0554773748163904,0,0,1.094426869598454
4.25,9.8533950968559409,0.25450878117847275,0.027171605031612926,0.1047538042395434,-1.0459457818902305,-0.16088122863286003,-0.20009410161958238,0.11464526640675782,0.038950119349222476,1.0554756828774907,0,0,1.0944258022267133
4.2599999999999998,9.842878242587739,0.2529511392899278,0.025211975001813422,0.10590502642862561,-1.0574387874173774,-0.14735827311393435,-0.18908963778714838,0.11551721077019035,0.035288334179462873,1.0554739686991619,0,0,1.0907623028786249
4.2700000000000005,9.8322460645497358,0.25156647346220185,0.023390246436245921,0.1070640523759885,-1.0690096507364693,-0.12955515978905544,-0.17542687523423173,0.11628883455022512,0.03068910670743619,1.0554722320018897,0,0,1.0861613387093259
4.2800000000000002,9.8214977921004945,0.2503604322938276,0.021700148438139298,0.10823082028841925,-1.0806577553891452,-0.11163320129844062,-0.16275114278565572,0.11706560929631295,0.026158669598776805,1.055470472525271,0,0,1.0816291421240478
4.29,9.8106326502600343,0.24933420820185132,0.020132171189451705,0.10940538184632616,-1.0923836148529977,-0.093591612051206946,-0.15099130213926185,0.11784756936358463,0.021695589967143096,1.0554686900049011,0,0,1.0771642799720442
4.2999999999999998,9.7996498588950711,0.24848900148862196,0.018677490583893182,0.1105877890748817,-1.104187746985239,-0.075429591701976925,-0.14008117539379045,0.11863474919593835,0.017298474266462395,1.0554668841721642,0,0,1.0727653584386265
4.3100000000000005,9.7885486326720361,0.24782602048752234,0.017327920365424038,0.11177809434529322,-1.1160706736537145,-0.057146335529055688,-0.12995939003119139,0.11942718355023911,0.012965966953038099,1.0554650547541207,0,0,1.0684310217071589
4.3200000000000003,9.7773281810259842,0.24734648157959022,0.016075865037703609,0.11297635037766821,-1.1280329192692955,-0.038741038515776142,-0.12056902614812187,0.12022490744469008,0.008696749196157514,1.055463201473462,0,0,1.0641599506696195
4.3300000000000001,9.7659877081300053,0.24705160922551042,0.014914278966837372,0.11418261024343528,-1.1400750120652747,-0.02021288848955579,-0.11185705736166843,0.12102795612007343,0.0044895376425364009,1.0554613240483857,0,0,1.0599508616909221
4.3399999999999999,9.7545264128516482,0.24694263606253364,0.013836625466296886,0.11539692736749363,-1.1521974847492815,-0.0015610631086450675,-0.10377469852508173,0.12183636503223785,0.00034308323132754658,1.0554594221925235,0,0,1.0558025054238511
4.3500000000000005,9.7429435116767102,0.24697426164834904,0.012836839314639491,0.11661860216724933,-1.1643933501397519,0.0070471884890403423,-0.096276258042186161,0.12248547468159682,0,1.045322294233743,0,0.0049859077015832476,1.0503082019353263
4.3600000000000003,9.7312383344463651,0.24708333315758063,0.011909294469762953,0.11784664171265649,-1.1766526921279781,0.014773803374188016,-0.089319717102734661,0.12312298561179526,0,1.0344293481441531,0,0.010343620037126078,1.0447729681812792
4.3700000000000001,9.7194102453496285,0.24726987172271261,0.011048770253593134,0.11908107293050083,-1.1889757788032829,0.022540619044359427,-0.082865780839264491,0.1237638117980539,0,1.0237061337106643,0,0.015617822210000964,1.0393239559206653
4.3799999999999999,9.7074586052880836,0.24753428015456938,0.01025042456214432,0.12032192905538001,-1.2013629402141437,0.030347815606231367,-0.076878188274025816,0.12440796995235313,0,1.013148855947047,0,0.020810380989539246,1.0339592369365862
4.3899999999999997,9.6953827718568331,0.24787696335356099,0.009509764542700725,0.12156924349392681,-1.2138145082469138,0.038195607062322605,-0.071323246047792832,0.12505547741149661,0,1.0027538320076193,0,0.025923107976518533,1.0286769399841378
4.4000000000000004,9.683182099321753,0.24829832829653373,0.0088226220715966735,0.12282304982554711,-1.2263308167021056,0.046084200101607416,-0.066169671934643154,0.12570635147407946,0,0.9925174870754957,0,0.030957761625916125,1.0234752487014118
4.4100000000000001,9.6708559386038022,0.24879878406752995,0.0081851301911299596,0.12408338180357333,-1.2389122008607893,0.054013807947538101,-0.061388468383344871,0.12636060960625597,0,0.98243635042746791,0,0.035916049182604604,1.0183523996100725
4.4199999999999999,9.6584036372622819,0.24937874188465292,0.0075937012788574445,0.12535027335639926,-1.2515589977627717,0.061984644311457095,-0.056952753736352085,0.12701826935560664,0,0.9725070516695189,0,0.040799628533304766,1.0133066802028237
4.4299999999999997,9.6458245394768234,0.25003861509152792,0.0070450069485315826,0.12662375858809449,-1.2642715462586547,0.069996921604027082,-0.052837546877168941,0.12767934832439023,0,0.96272631713890178,0,0.045610109976436997,1.0083364271153388
4.4400000000000004,9.6331179860301823,0.25077881916720868,0.0065359593504411787,0.12790387177928433,-1.2770501868920889,0.078050854087768989,-0.049019690721121729,0.12834386421559824,0,0.95309096645771541,0,0.050349057917556506,1.0034400243752719
4.4500000000000002,9.620283314291207,0.25159977174458148,0.0060636937525079043,0.12919064738815889,-1.2898952619161355,0.086146657987826197,-0.045477697977764721,0.1290118348354268,0,0.94359790923204545,0,0.055017992493089474,0.99861590172513492
4.46,9.6073198581973376,0.25250189262085865,0.0056255524233409836,0.1304841200513758,-1.3028071153551473,0.094284550077384968,-0.042191638563182428,0.12968327807299446,0,0.93424414189101179,0,0.059618391125291881,0.99386253301630367
4.4699999999999998,9.594226948236976,0.25348560376581575,0.0052190696520587635,0.1317843245849292,-1.3157860929903931,0.10246474813614924,-0.03914301990715572,0.13035821190715469,0,0.9250267446583843,0,0.064151690012000606,0.98917843467038491
4.4800000000000004,9.5810039114319476,0.25455132933372931,0.0048419579042650717,0.13309129598507669,-1.3288325423588794,0.11068747127485783,-0.036314680220197175,0.13103665441168946,0,0.91594287864978052,0,0.068619285554561871,0.98456216420434239
4.4900000000000002,9.5676500713198518,0.25569949567547212,0.0044920949389677615,0.13440506942927269,-1.3419468127713279,0.11895293968758262,-0.033690708581668248,0.13171862375205992,0,0.90698978308962008,0,0.073022535726887439,0.98001231881650752
4.5,9.5541647479362624,0.25693053134910648,0.0041675118457863173,0.13572568027708409,-1.355129255322606,0.12726137462165182,-0.03125633807651735,0.13240413818535457,0,0.89816477264238614,0,0.077362761388254708,0.97552753403064085
4.5099999999999998,9.5405472577968631,0.25824486713092359,0.0038663819949812362,0.1370531640711152,-1.3683802228957054,0.13561299848828492,-0.028997861727221221,0.13309321606224542,0,0.88946523485256745,0,0.081641247542625806,0.97110648239519326
4.5200000000000005,9.5267969138795419,0.25964293602702582,0.0035870107364032295,0.13838755653794454,-1.3817000701697923,0.14400803483476371,-0.026902578257605416,0.13378587582687276,0,0.88088862768796594,0,0.08585924454718552,0.96674787223515146
4.5300000000000002,9.5129130256063732,0.26112517328470469,0.0033278258662792367,0.13972889358906168,-1.3950891536320049,0.15244670834494406,-0.024958691298033155,0.13448213601734782,0,0.87243247718197137,0,0.090017969272075504,0.96245044645404687
4.54,9.4988948988254762,0.2626920164037389,0.0030873687929488707,0.14107721132180806,-1.4085478315836777,0.16092924483867319,-0.023155263450656553,0.1351820152660046,0,0.86409437516969456,0,0.094118606214080414,0.95821298138377498
4.5499999999999998,9.4847418357928586,0.2643439051478772,0.002864286306485303,0.14243254602032246,-1.4220764641493764,0.16945587129123968,-0.021482146150137389,0.13588553230009084,0,0.85587197711405416,0,0.098162308565958756,0.95403428568001292
4.5600000000000005,9.4704531351541252,0.26608128155639815,0.0026573229807457638,0.14379493415649255,-1.435675413286257,0.17802681583305757,-0.019929920131561005,0.13659270594215495,0,0.84776300001732285,0,0.10215019924381219,0.94991319926113504
4.5700000000000003,9.4560280919261146,0.26790458995566535,0.0024653141038170952,0.14516441239090869,-1.4493450427909265,0.18664230775203228,-0.018489853990454445,0.13730355511036874,0,0.83976522041455259,0,0.106083371874101,0.94584859228865359
4.5800000000000001,9.4414659974784652,0.26981427697074384,0.0022871791154203507,0.14654101757382412,-1.4630857183096788,0.1953025775016228,-0.017153843254478694,0.13801809881908964,0,0.83187647244491814,0,0.10996289174236851,0.94183936418728664
4.5899999999999999,9.4267661395150633,0.2718107915370912,0.0021219155412261284,0.1479247867461182,-1.4768978073473709,0.20400785670783436,-0.015914364788735213,0.13873635617934302,0,0.82409464599752724,0,0.11378979670535094,0.93788444270287818
4.6000000000000005,9.4119278020554304,0.27389458491229407,0.0019685933353925339,0.14931575714026518,-1.4907816792733186,0.21275837817137153,-0.014764448907040064,0.13945834639910218,0,0.81641768492849887,0,0.11756509806796922,0.93398278299646809
4.6100000000000003,9.3969502654160237,0.27606611068785558,0.0018263496553321457,0.15071396618130625,-1.5047377053336728,0.22155437587558055,-0.013697620914133563,0.14018408878393607,0,0.80884358534598266,0,0.12128978142692881,0.93013336677291147
4.6200000000000001,9.3818328061914258,0.27832582480104151,0.0016943840085019111,0.15211945148782796,-1.5187662586572268,0.23039608499055167,-0.012707878727611208,0.14091360273731848,0,0.8013703939601462,0,0.12496480748236094,0.92633520144250714
4.6299999999999999,9.3665746972354782,0.28067418554677942,0.0015719537373758083,0.153532250872943,-1.5328677142655081,0.23928374187939419,-0.011789652564991187,0.1416469077611503,0,0.79399620649529334,0,0.12859111281890645,0.92258731931419979
4.6399999999999997,9.3511752076423029,0.28311165358961493,0.00145836985019348,0.15495240234527738,-1.5470424490819075,0.24821758410377398,-0.010937772652306632,0.14238402345623144,0,0.78671916616152915,0,0.13216961065743704,0.91888877681896619
4.6500000000000004,9.3356336027272544,0.2856386919757205,0.0013529931386351201,0.15637994410996087,-1.5612908419382825,0.25719785042822829,-0.010147447619773309,0.14312496952260526,0,0.77953746218301656,0,0.13570119157906357,0.91523865376208013
4.6600000000000001,9.3199491440077828,0.28825576614495935,0.0012552305789489146,0.15781491456962221,-1.5756132735862809,0.26622478082727968,-0.0094142283387298135,0.1438697657601502,0,0.77244932838094715,0,0.13918672422206446,0.91163605260301162
4.6699999999999999,9.3041210891841821,0.29096334394300782,0.0011645320017168658,0.15925735232538998,-1.5900101267042936,0.27529861648979953,-0.0087339890528721695,0.14461843206893971,0,0.7654530418082679,0,0.14262705595350278,0.90808009776177068
4.6799999999999997,9.2881486921202985,0.29376189563352761,0.0010803869864940171,0.16070729617789628,-1.604481785906962,0.28441959982502374,-0.0081029018748730031,0.14537098844973367,0,0.75854692143447078,0,0.14602301351610592,0.90456993495057669
4.6900000000000004,9.2720312028241114,0.29665189391039865,0.0010023219956839253,0.1621647851282865,-1.6190286377543932,0.29358797446833285,-0.0075174141350771969,0.14612745500446231,0,0.75172932687798721,0,0.14937540365178625,0.90110473052977347
4.7000000000000002,9.2557678674282364,0.29963381391000371,0.00092989770927369333,0.16362985837923222,-1.6336510707594454,0.30280398528586616,-0.0069742321131980615,0.14688785193660261,0,0.74499865718439862,0,0.15268501370257803,0.89768367088697665
4.71,9.2393579281703619,0.30270813322356971,0.00086270654813525136,0.16510255533595028,-1.6483494753979804,0.31206787838098521,-0.0064702989598074724,0.14765219955171066,0,0.73835334964835231,0,0.15595261219012069,0.894305961838473
4.7199999999999998,9.2228006233735602,0.30587533190956545,0.00080037038604859956,0.16658291560722524,-1.6631242441179535,0.32137990109996911,-0.0060027772240767727,0.14842051825789759,0,0.731791878677583,0,0.15917894937437105,0.89097082805195404
4.7300000000000004,9.2060951874265342,0.30913589250615353,0.00074253841744982227,0.168070979006437,-1.677975771345781,0.33074030203607729,-0.0055690376673108938,0.14919282856615648,0,0.72531275469711909,0,0.16236475779257942,0.88767751248969851
4.7400000000000002,9.1892408507637828,0.31249030004369649,0.00068888518430938652,0.16956678555259211,-1.6929044534983198,0.34014933103704664,-0.0051666383230380194,0.1499691510909901,0,0.71891452309208992,0,0.16551075277927185,0.88442527587136177
4.75,9.1722368398456595,0.31593904205732393,0.00063910874710509144,0.1710703754713615,-1.7079106889894287,0.34960723920929221,-0.0047933150863897142,0.15074950655074598,0,0.71259576318758633,0,0.16861763296798604,0.88121339615557237
4.7599999999999998,9.1550823771383563,0.31948260859954875,0.0005929289810984779,0.17258178919612069,-1.7229948782397242,0.35911427892398678,-0.0044469671249971632,0.15153391576813005,0,0.70635508726399576,0,0.17168608077557734,0.87804116803957311
4.7700000000000005,9.1377766810937704,0.32312149225294373,0.00055008600357654648,0.17410106736899636,-1.7381574236859625,0.36867070382301564,-0.004125644566581637,0.15232239967069092,0,0.70019113960647361,0,0.17471676286969995,0.87490790247617356
4.7800000000000002,9.1203189661293411,0.32685618814287065,0.00051033871032980273,0.17562825084191588,-1.7533987297879956,0.37827676882336136,-0.0038275399587985853,0.15311497929118145,0,0.6941025955871305,0,0.17771033062019526,0.87181292620732576
4.79,9.1027084426077405,0.33068719395026808,0.00047346341718942084,0.17716338067766293,-1.7687192030394363,0.38793273012380391,-0.0035509756112342547,0.15391167576811521,0,0.68808816077853763,0,0.18066742053511142,0.86875558131364905
4.7999999999999998,9.0849443168164949,0.33461500992449306,0.00043925260439142444,0.178706498150937,-1.7841192519767497,0.3976388452106594,-0.0032943941667710032,0.15471251034623862,0,0.68214657009752533,0,0.18358865468175489,0.86573522477928022
4.8100000000000005,9.0670257909475307,0.33864013889621741,0.00040751374536403381,0.18025764474941738,-1.7995992871851734,0.40739537286152466,-0.0030563528630671503,0.15551750437683773,0,0.67627658697785187,0,0.18647464109358725,0.86275122807143911
4.8200000000000003,9.0489520630766282,0.34276308629038155,0.00037806822517067574,0.1818168621748317,-1.8151597213114061,0.41720257315326159,-0.0028355113777410921,0.1563266793183988,0,0.67047700257075515,0,0.18932597416337749,0.85980297673413264
4.8300000000000001,9.0307223271427652,0.34698436013920514,0.00035075033577595835,0.1833841923440297,-1.8308009690694351,0.42706070746565172,-0.0026306272423951382,0.15714005673691325,0,0.66474663497227093,0,0.1921432350231741,0.85688986999544503
4.8399999999999999,9.0123357729273934,0.35130447109524765,0.00032540634144012675,0.18495967739006103,-1.8465234472508347,0.43697003848792593,-0.0024405474673280642,0.15795765830640984,0,0.65908432847619702,0,0.19492699191168861,0.85401132038788563
4.8500000000000005,8.9937915860336375,0.35572393244453299,0.00030189361611987112,0.18654335966325766,-1.8623275747345109,0.44693083022491198,-0.0022642015199076087,0.15877950580946068,0,0.65348895285180508,0,0.1976778005294878,0.85116675338129288
4.8600000000000003,8.9750889478653502,0.36024326011973234,0.00028007985156306418,0.18813528173232175,-1.8782137724944645,0.45694334800182068,-0.0021005960156750799,0.15960562113759433,0,0.64795940264541152,0,0.20039620438239791,0.84835560702780943
4.8700000000000001,8.9562270356061529,0.36486297271338186,0.00025984229587539605,0.18973548638541637,-1.8941824636028488,0.46700785846640669,-0.0019488131157340033,0.16043602629143483,0,0.64249459650459151,0,0.20308273511387565,0.84557733161846715
4.8799999999999999,8.9372050221984125,0.36958359149113906,0.00024106703190326654,0.19134401663125916,-1.9102340732495242,0.47712462960098295,-0.0018079976912184072,0.16127074338174477,0,0.63709347652465786,0,0.20573791282629239,0.84283138935095026
4.8899999999999997,8.918022076321936,0.37440564040519569,0.00022364841615909794,0.19296091570022891,-1.9263690287436734,0.4872939307236529,-0.0016773573081577202,0.16210979462949113,0,0.63175500761606473,0,0.20836224639202183,0.84011725400808657
4.9000000000000004,8.8986773623728457,0.37932964610760705,0.00020748841048739262,0.19458622704546569,-1.942587759518011,0.49751603249096177,-0.0015561602166031666,0.16295320236606448,0,0.62647817689233154,0,0.210956233754372,0.83743441064670354
4.9100000000000001,8.8791700404421938,0.38435613796376866,0.00019249606446399207,0.19621999434398205,-1.9588906971653124,0.5077912069207704,-0.0014437160971429736,0.16380098903519125,0,0.62126199307752183,0,0.21352036221890802,0.83478235529642986
4.9199999999999999,8.8594992662944883,0.38948564806593167,0.00017858700918015185,0.19786226149777908,-1.9752782753995028,0.51811972736790635,-0.0013393980051621306,0.16465317719089514,0,0.61610548593253989,0,0.21605510873554068,0.83216059466808057
4.9299999999999997,8.8396641913462428,0.39471871124675151,0.00016568296972308994,0.1995130726349636,-1.9917509301025165,0.52850186855358094,-0.0012426179574849302,0.16550978949994419,0,0.61100770569977314,0,0.2185609401715094,0.82956864587128254
4.9400000000000004,8.8196639626443272,0.40005586509291002,0.00015371133170098412,0.20117247211087261,-2.008309099314824,0.53893790655946172,-0.001152832978392173,0.16637084874135427,0,0.60596772256501941,0,0.2210383135759646,0.827006036140984
4.9500000000000002,8.7994977228443254,0.40549764995876991,0.00014260472314145699,0.20284050450919905,-2.0249532232687915,0.54942811884870757,-0.0010695321591390906,0.16723637780812278,0,0.60098462613650672,0,0.22348767643603007,0.82447230257253679
4.96,8.7791646101887437,0.41104460898009487,0.00013230063431322525,0.20451721464312494,-2.0416837443525697,0.55997278424316577,-0.00099225118215398697,0.16810639970535499,0,0.59605752493998976,0,0.22590946692503733,0.82196699186502709
4.9699999999999998,8.7586637584851452,0.4166972880878464,0.00012274107992502173,0.20620264755645898,-2.0585011071560371,0.57057218295236956,-0.00092055473553639446,0.1689809375526494,0,0.59118554592963168,0,0.2283041141429285,0.81948966007256019
4.9800000000000004,8.7379942970842066,0.42245623602199861,0.00011387226326783189,0.20789684852477663,-2.0754057584673791,0.58122659657136766,-0.00085403900451777061,0.16986001458392105,0,0.58636783401395343,0,0.23067203834926453,0.81703987236321796
4.9900000000000002,8.7171553508577144,0.428322004345427,0.00010564427749057267,0.20959986305656589,-2.0923981472795825,0.59193630808483411,-0.00079232995335463139,0.17074365414773784,0,0.5816035515963236,0,0.23301365118908024,0.81461720278540384
5,8.6961460401764583,0.43429514745781878,9.8010813211766256e-05,0.21131173689437519,-2.1094787248084996,0.60270160187840993,-0.0007350786047669826,0.17163187970826402,0,0.5768918781294915,0,0.2353293559118298,0.81222123404132129
5.0099999999999998,8.6749654808879981,0.44037622260969389,9.0928913995711114e-05,0.21303251601597023,-2.12664794448099,0.61352276373127557,-0.00068196438909090974,0.17252471484463885,0,0.57223200968373389,0,0.23761954758358739,0.80985155726732128
5.0200000000000005,8.6536127842944239,0.44656578991643031,8.4358726705770668e-05,0.21476224663549123,-2.1439062619620546,0.6244000808332264,-0.00063268819869136063,0.17342218325239048,0,0.56762315852797118,0,0.23988461329291422,0.8075077718208854
5.0300000000000002,8.6320870571299828,0.45286441237235586,7.8263278966857053e-05,0.21650097520461523,-2.1612541351533823,0.63533384178376806,-0.00058697319944448791,0.17432430874335902,0,0.56306455272356326,0,0.24212493235044508,0.80518948507400834
5.04,8.6103874015386719,0.45927265586487559,7.2608264899306382e-05,0.21824874841372219,-2.1786920242163275,0.64632433660659361,-0.00054456019447930281,0.17523111524689211,0,0.55855543573022171,0,0.24434087648253244,0.80289631221275415
5.0499999999999998,8.588512915051675,0.46579108918868434,6.7361860192144478e-05,0.22000561319306755,-2.196220391551102,0.65737185673646437,-0.00050521213476862573,0.17614262680876311,0,0.55409506602372671,0,0.24653281001904315,0.80062787604276986
5.0600000000000005,8.5664626905647818,0.47242028406000713,6.2494541049638931e-05,0.22177161671395709,-2.213839701830195,0.66847669504028617,-0.0004687073842045047,0.17705886759290784,0,0.54968271672489633,0,0.24870109007565744,0.79838380680055376
5.0700000000000003,8.5442358163157213,0.47916081513088937,5.7978917329944515e-05,0.22354680638992572,-2.2315504219934956,0.67963914581404128,-0.00043484104950913122,0.17797986188117043,0,0.54531767523964303,0,0.25084606673063536,0.79616374197027839
5.0800000000000001,8.5218313758613906,0.48601326000353273,5.378957623981671e-05,0.22533122987792073,-2.2493530212762805,0.69085950480038105,-0.00040342057975930413,0.17890563407476323,0,0.5409992429094016,0,0.25296808319657338,0.79396732610597498
5.0899999999999999,8.4992484480550399,0.49297819924468772,4.990294049711254e-05,0.22712493507948942,-2.2672479711792146,0.70213806916978594,-0.00037427072374009683,0.17983620869270023,0,0.53672673467198395,0,0.25506747598691559,0.79179421065889954
5.1000000000000005,8.4764861070233284,0.50005621640010678,4.6297138429909666e-05,0.22892797014197103,-2.2852357455080154,0.71347513754550729,-0.00034722728257084387,0.18077161037386485,0,0.53249947873211589,0,0.25714457507778321,0.7896440538098991
5.1100000000000003,8.4535434221433849,0.50724789800901904,4.2951878428969541e-05,0.23074038345969122,-2.3033168203650565,0.72487100999830278,-0.00032213864264028455,0.18171186387657137,0,0.52831681624165128,0,0.25919970406496551,0.78751652030661679
5.1200000000000001,8.4304194580196885,0.51455383361867157,3.9848335697731422e-05,0.23256222367516233,-2.3214916741827296,0.7363259880674744,-0.00029886167351502564,0.1826569940802987,0,0.52417810098889572,0,0.26123318031646692,0.78541128130536264
5.1299999999999999,8.4071132744610182,0.52197461579888804,3.6969042543296432e-05,0.2343935396802839,-2.339760787683459,0.74784037473563381,-0.00027726685929396175,0.18360702598361325,0,0.5200826990969114,0,0.26324531512059257,0.78332801421750398
5.1399999999999997,8.3836239264571599,0.52951084015672445,3.4297796152025268e-05,0.23623438061755231,-2.3581246439260104,0.75941447445792243,-0.00025723254059256901,0.18456198470657534,0,0.51602998873037054,0,0.26523641382984153,0.78126640256021207
5.1500000000000004,8.3599504641556823,0.53716310535112599,3.1819564144247831e-05,0.2380847958812701,-2.3765837283000595,0.77104859315857111,-0.000238645890348139,0.18552189549045731,0,0.51201935981075197,0,0.26720677600067899,0.77922613581143096
5.1600000000000001,8.3360919328385688,0.54493201310764183,2.9520400857077141e-05,0.23994483511875964,-2.3951385285310196,0.78274303823394764,-0.00022140245375175155,0.18648678369799448,0,0.50805021373961634,0,0.26915669552930832,0.77720690926892466
5.1699999999999999,8.3120473728988475,0.55281816823316854,2.7387366165794873e-05,0.24181454823158008,-2.4137895346975671,0.79449811856356833,-0.00020540456037618476,0.18745667481429934,0,0.50412196312959712,0,0.27108646078366794,0.77520842391326505
5.1799999999999997,8.2878158198170446,0.56082217863076955,2.5408456344014946e-05,0.24369398537674986,-2.4325372392169684,0.80631414450091377,-0.00019056273447030383,0.18843159444609345,0,0.50023403154303492,0,0.27299635473159978,0.7732303862746347
5.1900000000000004,8.2633963041376806,0.56894465531450977,2.3572535175961368e-05,0.24558319696797082,-2.4513821368707549,0.81819142788956734,-0.000176793382888997,0.18941156832304576,0,0.4963858532377467,0,0.27488665506557092,0.77127250830331762
5.2000000000000002,8.2387878514456432,0.57718621242433221,2.1869271325748263e-05,0.24748223367685529,-2.470324724801428,0.83013028206116268,-0.0001640191926315859,0.19039662229759968,0,0.49257687291999114,0,0.27675763432376915,0.76933450724376029
5.21,8.2139894823425479,0.58554746724097162,2.0289079008448447e-05,0.24939114643415697,-2.4893655025328552,0.84213102184820576,-0.00015216761177005663,0.19138678234603607,0,0.48880654550415253,0,0.2786095600079313,0.76741610551208383
5.2199999999999998,8.1890002124229664,0.59402904020091751,1.8823065212949999e-05,0.25130998643100544,-2.5085049719491179,0.8541939635707777,-0.00014117248499410299,0.19238207456737083,0,0.485074335879077,0,0.28044269469786109,0.7655170305769381
5.2300000000000004,8.1638190522506555,0.60263155491141296,1.7462980071987183e-05,0.25323880512014346,-2.5277436373236815,0.86631942505489834,-0.00013097187882522011,0.19338252518487312,0,0.48137971868081242,0,0.28225729616277495,0.76363701484358737
5.2400000000000002,8.1384450073347168,0.61135563816547522,1.6201169794253181e-05,0.25517765421716654,-2.5470820053134893,0.8785077256288164,-0.00012150858058806176,0.19438816054575764,0,0.47772217807150252,0,0.28405361746962521,0.76177579554112773
5.25,8.1128770781056847,0.62020191995696206,1.5030533564301571e-05,0.25712658570176583,-2.5665205849815078,0.8907591861372165,-0.00011272867187245452,0.19539900712235697,0,0.47410120752427792,0,0.28583190708845435,0.75993311461273227
5.2599999999999998,8.087114259891603,0.62917103349565706,1.3944482857381446e-05,0.25908565181897303,-2.5860598877700047,0.90307412892435679,-0.00010458325536486606,0.19641509151073377,0,0.4705163096139976,0,0.28759240899483318,0.75810871860883078
5.2700000000000005,8.0611555428939869,0.63826361522241426,1.2936906057892899e-05,0.26105490508041002,-2.605700427532188,0.91545287785403395,-9.7026444286664698e-05,0.19743644043232403,0,0.46696699581359064,0,0.2893353627695357,0.75630235858312633
5.2800000000000002,8.0349999121638014,0.64748030482430075,1.2002133037586674e-05,0.26303439826553732,-2.6254427205280289,0.9278957583069446,-9.0015682210496575e-05,0.1984630807337204,0,0.46345278629578845,0,0.29106100369557675,0.7545137899913652
5.29,8.0086463475773559,0.65682174524978931,1.1134903596942044e-05,0.26502418442290915,-2.6452872854275609,0.94040309718277859,-8.3511557844019872e-05,0.19949503938684238,0,0.45997320974026373,0,0.29276956285250294,0.75274277259276667
5.2999999999999998,7.9820938238121961,0.66628858272395253,1.0330336734676131e-05,0.26702431687142558,-2.6652346433205332,0.95297522290626635,-7.7477262957224385e-05,0.20053234348944171,0,0.45652780314573127,0,0.29446126720830368,0.75098907035403495
5.3100000000000005,7.9553413103229031,0.67588146676371708,9.5839047887962159e-06,0.26903484920159254,-2.6852853177086855,0.96561246542235468,-7.1879025974644467e-05,0.20157502026469676,0,0.45311611164714427,0,0.29613633970872244,0.74925245135586671
5.3200000000000003,7.9283877713168973,0.68560105019310968,8.8914072430559603e-06,0.27105583527677812,-2.705439834519944,0.97831515620511766,-6.6685317348692791e-05,0.20262309706195367,0,0.44973768833762812,0,0.29779499936425385,0.74753268770188197
5.3300000000000001,7.9012321657301969,0.69544798915854078,8.2489472042172534e-06,0.27308732923447515,-2.7256987221063351,0.99108362825644525,-6.1866965095116691e-05,0.20367660135661805,0,0.44639209409504649,0,0.29943746133485011,0.7458295554298966
5.3399999999999999,7.8738734472031622,0.70542294314408982,7.6529088992140353e-06,0.27512938548756144,-2.7460625112529944,1.0039182161117517,-5.7396631302148718e-05,0.20473556075062005,0,0.44307889741320167,0,0.30106393701226924,0.74414283442547091
5.3500000000000005,7.8463105640561652,0.71552657498683681,7.099938715277191e-06,0.27718205872556523,-2.7665317351722245,1.0168192558361946,-5.324912014834546e-05,0.20580000297210904,0,0.43979767423726596,0,0.30267463410038836,0.74247230833765432
5.3600000000000003,7.8185424592652613,0.72575955089220234,6.5869283855934859e-06,0.27924540391593022,-2.7871069295106117,1.0297870850291861,-4.9400995902254118e-05,0.20686995587582144,0,0.43654800780356845,0,0.30426975669329853,0.74081776449686698
5.3700000000000001,7.7905680704379021,0.73612254044924919,6.1109926166874984e-06,0.28131947630527876,-2.807788632345253,1.0428220428220032,-4.5830789956347995e-05,0.20794544744288526,0,0.4333294884834627,0,0.30584950535138739,0.73917899383485008
5.3799999999999999,7.7623863297886437,0.74661621664599609,5.6694524789504636e-06,0.28340433142067506,-2.8285773841784829,1.0559244698744599,-4.2518784147159445e-05,0.20902650578054677,0,0.43014171363122516,0,0.30741407717539454,0.7375557908066197
5.3899999999999997,7.7339961641148065,0.75724125588475533,5.2598151208693589e-06,0.28550002507089095,-2.849473727952013,1.069094708383836,-3.9447414159716881e-05,0.21011315912290351,0,0.42698428743581712,0,0.30896366587854579,0.73594795331436291
5.4000000000000004,7.7053964947719367,0.76799833799760076,4.8797739132192731e-06,0.28760661334768173,-2.8704782090950167,1.0823331021151534,-3.6596089835758888e-05,0.21120543583340781,0,0.42385682077634657,0,0.31049846185685936,0.73435528263320593
5.4100000000000001,7.6765862376493574,0.77888814626177449,4.5272002847316054e-06,0.28972415262705725,-2.8915913753955147,1.0956399963201506,-3.3951781374473907e-05,0.21230336439817607,0,0.42075893108131757,0,0.31201865225749637,0.73277758333881393
5.4199999999999999,7.6475643031462166,0.78991136741479129,4.2001007271404986e-06,0.29185269957052867,-2.9128137771181772,1.1090157378115046,-3.1498293753644912e-05,0.21340697343211559,0,0.41769024219131046,0,0.31352442104546419,0.73121466323677464
5.4299999999999997,7.6183295961468653,0.80106869166994388,3.8966392930694908e-06,0.29399231112638752,-2.9341459669583587,1.1224606749338673,-2.9222565565418597e-05,0.21451629167653471,0,0.41465038422516953,0,0.31501594906850372,0.72966633329367325
5.4400000000000004,7.5888810159964954,0.81236081273166494,3.6150974450065229e-06,0.29614304453097323,-2.9555885000456747,1.1359751575661214,-2.7112472956827728e-05,0.2156313479993282,0,0.41163899344950411,0,0.31649341412033266,0.72813240756983677
5.4500000000000002,7.5592174564769392,0.82378842781078376,3.3539002201870877e-06,0.29830495730993167,-2.977141933928372,1.1495595371115352,-2.5152383595012937e-05,0.21675217139416422,0,0.40865571215146373,0,0.31795699100223135,0.72661270315369508
5.46,7.5293378057821876,0.83535223763994726,3.1115750549420153e-06,0.30047810727948787,-2.9988068286172775,1.1632141665254452,-2.3335484220267371e-05,0.2178787909827711,0,0.40570018851461243,0,0.31940685158307902,0.72510704009769145
5.4699999999999998,7.4992409464943588,0.84705294648877272,2.8867567242305909e-06,0.30266255254769603,-3.0205837464682497,1.1769394002411859,-2.1649045643472348e-05,0.21901123600882297,0,0.40277207649793306,0,0.32084316485778946,0.72361524135572253
5.4800000000000004,7.4689257555595461,0.85889126217906686,2.6781844844352916e-06,0.3048583515156954,-3.0424732523648306,1.1907355942852036,-2.008504436953614e-05,0.22014953584743915,0,0.39987103571780186,0,0.32226609700423731,0.72213713272203917
5.4900000000000002,7.4383911042630899,0.87086789610041282,2.4846783456361398e-06,0.307065562878996,-3.0644759135004223,1.20460310613977,-1.8633683417915154e-05,0.221293719993856,0,0.3969967313327088,0,0.32367581143883667,0.72067254277154547
5.5,7.4076358582065644,0.88298356322467264,2.3051575896573799e-06,0.30928424562867557,-3.0865922995583417,1.218542294856463,-1.7287348350280088e-05,0.22244381807279093,0,0.39414883393109251,0,0.32507246887044344,0.71922130280153596
5.5099999999999998,7.376658877282166,0.89523898212213271,2.1386053023816634e-06,0.31151445905271163,-3.1088229826249503,1.2325535210014154,-1.6038862520561122e-05,0.22359985983392436,0,0.39132701942151149,0,0.3264562273531626,0.71778324677467409
5.5200000000000005,7.345459015650488,0.90763487497550421,1.9840884116433204e-06,0.31375626273713658,-3.1311685369787106,1.2466371465223458,-1.4879405146873135e-05,0.22476187514093257,0,0.3885309689258129,0,0.32782724233756483,0.71635821126337773
5.5300000000000002,7.3140351217151638,0.92017196759591835,1.8407358965664704e-06,0.31600971656735699,-3.1536295396658476,1.2607935351114288,-1.3804631505804071e-05,0.22592989400141827,0,0.38576036867466873,0,0.32918566672068167,0.7149460353953504
5.54,7.2823860380996583,0.93285098943753864,1.707739270205708e-06,0.31827488072936011,-3.1762065697047257,1.2750230517038001,-1.280695277246647e-05,0.2271039465255405,0,0.38301490990570475,0,0.33053165089468894,0.71354656080039369
5.5499999999999998,7.2505106016242005,0.94567267361210816,1.5843539064974215e-06,0.32055181571091351,-3.1989002088225629,1.2893260629418815,-1.1881740166374091e-05,0.22828406296432513,0,0.3802942887640417,0,0.33186534279435476,0.71215963155839646
5.5600000000000005,7.2184076432801811,0.9586377569050859,1.4698808875276172e-06,0.32284058230289658,-3.2217110408300185,1.3037029367812167,-1.10232073094873e-05,0.22947027367714098,0,0.37759820620515799,0,0.33318688794321932,0.71078509414837732
5.5700000000000003,7.1860759882099599,0.97174697978836722,1.3636808391635888e-06,0.32514124160035035,-3.2446396520706009,1.3181540427737213,-1.0226785821107011e-05,0.23066260915507036,0,0.37492636790026962,0,0.33449642949852715,0.70942279739879677
5.5800000000000001,7.1535144556793213,0.98500108643765361,1.2651523726975903e-06,0.32745385500391,-3.2676866312248363,1.3326797519442481,-9.4882191823626923e-06,0.2318611000107253,0,0.37227848414350873,0,0.33579410829519007,0.7080725924386988
5.5899999999999999,7.1207218590583556,0.99840082474449343,1.1737431370148114e-06,0.3297784842207992,-3.2908525688523325,1.3472804365019861,-8.8023723524425259e-06,0.23306577695443259,0,0.36965426976182031,0,0.33708006288832199,0.70673433265014229
5.6000000000000005,7.0876970057955466,1.0119469463326201,1.0889385731376705e-06,0.33211519126617745,-3.3141380586101286,1.361956470608302,-8.1665367360862008e-06,0.23427667085759424,0,0.36705344402660106,0,0.33835442959481427,0.70540787362141533
5.6100000000000003,7.0544386973956037,1.0256402065719192,1.010260320280504e-06,0.33446403846429268,-3.3375436956184523,1.3767082293467761,-7.5763535007582235e-06,0.23549381266769967,0,0.36447573056741556,0,0.33961734253390519,0.70409307310132074
5.6200000000000001,7.0209457293986741,1.0394813645915362,9.3726792560039137e-07,0.33682508844956283,-3.3610700779148281,1.3915360896396551,-7.0289970172386308e-06,0.23671723348394391,0,0.36192085728808154,0,0.34086893366634696,0.70278979095442851
5.6299999999999999,6.9872168913533015,1.0534711832969101,8.6954801259388602e-07,0.3391984041679813,-3.3847178052889446,1.406440429513512,-6.5210969714223131e-06,0.23794696449663869,0,0.35938855628409283,0,0.34210933283294476,0.70149788911703759
5.6399999999999997,6.9532509668009119,1.0676104293795623,8.0672240204533711e-07,0.34158404887792426,-3.40848748006779,1.4214216285940899,-6.0499315175735228e-06,0.23918303702804028,0,0.35687856376270005,0,0.34333866779163064,0.70021723155433069
5.6500000000000004,6.9190467332456569,1.0818998733360943,7.4843530626204729e-07,0.34398208615171888,-3.4323797068087631,1.4364800679128851,-5.6129979822696063e-06,0.24042548251639098,0,0.35439061996395943,0,0.34455706425398241,0.69894768421794184
5.6600000000000001,6.8846029621399012,1.0963402894773409,6.9435974672523211e-07,0.34639257987639738,-3.456395091483885,1.4516161293929968,-5.2072638436673302e-06,0.24167433247349535,0,0.35192446908446962,0,0.34576464592029366,0.69768911500476327
5.6699999999999999,6.8499184188582891,1.1109324559447133,6.4419150779310894e-07,0.34881559425504671,-3.4805342435638531,1.4668301971625926,-4.8311157046056425e-06,0.24292961859309803,0,0.3494798592022465,0,0.34696153451395323,0.69644139371619973
5.6799999999999997,6.8149918626766661,1.125677154723481,5.9764733174393322e-07,0.35125119380790348,-3.5047977732764339,1.4821226558269958,-4.4819862823709814e-06,0.24419137260831283,0,0.34705654220344234,0,0.34814784981485586,0.6952043920182982
5.6900000000000004,6.7798220467554557,1.1405751716532517,5.5446679802656475e-07,0.35369944337321951,-3.5291862939862773,1.4974938919686129,-4.1581848890004074e-06,0.24545962641537694,0,0.34465427371106178,0,0.34932370969163734,0.69397798340269912
5.7000000000000002,6.7444077181104554,1.1556272964463801,5.1440526564805383e-07,0.35616040810877925,-3.5537004203487932,1.5129442929833654,-3.8577350296632779e-06,0.24673441197765028,0,0.34227281301454526,0,0.35048923013339073,0.69276204314793599
5.71,6.7087476176045726,1.1708343226931683,4.772390172967089e-07,0.35863415349233091,-3.578340769496918,1.5284742478286721,-3.5790074707875528e-06,0.24801576138732928,0,0.33991192300208056,0,0.35164452527984874,0.6915564482819293
5.7199999999999998,6.6728404799141279,1.186197047883111,4.4275766739837959e-07,0.3611207453233376,-3.6031079606320584,1.5440841467656374,-3.3205199138777209e-06,0.24930370684417516,0,0.33757137009298571,0,0.35278970745145427,0.69036107754443998
5.7300000000000004,6.6366850335210241,1.2017162734098319,4.1076766396812119e-07,0.3636202497233853,-3.6280026136864181,1.5597743805159681,-3.0805093402527199e-06,0.25059828058595146,0,0.33525092417305613,0,0.35392488717772286,0.68917581135077899
5.7400000000000002,6.6002800006877225,1.2173928045868494,3.8108919685551723e-07,0.3661327331374839,-3.6530253525906486,1.5755453423214449,-2.8579819600238027e-06,0.25189951505835007,0,0.33295035853029092,0,0.35505017322534133,0.68800053175563225
5.75,6.5636240974372431,1.2332274506601852,3.5355464320687366e-07,0.36865826233510712,-3.6781768010395379,1.5913974252751921,-2.6514471320019846e-06,0.25320744269479778,0,0.33066944979249036,0,0.3561656726250636,0.68683512241755396
5.7599999999999998,6.5267160335435568,1.2492210248144189,3.2800998648452327e-07,0.37119690441069214,-3.7034575861005425,1.6073310245960148,-2.4598883378012617e-06,0.25452209610410609,0,0.32840797786644677,0,0.35727149069775593,0.6856794685642027
5.7700000000000005,6.4895545124989731,1.2653743441932415,3.0431047503634336e-07,0.37374872678533588,-3.7288683354810366,1.6233465359060331,-2.2821484170205023e-06,0.25584350792836447,0,0.32616572587768122,0,0.35836773107982134,0.68453345695750256
5.7800000000000002,6.4521382315171776,1.281688229897546,2.8232378284899934e-07,0.37631379720663632,-3.754409679205295,1.6394443562876293,-2.1172563397141586e-06,0.25717171093014562,0,0.32394248011285171,0,0.35945449574723692,0.68339697586008863
5.79,6.4144658814944115,1.2981635070098902,2.6192544558287615e-07,0.37889218375071232,-3.7800822491274357,1.6556248839764722,-1.9643382260559867e-06,0.25850673796717794,0,0.32173802996159445,0,0.36053188503958361,0.68226991500117806
5.7999999999999998,6.3765361470114916,1.3148010045932195,2.4300088891267084e-07,0.38148395482209729,-3.805886676823079,1.6718885170326929,-1.8223563884851657e-06,0.25984862188270824,0,0.31955216786155732,0,0.36159999768222079,0.68115216554377811
5.8100000000000005,6.3383477063111142,1.331601555705179,2.2544381594150524e-07,0.38408917915492058,-3.8318235985059146,1.688235656439651,-1.6907131924884472e-06,0.26119739576117162,0,0.31738468924330926,0,0.36265893080835049,0.68004362005165975
5.8200000000000003,6.2998992312787907,1.3485659974101294,2.0915500103365047e-07,0.38670792581389812,-3.8578936487429196,1.7046667021428497,-1.5685356626120475e-06,0.26255309260136944,0,0.31523539247672161,0,0.36370877998002415,0.67894417245674576
5.8300000000000001,6.2611893874446842,1.3656951707779821,1.9404336417925918e-07,0.38934026419423717,-3.8840974657230709,1.7211820563705953,-1.455213570944951e-06,0.26391574559045644,0,0.31310407881930302,0,0.36474963920793158,0.6778537180272346
5.8399999999999999,6.2222168339456267,1.3829899209081442,1.800232654571052e-07,0.39198626402361164,-3.9104356866830905,1.7377821207510158,-1.350037433796915e-06,0.26528538786606826,0,0.31099055236399159,0,0.36578160097111617,0.67677215333510776
5.8500000000000005,6.1829802235600084,1.4004510969075255,1.6701710819598904e-07,0.39464599536034761,-3.9369089510580531,1.75446729829779,-1.252405617900438e-06,0.26666205268015919,0,0.30889461999099371,0,0.3668047562344206,0.67569937622541432
5.8600000000000003,6.1434782026436157,1.4180795519309843,1.5495181268341472e-07,0.39731952859675973,-3.9635178997293572,1.7712379929361639,-1.1617776199339233e-06,0.26804577335989532,0,0.30681609131658194,0,0.36781919446703648,0.67463528578361842
5.8700000000000001,6.103709411144659,1.4358761431718468,1.4375988000344531e-07,0.40000693445837038,-3.9902631746720321,1.78809460928066,-1.0776540533527697e-06,0.26943658328931414,0,0.30475477864618533,0,0.36882500365860021,0.67357978230478555
5.8799999999999999,6.0636724825852824,1.4538417318735664,1.3337855112174614e-07,0.40270828400487024,-4.0171454191253302,1.8050375527425921,-9.9958632838133729e-07,0.27083451591819513,0,0.30271049692716867,0,0.3698222703349936,0.67253276726216227
5.8899999999999997,6.0233660440576564,1.4719771833321851,1.2374931741146046e-07,0.40542364863032226,-4.0441652743432783,1.8220672274821588,-9.2716977834572555e-07,0.27223960459307411,0,0.30068306370297054,0,0.37081107957315068,0.67149414327612122
5.9000000000000004,5.9827887162273452,1.4902833668942108,1.1481744654727056e-07,0.40815310006298611,-4.0713233885676079,1.8391840420634828,-8.6006264042042526e-07,0.27365188302387644,0,0.29867229906863219,0,0.37179151501463498,0.67046381408326716
5.9100000000000001,5.9419391132712907,1.508761155995709,1.0653137006480543e-07,0.41089671036854358,-4.0986204073347485,1.8563884033457563,-7.9796555169327868e-07,0.27507138477983656,0,0.2966780256246499,0,0.37276365887959545,0.66944168450424535
5.9199999999999999,5.9008158429068347,1.5274114281440001,9.8842263595095908e-08,0.41365455194858891,-4.1260569782869165,1.873680719515342,-7.406317261832858e-07,0.27649814353969598,0,0.29470006843524449,0,0.37372759197805833,0.66842766041330282
5.9299999999999997,5.8594175063922087,1.5462350649173591,9.1704385116692479e-08,0.4164266975406033,-4.1536337233778431,1.8910613825679576,-6.8686138520667132e-07,0.27793219164634947,0,0.29273825498644113,0,0.37468339372070714,0.66742164870714826
5.9400000000000004,5.8177426988463496,1.5652329517634445,8.5086955639654581e-08,0.41921322020132479,-4.1813513125930299,1.9085308147722357,-6.3725481117629646e-07,0.27937356394043006,0,0.29079241515631687,0,0.37563114212325016,0.66642355727956704
5.9500000000000002,5.7757900085256546,1.5844059784551383,7.8947085685419222e-08,0.42201419334435708,-4.2092103862384906,1.9260894196907541,-5.9131025129079623e-07,0.28082229371918443,0,0.2888623811482316,0,0.37657091382802221,0.66543329497625381
5.96,5.7335580173479173,1.6037550387603179,7.3249279402162564e-08,0.42482969071292448,-4.2372115920060613,1.9437376055411422,-5.488081067289662e-07,0.28227841466393577,0,0.28694798747052325,0,0.37750278410243626,0.66445077157295951
5.9699999999999998,5.6910453007506456,1.6232810305311638,6.7960079153156927e-08,0.42765978638723995,-4.2653555782629402,1.9614757809666847,-5.095603332928707e-07,0.28374196049112738,0,0.28504907089258247,0,0.37842682684809403,0.6634758977406765
5.9800000000000004,5.6482504281270769,1.6429848554293474,6.3054620937644789e-08,0.4305045547618308,-4.29364292918088,1.9793043141505584,-4.7240379897219518e-07,0.28521296157890164,0,0.28316547042165463,0,0.37934311459915504,0.66250858502080967
5.9900000000000002,5.6051719619586162,1.662867419472831,5.8502960865599802e-08,0.43336407059065435,-4.3220743683256773,1.9972236611310537,-4.3835951426378628e-07,0.28669145555419023,0,0.28129702723545269,0,0.3802517185411729,0.66154874577662559
6,5.5618084584083061,1.6829296326618159,5.4279074050263315e-08,0.43623840895623539,-4.3506505131541067,2.015234211069711,-4.0682300157131548e-07,0.2881774745260281,0,0.27944358466617791,0,0.38115270850425798,0.66059629317043589
6.0099999999999998,5.518158467190915,1.7031724090606308,5.0358627584043337e-08,0.43912764527642284,-4.3793720093744719,2.0333363709340109,-3.7764925530210165e-07,0.28967105207259058,0,0.27760498816025991,0,0.38204615296685474,0.65965114112711465
6.0200000000000005,5.474220532075849,1.7235966664807572,4.672203011302884e-08,0.44203185527823674,-4.4082394201895445,2.0515304956911113,-3.5016696429044693e-07,0.291172217481589,0,0.27578108525927175,0,0.38293211904842522,0.65871320430769698
6.0300000000000002,5.4299931900063561,1.7442033270359663,4.334834588750835e-08,0.44495111504367124,-4.4372534833470469,2.0698170503176816,-3.2488865115036738e-07,0.2926810091174446,0,0.27397172553626781,0,0.38381067252242784,0.65778239805869565
6.04,5.3854749715501553,1.7649933168583058,4.0218066855175923e-08,0.44788550098626168,-4.4664148041141312,2.0881964162925706,-3.0146805239024628e-07,0.29419745845530637,0,0.27217676057690116,0,0.38468187780650626,0.65685863838340741
6.0499999999999998,5.3406644009344886,1.7859675660760019,3.7313119873797209e-08,0.45083508984926113,-4.49572402174066,2.1066689965127292,-2.7980758732827386e-07,0.2957215987374967,0,0.27039604394715566,0,0.38554579795782451,0.65594184190498017
6.0600000000000005,5.2955599965645366,1.8071270084867281,3.4618675706456632e-08,0.45379995867868222,-4.52518167211886,2.1252351287323665,-2.594007263520964e-07,0.29725345783152746,0,0.26862943117656068,0,0.3864024946594965,0.65503192583605718
6.0700000000000003,5.2501602702337351,1.8284725820553056,3.2119647549223517e-08,0.45678018486436167,-4.5547885031337279,2.1438952843174017,-2.4064492191726095e-07,0.29879307462897248,0,0.2668767797009326,0,0.38725202822511551,0.65412880792604811
6.0800000000000001,5.2044637272726373,1.8500052288198885,2.980109711221173e-08,0.45977584613221972,-4.5845451028685078,2.1626498339162343,-2.232936778937793e-07,0.30034047971138422,0,0.26513794883593073,0,0.38809445758666566,0.65323240642259639
6.0899999999999999,5.1584688668557179,1.8717258946985935,2.7649298241658232e-08,0.46278702052830573,-4.6144520987501227,2.1814991729742292,-2.0728567241865204e-07,0.30189570570626784,0,0.26341279975535592,0,0.38892984027846111,0.65234264003381703
6.1000000000000005,5.1121741824848357,1.8936355291847873,2.5653228476398813e-08,0.46581378639365656,-4.6445099931396268,2.2004436181120677,-1.9212422952695735e-07,0.3034587787374437,0,0.26170119547466802,0,0.38975823241656898,0.65145942789123701
6.1100000000000003,5.0655781614247397,1.9157350857028739,2.3802304562308494e-08,0.46885622239365182,-4.6747195371106498,2.2194836427053457,-1.7824009634531018e-07,0.3050297378623022,0,0.2600030008036282,0,0.39057968869111365,0.65058268949474185
6.1200000000000001,5.018679284360176,1.9380255218243998,2.2084926072459902e-08,0.47191440753584524,-4.7050812957274042,2.2386196028943699,-1.654064688213013e-07,0.30660861246535803,0,0.2583180823072152,0,0.3913942623522616,0.6497123446594768
6.1299999999999999,4.97147602609832,1.9605077988253419,2.0490830098605819e-08,0.47498842113343592,-4.735595877817028,2.2578518824017069,-1.5357673002811046e-07,0.308195434206889,0,0.25664630829718699,0,0.39220200517901321,0.6488483134762002
6.1400000000000006,4.9239668559764258,1.9831828814291779,1.9011555637771299e-08,0.47807834278407085,-4.7662637400075551,2.2771807690241372,-1.4237156045642552e-07,0.30979022683250096,0,0.25498754881448626,0,0.39300296744974783,0.6479905162642341
6.1500000000000004,4.8761502376757404,2.0060517379241731,1.7639845752807419e-08,0.48118425237952073,-4.7970856318726707,2.2966067351918555,-1.321017998059679e-07,0.3113930293215863,0,0.25334167559509907,0,0.39379719791781947,0.64713887351291854
6.1600000000000001,4.8280246281303958,2.0291153408510576,1.6366970222693813e-08,0.48430623016242025,-4.8280620861672032,2.3161301166817077,-1.2259710076624862e-07,0.31300386937850383,0,0.25170856201234493,0,0.39458474379531661,0.64629330580766153
6.1699999999999999,4.7795884788064678,2.0523746661968945,1.5185494296762578e-08,0.48744435665975477,-4.8591936840965193,2.3357512798072149,-1.1381546986579056e-07,0.31462277722714133,0,0.25008808308533081,0,0.39536565070153251,0.64545373378686333
6.1799999999999997,4.7308402359626118,2.0758306932307979,1.4088899855990358e-08,0.49059871266930583,-4.8904808216713702,2.35547047416016,-1.0555691953958615e-07,0.31624977346088318,0,0.24848011545837909,0,0.39613996262166373,0.64462007808004285
6.1900000000000004,4.6817783410731408,2.0994844042372884,1.3071861263234858e-08,0.49376937923765146,-4.9219242388068762,2.3752881660833207,-9.7946362430054508e-08,0.31788489655685304,0,0.24688453738467014,0,0.39690772185939766,0.6437922592440678
6.2000000000000002,4.6324012286245626,2.1233367859050576,1.2128124027452587e-08,0.49695643777474929,-4.9535244242973677,2.3952046636467514,-9.0890548057771728e-08,0.31952817193337352,0,0.24530122864221141,0,0.39766896901733417,0.64297019765954555
6.21,4.5827073282201019,2.1473888280005586,1.1252315286073599e-08,0.50015996994449841,-4.9852819196979139,2.4152203081737729,-8.4355407243508616e-08,0.32117962775243464,0,0.24373007056388285,0,0.39842374291783389,0.64215381348171674
6.2199999999999998,4.532695064594721,2.1716415233585442,1.043953390612272e-08,0.50338005766395721,-5.0171970390416636,2.4353352975885567,-7.8244791749523024e-08,0.322839280344413,0,0.24217094601149522,0,0.39917208054531161,0.64134302655680686
6.2300000000000004,4.4823628589933575,2.1960958670134034,9.6856987492311428e-09,0.50661678303167323,-5.0492705024040134,2.4555500857295698,-7.2592969006142921e-08,0.32450716715472755,0,0.24062373938405912,0,0.39991401696625761,0.64053775635031673
6.2400000000000002,4.4317091253028993,2.220752858637054,8.9863029649883456e-09,0.50987022852882735,-5.0815027385709532,2.4758649428457056,-6.7352753019681616e-08,0.32618331048114163,0,0.23908833649601535,0,0.40064958530470363,0.63973792180071898
6.25,4.3807322733598921,2.2456135004541973,8.337348489154308e-09,0.51314047684722663,-5.1138942330350297,2.4962801749260253,-6.2501235391665815e-08,0.32786773557027749,0,0.23756462463610739,0,0.40137881662425667,0.63894344126036406
6.2599999999999998,4.3294307085616435,2.2706787974874376,7.7351225049412118e-09,0.51642761090952838,-5.1464451884242326,2.5167959096799071,-5.7962525692732468e-08,0.3295604529592116,0,0.23605249253250177,0,0.4021017398470263,0.63815423237952806
6.2700000000000005,4.2778028347408821,2.2959497557454744,7.1767368842879293e-09,0.5197317137197508,-5.1791562899880326,2.5374125789962476,-5.376776139005874e-08,0.3312614982823423,0,0.23455183039596661,0,0.40281838162661943,0.63737021202258604
6.2800000000000002,4.225847047783061,2.3214273862459018,6.6587325525714334e-09,0.52305286869518675,-5.2120278847425663,2.5581304015872464,-4.9883524158683727e-08,0.3329708895852303,0,0.23306252974370328,0,0.40352876631560303,0.63659129605930631
6.29,4.173561740711861,2.3471127018099884,6.1780810664434367e-09,0.52639115940194781,-5.2450603792936912,2.5789496337224316,-4.6294997029287138e-08,0.33468864801222592,0,0.23158448349759575,0,0.40423291579183174,0.63581739928942749
6.2999999999999998,4.1209453026407905,2.3730067177234471,5.7319011208477419e-09,0.52974666960948202,-5.2782538249049926,2.5998703077114569,-4.2930499069356406e-08,0.33641477622914245,0,0.23011758593529921,0,0.40493084934278689,0.63504843527808608
6.3100000000000005,4.0679961239912146,2.3991104484476939,5.3183202489199192e-09,0.53311948301922674,-5.3116088482789676,2.6208928185431035,-3.9825351869092038e-08,0.33814930682581307,0,0.22866173278346433,0,0.40562258346959312,0.63428431625305748
6.3200000000000003,4.0147125862946416,2.4254249140471171,4.9346225332588401e-09,0.53650968379490993,-5.3451256851752209,2.6420173148084505,-3.695174547524917e-08,0.33989225206222762,0,0.22721682096310844,0,0.40630813184040959,0.63352495280351806
6.3300000000000001,3.9610930699221512,2.4519511353174761,4.5785524488077635e-09,0.53991735616060443,-5.3788046310917039,2.6632439827495751,-3.4298082007871696e-08,0.34164362730489423,0,0.22578274874263762,0,0.40698750503489411,0.63277025377753171
6.3399999999999999,3.9071359523870584,2.4786901348556856,4.2479590876631682e-09,0.54334258448899264,-5.4126459620852803,2.6845729963555156,-3.1855035916279185e-08,0.34340344690934388,0,0.2243594156759324,0,0.40766071037186025,0.63202012604779267
6.3500000000000005,3.8528396151589419,2.5056429327651606,3.9414074357492815e-09,0.54678545294702341,-5.4466489134040845,2.706003873629764,-2.9517731779448711e-08,0.34517167110689007,0,0.22294672272419067,0,0.40832775163034729,0.63127447435453798
6.3600000000000003,3.7982024318046483,2.5328105541301351,3.6570012247270619e-09,0.55024604611260364,-5.480814864447547,2.7275374839598081,-2.7390786075848364e-08,0.34694837162917114,0,0.22154457197653649,0,0.40898862893561699,0.63053320091215348
6.3700000000000001,3.7432227755138761,2.5601940242725472,3.3930623583837445e-09,0.55372444858325298,-5.5151435214025879,2.7491736421654784,-2.5422696499301644e-08,0.34873353319729616,0,0.22015286679087165,0,0.40964333842227396,0.62979620521314561
6.3799999999999999,3.6878990186525962,2.5877943690335012,3.1480467971558084e-09,0.5572207449993265,-5.5496349946350048,2.7709124178064974,-2.3604805570803823e-08,0.35052716155051616,0,0.21877151176047052,0,0.41029187195022332,0.62906338371069381
6.3900000000000006,3.6322295405875304,2.6156126098417705,2.9207462130420706e-09,0.56073501963712569,-5.5842880004308624,2.7927530018026454,-2.1885932663951034e-08,0.35232918993303558,0,0.21740041284864162,0,0.4109342167100235,0.62833462955866515
6.4000000000000004,3.5762127156193659,2.6436497713190761,2.7098756442077852e-09,0.56426735703639652,-5.619104072666727,2.8146963609029427,-2.030801119375065e-08,0.35413969810962737,0,0.21603947711605792,0,0.41157035498052102,0.62760983209657895
6.4100000000000001,3.5198469177106175,2.6719068783002755,2.5142020238344794e-09,0.56781784175447048,-5.6540825706519238,2.8367420913023529,-1.8845315763121713e-08,0.35595865276304334,0,0.21468861279725612,0,0.41220026368205775,0.62688887647931391
6.4199999999999999,3.4631305232069121,2.7003849541182339,2.3326080857956567e-09,0.57138655822475237,-5.6892233671375987,2.8588901128003492,-1.7491029717198983e-08,0.35778604727607849,0,0.21334772933151952,0,0.41282391390390355,0.62617164323542307
6.4299999999999997,3.4060619195263842,2.7290850151272004,2.1641381166614145e-09,0.5749735903048534,-5.7245244266340869,2.8811391424986059,-1.622019210805208e-08,0.35962177579903659,0,0.21201673750470698,0,0.41344127032753952,0.62545800783224648
6.4400000000000004,3.3486394941792867,2.7580080776233653,2.0078698803047965e-09,0.57857902184759447,-5.7599874906873101,2.9034902780329364,-1.5048231757154305e-08,0.3614659288959276,0,0.21069554920695671,0,0.41405229076504507,0.62474783997200178
6.4500000000000002,3.2908616334767995,2.7871551586586527,1.8628862995428363e-09,0.58220293676815082,-5.7956114235657807,2.9259428035912913,-1.3962456255204359e-08,0.36331844750635206,0,0.2093840773880315,0,0.41465692553560424,0.62404100292363573
6.46,3.232726731051359,2.8165272706706541,1.7283481550884863e-09,0.58584541860097739,-5.8313957515032202,2.9484964205752697,-1.2958491043225594e-08,0.36517930699347789,0,0.2080822361962138,0,0.4152551166783105,0.6233373528745243
6.4699999999999998,3.1742331961124721,2.8461254162792731,1.6035337761032161e-09,0.58950655007048858,-5.8673375451419822,2.9711492827126458,-1.2015064650021542e-08,0.36704835502461491,0,0.20678994110111737,0,0.41584679708163774,0.62263673818275511
6.4800000000000004,3.115379446981231,2.8759505923617001,1.4877776657847564e-09,0.59318641342727774,-5.9034386099830911,2.993902527947915,-1.114740003562059e-08,0.36892568548957139,0,0.20550710874086092,0,0.41643188963199512,0.62193899837285604
6.4900000000000002,3.0561638988481854,2.9060037977681974,1.3803662333341835e-09,0.59688509108473276,-5.9396971914393903,3.0167550504258269,-1.034562201313663e-08,0.37081120714616589,0,0.20423365667630033,0,0.41701030627947677,0.62124396295577711
6.5,2.9965849813076875,2.9362860222708114,1.2806546259849837e-09,0.60060266470721368,-5.9761123235515177,3.0397062413357996,-9.6070478266984239e-09,0.37270486976250217,0,0.2029695036854775,0,0.41758194671889881,0.62055145040437631
6.5099999999999998,2.9366411595215434,2.966798233224659,1.1881688742806534e-09,0.60433921410949987,-6.0126787416114045,3.0627527825155108,-8.9052969295204015e-09,0.37460639956280817,0,0.20171457009856986,0,0.41814669689220441,0.61986126699077426
6.5200000000000005,2.8763308939716881,2.9975414009344181,1.1023607689068004e-09,0.6080948193497322,-6.0493997243268431,3.0858967404203979,-8.2646735930150769e-09,0.37651596704671103,0,0.2004687770538196,0,0.4187044277766635,0.6191732048304831
6.5300000000000002,2.8156526606569185,3.0285164859250284,1.0227128329910132e-09,0.6118695596791438,-6.0862720162852435,3.1091360632771661,-7.6728368870801647e-09,0.37843340292598371,0,0.19923204682992468,0,0.41925499346801631,0.61848704029794099
6.54,2.7546049693224774,3.0597244274522182,9.4879016683863246e-10,0.6156635125940817,-6.123290315604522,3.1324674094939895,-7.1172254068382881e-09,0.38035843149172965,0,0.19800430312031386,0,0.41979822903013125,0.61780253215044512
6.5499999999999998,2.6931863601281822,3.0911661456024673,8.8021445478710552e-10,0.61947675400927182,-6.1604556535785422,3.1558914290595101,-6.6042839498089911e-09,0.38229110637337471,0,0.19678547092984355,0,0.42033394820058945,0.617119419130433
6.5600000000000005,2.6313953779191781,3.1228425575092555,8.1658179805788471e-10,0.62330935959579414,-6.1977644847984426,3.1794058874258657,-6.12815923535236e-09,0.38423124320228336,0,0.19557547611166171,0,0.42086194087914508,0.61643741699080679
6.5700000000000003,2.5692306163564242,3.1547545495391573,7.5754185123720983e-10,0.62716140248620322,-6.2352102033237866,3.2030066210986226,-5.6850747017275799e-09,0.38617849845581165,0,0.19437424606257347,0,0.4213819696815535,0.61575621574412698
6.5800000000000001,2.5066907139322532,3.1869029798030875,7.0277379819651446e-10,0.63103295348173027,-6.2727925861259015,3.2266934895105637,-5.2735532969429022e-09,0.38813286053600482,0,0.19318170960041897,0,0.42189376632810244,0.61507547592852141
6.5899999999999999,2.4437743250510766,3.2192886963831331,6.5197401042762844e-10,0.63492408255614474,-6.3105068342781827,3.2504634680652074,-4.8910731755913269e-09,0.39009407988869704,0,0.19199779645627221,0,0.42239702756227782,0.61439482401855006
6.6000000000000005,2.3804801673679394,3.2519125074967077,6.0485827068984099e-10,0.6388348563940518,-6.3483446944120105,3.2743113549514291,-4.536664314288416e-09,0.39206172732155303,0,0.1908224379863897,0,0.42289140980697643,0.61371384779336613
6.6100000000000003,2.3168070205137412,3.2847751823000002,5.6115597691669764e-10,0.64276533845718298,-6.3863043604496754,3.2982360118612926,-4.2080171222222849e-09,0.39403570891477457,0,0.18965556708519576,0,0.42337652324947156,0.61303209033466732
6.6200000000000001,2.2527536959877934,3.3178774698636464,5.206153489345839e-10,0.64671559055004646,-6.4243792641818374,3.3222332990809496,-3.9041535351572157e-09,0.39601568310781354,0,0.18849711766514615,0,0.42385192498457697,0.61234904264972312
6.6299999999999999,2.1883191075428008,3.351220054811527,4.830102217976678e-10,0.65068566915976078,-6.4625566033416311,3.3462951477869631,-3.6210151961410512e-09,0.39800098415616508,0,0.18734702567710368,0,0.42431711018507823,0.61166413586218193
6.6400000000000006,2.1235022295200818,3.3848035835806258,4.4812150719984753e-10,0.65467562762271103,-6.5008348307431376,3.3704205828418847,-3.3602161780572259e-09,0.39999153160294176,0,0.18620522839755535,0,0.42477150229604987,0.61097673069360525
6.6500000000000004,2.0583021235620085,3.4186286475851131,4.1574423955453995e-10,0.65868551473544545,-6.5391985957451215,3.3945999292705915,-3.1176396907650495e-09,0.40198652718286793,0,0.18507166476367096,0,0.42521444073836856,0.61028610550203954
6.6600000000000001,1.992717989231743,3.4526957513124787,3.8570513015541046e-10,0.6627153721223451,-6.5776402136512733,3.4188283436763416,-2.8930040852094601e-09,0.40398557127575163,0,0.18394627602707717,0,0.42564516592748547,0.60959144195456261
6.6699999999999999,1.9267491062090829,3.4870053487554884,3.5783037492210648e-10,0.66676523724155867,-6.6161436628453032,3.4430957281917678,-2.6844111295631495e-09,0.40598783072421907,0,0.18282900481153147,0,0.42606280163739224,0.60889180644892371
6.6799999999999997,1.8603949449495396,3.52155777366761,3.3196775074085677e-10,0.67083513763050073,-6.6546953569461795,3.4673935197935721,-2.4904285989395586e-09,0.40799259900819551,0,0.18171979660813334,0,0.42646633237248299,0.6081861289806163
6.6900000000000004,1.7936550972454488,3.5563532833279323,3.079768196454552e-10,0.67492509451681926,-6.6932758678791497,3.4917094736421372,-2.310215268512286e-09,0.40999886582738132,0,0.1806185986536433,0,0.42685457643546587,0.60747317508910914
6.7000000000000002,1.7265293874014755,3.5913919884711145,2.8572239313131539e-10,0.67903511703703701,-6.7318659818792668,3.5160314799698598,-2.1427089814445108e-09,0.41200563202603241,0,0.17952536136824374,0,0.42722615135869757,0.60675151272694128
6.71,1.6590178424467013,3.6266738720616662,2.6508117620093084e-10,0.68316520378558532,-6.7704373496235482,3.5403416711846738,-1.987584558045081e-09,0.41401142338038821,0,0.17844003777168169,0,0.42757943125178144,0.60601946902346315
6.7199999999999998,1.5911207824165337,3.6621987323924028,2.4593174726493887e-10,0.68731533811995771,-6.8089647907369537,3.5646241769722002,-1.8442521585972634e-09,0.41601493045856985,0,0.17736258454707257,0,0.42791249209755911,0.60527507664463165
6.7300000000000004,1.5228388474868053,3.6979661659827694,2.2816572713088248e-10,0.69148548674967902,-6.8474071235964251,3.588853041988171,-1.7109144029759578e-09,0.41801401173051184,0,0.17629296218610668,0,0.42822304205407158,0.60451600424017826
6.7400000000000002,1.4541730470671625,3.733975536636982,2.116806273872834e-10,0.69567559718334815,-6.885726910434915,3.6130046705103798,-1.5875813017653219e-09,0.42000672035446024,0,0.17523113540473101,0,0.42850833110063236,0.60373946650536336
6.75,1.3851248754862757,3.7702259025316667,1.9638450446655671e-10,0.69988559171276565,-6.9238744502831393,3.6370477377469475,-1.473028507235685e-09,0.4219904717766309,0,0.17417707438365754,0,0.42876503250820414,0.60294210689186167
6.7599999999999998,1.3156963742409484,3.8067159769824097,1.8219268876257129e-10,0.70411536417585152,-6.9617819958753575,3.6609395449532842,-1.3665812630411011e-09,0.42396174299827455,0,0.17313075522857393,0,0.42898908586649365,0.60211984109506755
6.7700000000000005,1.2458902773640792,3.8434440368233913,1.6902772716740072e-10,0.70836477239720796,-6.9993765281720828,3.6846340707690182,-1.2676976189009733e-09,0.42591673687745846,0,0.17209216143719425,0,0.42917548568706915,0.60126764712426339
6.7800000000000002,1.1757101931732823,3.8804078078575519,1.5681508595096983e-10,0.71263362873681335,-7.0365611025019685,3.7080702143404545,-1.175989111655567e-09,0.42785041208961838,0,0.17106128570424306,0,0.42931799267894344,0.6003792783831865
6.79,1.105160811204835,3.9176043344333196,1.4548516031410044e-10,0.71692168932902667,-7.0732133596374593,3.7311708569032431,-1.0910426539212181e-09,0.42975640570040691,0,0.17003813189400419,0,0.42940873259228918,0.59944686448629336
6.7999999999999998,1.0342481998081543,3.9550297918811719,1.3497346956426129e-10,0.72122863860705533,-7.1091780811944423,3.7538381697098266,-1.0122690019791973e-09,0.43162664603098366,0,0.16902271795978688,0,0.42943762798823759,0.59846034594802444
6.8100000000000005,0.96298018528830742,3.9926792475532973,1.2522115470366796e-10,0.72555406958675683,-7.1442558639690628,3.7759464758579444,-9.3912042305648382e-10,0.43345076369997126,0,0.16801507961664763,0,0.42939157598570254,0.59740665560235018
6.8200000000000003,0.89136690750678937,4.0305463106477557,1.161738489794605e-10,0.72989745497424174,-7.1781793188948786,3.7973272493213823,-8.7111381602438682e-10,0.43521485391971759,0,0.16701527582680584,0,0.42925322925109954,0.59626850507790541
6.8300000000000001,0.81942163617207642,4.0686226177289395,1.0778226920697307e-10,0.73425810471706665,-7.2105864237885795,3.8177523201124499,-8.0811893808052494e-10,0.43690009078366165,0,0.16602339692904003,0,0.42899913842264803,0.59502253535168803
6.8399999999999999,0.7471618823504288,4.1068971321809835,9.9997167430246186e-11,0.73863510820336209,-7.2409786244729624,3.8369074668776513,-7.4972652961878348e-10,0.43848054843755513,0,0.16503957558194127,0,0.42859682954250622,0.59363640512444749
6.8500000000000005,0.67461107045951152,4.1453550904083567,9.277238772315807e-11,0.7430272473146845,-7.2686556563977653,3.8543513372325893,-6.9589480349383001e-10,0.43991981166818905,0,0.16406400331665161,0,0.42800003219350991,0.59206403551016151
6.8600000000000003,0.60180130238102969,4.1839762597118213,8.6067734839292931e-11,0.74743285268641069,-7.2925605639060276,3.8694177687978804,-6.4557200498584943e-10,0.44116291658281359,0,0.16309695824802881,0,0.42714054222538467,0.5902375004734135
6.8700000000000001,0.5287776644882517,4.2227322237188352,7.9848189946213333e-11,0.75184957973334732,-7.3110990969822378,3.8811019612515922,-5.9878733297712027e-10,0.44212695886446168,0,0.16213884805392664,0,0.42591359661079131,0.58805244466471795
6.8799999999999999,0.45560564493232281,4.2615817075260276,7.4079272806288341e-11,0.75627402293541401,-7.3216866666055411,3.8877749380500584,-5.5550670629078214e-10,0.44267753450789921,0,0.16119028430283072,0,0.42414985451734605,0.58534013882017677
6.8900000000000006,0.38238489883496735,4.300461901977112,6.872802885681409e-11,0.76070100001899021,-7.3198670386195559,3.8866280898342844,-5.1528514811386896e-10,0.44258291006764677,0,0.16025222099716233,0,0.42155726459780518,0.58180948559496748
6.9000000000000004,0.3092765356135872,4.3392712654112024,6.3761438409859241e-11,0.76512213295924991,-7.2972977436658377,3.8724034483968586,-4.7833031159610639e-10,0.4414092597840536,0,0.15932622978284366,0,0.41758740028697156,0.57691363006981522
6.9100000000000001,0.23656429197969425,4.3778309684500609,5.9155396697227227e-11,0.76952266685699844,-7.2363833243215661,3.8340112090598399,-4.4359411182607345e-10,0.43824158327108337,0,0.15841511890182453,0,0.41108288771319473,0.56949800661501926
6.9199999999999999,0.16481485596065878,4.4157838473447626,5.4880291339328624e-11,0.77387313275605474,-7.0931722898596625,3.7437502762632073,-4.1164531479350122e-10,0.43079431158820158,0,0.1575245600446851,0,0.39914853342496126,0.55667309346964633
6.9299999999999997,0.095413596724703606,4.4522567521047325,5.0914499182364058e-11,0.77810148857798767,-6.7239397505531269,3.5110358521137055,-3.8187050204038589e-10,0.41159345150985766,0,0.15666854074600417,0,0.3723030300054479,0.52897157075145207
6.9400000000000004,0.033227789929479723,4.4841820082125059,4.7235584323306735e-11,0.78195462586426101,-5.3874806465467753,2.6687121734576258,-3.5421168298005081e-10,0.34209479815539034,0,0.1558965453181744,0,0.28159015648921992,0.43748670180739435
6.9500000000000002,0.0014878296852788777,4.4966615386173077,4.3822649936002899e-11,0.78422036479812707,-0.70766416753983497,-0.68552686864278278,-3.2867719469733654e-10,0.092191860847153737,0.022169638558065911,0.095389064694118009,0,0,0.11755870325218393
6.96,8.7891087651568813e-06,4.4811937133782003,4.065617174275647e-11,0.78476899728306992,-0.0045957445494367614,-1.7672788056395128,-3.0495238920087323e-10,0.045306477290451057,0.057113206184135151,0.00061902479812521102,0,0,0.057732230982260366
6.9699999999999998,4.6917370893666751e-08,4.4634636642671053,3.7718485568284278e-11,0.78521958027213656,-2.4654075150963575e-05,-1.774312067682601,-2.8288845361502284e-10,0.045001644088074409,0.057307589820090807,3.3063582908351803e-06,0,0,0.057310896178381643
6.9800000000000004,0,4.4457202210684788,3.499287485620106e-11,0.78566958273403398,0,-1.7743500000000001,-2.6258957812273522e-10,0.044999999999999998,0.057275985972888889,0,0,0,0.057275985972888889
6.9900000000000002,0,4.4279767210684779,3.2461231273471885e-11,0.78611958273403393,0,-1.7743500000000001,-2.4413071122182365e-10,0.044999999999999998,0.057243199366049567,0,0,0,0.057243199366049567
7,0,4.4102332210684789,3.0108987546316693e-11,0.78656958273403388,0,-1.7743500000000001,-2.277499049139458e-10,0.044999999999999998,0.057210450273941039,0,0,0,0.057210450273941039
7.0099999999999998,0,4.392489721068479,2.7910427425039069e-11,0.78701958273403394,0,-1.7743499999999999,-2.1196211934158871e-10,0.044999999999999998,0.057177738632213093,0,0,0,0.057177738632213093
7.0200000000000005,0,4.3747462210684782,2.5869745159484838e-11,0.78746958273403389,0,-1.7743499999999999,-1.9617433376923022e-10,0.044999999999999998,0.057145064376662599,0,0,0,0.057145064376662599
7.0300000000000002,0,4.3570027210684774,2.3958642048204401e-11,0.78791958273403395,0,-1.7743499999999999,-1.8723996737398379e-10,0.044999999999999998,0.057112427443233083,0,0,0,0.057112427443233083
7.04,0,4.3392592210684775,2.214596966081645e-11,0.78836958273403401,0,-1.7743499999999999,-1.7529451010361489e-10,0.044999999999999998,0.057079827768014346,0,0,0,0.057079827768014346
7.0499999999999998,0,4.3215157210684785,2.0452751846132183e-11,0.78881958273403396,0,-1.7743499999999999,-1.6334905283324597e-10,0.044999999999999998,0.057047265287242029,0,0,0,0.057047265287242029
7.0600000000000005,0,4.3037722210684768,1.8878988604151466e-11,0.78926958273403403,0,-1.7743499999999999,-1.5140359556287601e-10,0.044999999999999998,0.057014739937297165,0,0,0,0.057014739937297165
7.0700000000000003,0,4.2860287210684769,1.7424679934874578e-11,0.78971958273403398,0,-1.7743499999999999,-1.3945813829250709e-10,0.044999999999999998,0.056982251654705822,0,0,0,0.056982251654705822
7.0800000000000001,0,4.2682852210684779,1.6070457700697968e-11,0.79016958273403393,0,-1.7743499999999999,-1.3566769022799285e-10,0.044999999999999998,0.056949800376138643,0,0,0,0.056949800376138643
7.0899999999999999,0,4.2505417210684788,1.4759263154087819e-11,0.79061958273403388,0,-1.7743499999999999,-1.2657121909404255e-10,0.044999999999999998,0.056917386038410456,0,0,0,0.056917386038410456
7.1000000000000005,0,4.2327982210684771,1.3539033318817068e-11,0.79106958273403394,0,-1.7743499999999999,-1.1747474796009139e-10,0.044999999999999998,0.056885008578479855,0,0,0,0.056885008578479855
7.1100000000000003,0,4.2150547210684781,1.2409768194885929e-11,0.791519582734034,0,-1.7743499999999999,-1.0837827682614107e-10,0.044999999999999998,0.056852667933448814,0,0,0,0.056852667933448814
7.1200000000000001,0,4.1973112210684782,1.1371467782294292e-11,0.79196958273403395,0,-1.7743499999999999,-9.928180569219074e-11,0.044999999999999998,0.05682036404056226,0,0,0,0.05682036404056226
7.1299999999999999,0,4.1795677210684783,1.0424132081042158e-11,0.7924195827340339,0,-1.7743499999999999,-9.0185334558240423e-11,0.044999999999999998,0.056788096837207654,0,0,0,0.056788096837207654
7.1400000000000006,0,4.1618242210684775,9.5677610911294515e-12,0.79286958273403396,0,-1.7743499999999999,-8.1088863424289291e-11,0.044999999999999998,0.056755866260914604,0,0,0,0.056755866260914604
7.1500000000000004,0,4.1440807210684776,8.8023548125563257e-12,0.79331958273403391,0,-1.7743499999999999,-7.199239229033896e-11,0.044999999999999998,0.056723672249354484,0,0,0,0.056723672249354484
7.1600000000000001,0,4.1263372210684786,8.1279132453227017e-12,0.79376958273403397,0,-1.7743499999999999,-6.2895921156388629e-11,0.044999999999999998,0.056691514740339975,0,0,0,0.056691514740339975
7.1699999999999999,0,4.1085937210684786,7.5444363894285793e-12,0.79421958273403392,0,-1.7743499999999999,-5.3799450022438311e-11,0.044999999999999998,0.05665939367182473,0,0,0,0.05665939367182473
7.1799999999999997,0,4.0908502210684787,7.0519242448739586e-12,0.79466958273403387,0,-1.7743499999999999,-4.4702978888487987e-11,0.044999999999999998,0.056627308981902914,0,0,0,0.056627308981902914
7.1900000000000004,0,4.0731067210684779,6.3807999135482632e-12,0.79511958273403394,0,-1.7743499999999999,-7.205644929475562e-11,0.044999999999999998,0.056595260608808845,0,0,0,0.056595260608808845
7.2000000000000002,0,4.055363221068478,5.6754434813915736e-12,0.79556958273403389,0,-1.7743499999999999,-6.9014837136585326e-11,0.044999999999999998,0.056563248490916609,0,0,0,0.056563248490916609
7.21,0,4.037619721068479,5.0005031708165859e-12,0.79601958273403384,0,-1.7743499999999999,-6.5973224978415032e-11,0.044999999999999998,0.056531272566739614,0,0,0,0.056531272566739614
7.2199999999999998,0,4.0198762210684791,4.355978981823301e-12,0.7964695827340339,0,-1.7743499999999999,-6.2931612820244738e-11,0.044999999999999998,0.056499332774930223,0,0,0,0.056499332774930223
7.2300000000000004,0,4.0021327210684783,3.7418709144116647e-12,0.79691958273403385,0,-1.7743499999999999,-5.9890000662074173e-11,0.044999999999999998,0.0564674290542794,0,0,0,0.0564674290542794
7.2400000000000002,0,3.9843892210684784,3.1581789685817869e-12,0.79736958273403391,0,-1.7743499999999999,-5.6848388503903885e-11,0.044999999999999998,0.056435561343716245,0,0,0,0.056435561343716245
7.25,0,3.9666457210684789,2.6049031443336126e-12,0.79781958273403386,0,-1.7743499999999999,-5.3806776345733591e-11,0.044999999999999998,0.056403729582307688,0,0,0,0.056403729582307688
7.2599999999999998,0,3.948902221068479,2.0820434416671383e-12,0.79826958273403392,0,-1.7743499999999999,-5.0765164187563297e-11,0.044999999999999998,0.056371933709257992,0,0,0,0.056371933709257992
7.2700000000000005,0,3.9311587210684777,1.5895998605823249e-12,0.79871958273403387,0,-1.7743499999999999,-4.7723552029392738e-11,0.044999999999999998,0.056340173663908498,0,0,0,0.056340173663908498
7.2800000000000002,0,3.9134152210684783,1.1275724010792584e-12,0.79916958273403393,0,-1.7743499999999999,-4.4681939871222444e-11,0.044999999999999998,0.056308449385737119,0,0,0,0.056308449385737119
7.29,0,3.8956717210684788,6.9596106315789526e-13,0.79961958273403388,0,-1.7743499999999999,-4.1640327713052157e-11,0.044999999999999998,0.056276760814358034,0,0,0,0.056276760814358034
7.2999999999999998,0,3.8779282210684789,2.9476584681823361e-13,0.80006958273403384,0,-1.7743499999999999,-3.8598715554881863e-11,0.044999999999999998,0.056245107889521272,0,0,0,0.056245107889521272
7.3100000000000005,0,3.8601847210684781,0,0.8005195827340339,0,-1.7743499999999999,-3.5557103396711297e-11,0.044999999999999998,0.056213490551112327,0,0,0,0.056213490551112327
7.3200000000000003,0,3.8424412210684782,0,0.80096958273403385,0,-1.7743499999999999,-3.251549123854101e-11,0.044999999999999998,0.056181908739151812,0,0,0,0.056181908739151812
7.3300000000000001,0,3.8246977210684787,0,0.80141958273403391,0,-1.7743499999999999,-2.9473879080370716e-11,0.044999999999999998,0.056150362393795027,0,0,0,0.056150362393795027
7.3399999999999999,0,3.8069542210684792,0,0.80186958273403386,0,-1.7743499999999999,-2.6432266922200422e-11,0.044999999999999998,0.056118851455331624,0,0,0,0.056118851455331624
7.3500000000000005,0,3.789210721068478,0,0.80231958273403392,0,-1.7743499999999999,-2.339065476402986e-11,0.044999999999999998,0.056087375864185204,0,0,0,0.056087375864185204
7.3600000000000003,0,3.7714672210684781,0,0.80276958273403387,0,-1.7743499999999999,-2.0349042605859569e-11,0.044999999999999998,0.05605593556091297,0,0,0,0.05605593556091297
7.3700000000000001,0,3.7537237210684786,0,0.80321958273403393,0,-1.7743499999999999,-1.7307430447689275e-11,0.044999999999999998,0.056024530486205315,0,0,0,0.056024530486205315
7.3799999999999999,0,3.7359802210684792,0,0.80366958273403388,0,-1.7743499999999999,-1.426581828951898e-11,0.044999999999999998,0.055993160580885493,0,0,0,0.055993160580885493
7.3900000000000006,0,3.7182367210684779,0,0.80411958273403394,0,-1.7743499999999999,-1.1224206131348419e-11,0.044999999999999998,0.055961825785909185,0,0,0,0.055961825785909185
7.4000000000000004,0,3.7004932210684784,0,0.80456958273403389,0,-1.7743499999999994,0,0.044999999999999998,0.055930526042364224,0,0,0,0.055930526042364224
7.4100000000000001,0,3.682749721068479,0,0.80501958273403385,0,-1.7743499999999994,0,0.044999999999999998,0.055899261291470111,0,0,0,0.055899261291470111
7.4199999999999999,0,3.6650062210684795,0,0.80546958273403391,0,-1.7743499999999994,0,0.044999999999999998,0.055868031474577737,0,0,0,0.055868031474577737
7.4299999999999997,0,3.6472627210684796,0,0.80591958273403386,0,-1.7743499999999994,0,0.044999999999999998,0.055836836533168975,0,0,0,0.055836836533168975
7.4400000000000004,0,3.6295192210684788,0,0.80636958273403392,0,-1.7743499999999994,0,0.044999999999999998,0.055805676408856329,0,0,0,0.055805676408856329
7.4500000000000002,0,3.6117757210684789,0,0.80681958273403387,0,-1.7743499999999994,0,0.044999999999999998,0.055774551043382574,0,0,0,0.055774551043382574
7.46,0,3.5940322210684794,0,0.80726958273403393,0,-1.7743499999999994,0,0.044999999999999998,0.055743460378620345,0,0,0,0.055743460378620345
7.4699999999999998,0,3.5762887210684799,0,0.80771958273403388,0,-1.7743499999999994,0,0.044999999999999998,0.055712404356571869,0,0,0,0.055712404356571869
7.4800000000000004,0,3.5585452210684787,0,0.80816958273403394,0,-1.7743499999999994,0,0.044999999999999998,0.055681382919368493,0,0,0,0.055681382919368493
7.4900000000000002,0,3.5408017210684788,0,0.80861958273403389,0,-1.7743499999999994,0,0.044999999999999998,0.055650396009270429,0,0,0,0.055650396009270429
7.5,0,3.5230582210684793,0,0.80906958273403384,0,-1.7743499999999994,0,0.044999999999999998,0.055619443568666313,0,0,0,0.055619443568666313
7.5099999999999998,0,3.5053147210684799,0,0.8095195827340339,0,-1.7743499999999994,0,0.044999999999999998,0.055588525540072896,0,0,0,0.055588525540072896
7.5200000000000005,0,3.4875712210684786,0,0.80996958273403385,0,-1.7743499999999994,0,0.044999999999999998,0.055557641866134683,0,0,0,0.055557641866134683
7.5300000000000002,0,3.4698277210684787,0,0.81041958273403392,0,-1.7743499999999994,0,0.044999999999999998,0.055526792489623542,0,0,0,0.055526792489623542
7.54,0,3.4520842210684792,0,0.81086958273403387,0,-1.7743499999999994,0,0.044999999999999998,0.055495977353438412,0,0,0,0.055495977353438412
7.5499999999999998,0,3.4343407210684798,0,0.81131958273403393,0,-1.7743499999999994,0,0.044999999999999998,0.055465196400604884,0,0,0,0.055465196400604884
7.5600000000000005,0,3.4165972210684785,0,0.81176958273403388,0,-1.7743499999999994,0,0.044999999999999998,0.05543444957427493,0,0,0,0.05543444957427493
7.5700000000000003,0,3.3988537210684791,0,0.81221958273403394,0,-1.7743499999999994,0,0.044999999999999998,0.055403736817726437,0,0,0,0.055403736817726437
7.5800000000000001,0,3.3811102210684791,0,0.81266958273403389,0,-1.7743499999999994,0,0.044999999999999998,0.055373058074362991,0,0,0,0.055373058074362991
7.5899999999999999,0,3.3633667210684797,0,0.81311958273403384,0,-1.7743499999999994,0,0.044999999999999998,0.055342413287713436,0,0,0,0.055342413287713436
7.6000000000000005,0,3.3456232210684784,0,0.8135695827340339,0,-1.7743499999999994,0,0.044999999999999998,0.055311802401431548,0,0,0,0.055311802401431548
7.6100000000000003,0,3.327879721068479,0,0.81401958273403385,0,-1.7743499999999994,0,0.044999999999999998,0.055281225359295728,0,0,0,0.055281225359295728
7.6200000000000001,0,3.310136221068479,0,0.81446958273403391,0,-1.7743499999999994,0,0.044999999999999998,0.055250682105208594,0,0,0,0.055250682105208594
7.6299999999999999,0,3.2923927210684796,0,0.81491958273403386,0,-1.7743499999999994,0,0.044999999999999998,0.055220172583196704,0,0,0,0.055220172583196704
7.6400000000000006,0,3.2746492210684783,0,0.81536958273403393,0,-1.7743499999999994,0,0.044999999999999998,0.055189696737410164,0,0,0,0.055189696737410164
7.6500000000000004,0,3.2569057210684789,0,0.81581958273403388,0,-1.7743499999999994,0,0.044999999999999998,0.055159254512122315,0,0,0,0.055159254512122315
7.6600000000000001,0,3.239162221068479,0,0.81626958273403394,0,-1.7743499999999994,0,0.044999999999999998,0.055128845851729356,0,0,0,0.055128845851729356
7.6699999999999999,0,3.2214187210684795,0,0.81671958273403389,0,-1.7743499999999994,0,0.044999999999999998,0.05509847070075008,0,0,0,0.05509847070075008
7.6799999999999997,0,3.20367522106848,0,0.81716958273403384,0,-1.7743499999999994,0,0.044999999999999998,0.055068129003825461,0,0,0,0.055068129003825461
7.6900000000000004,0,3.1859317210684788,0,0.8176195827340339,0,-1.7743499999999994,0,0.044999999999999998,0.055037820705718339,0,0,0,0.055037820705718339
7.7000000000000002,0,3.1681882210684793,0,0.81806958273403385,0,-1.7743499999999994,0,0.044999999999999998,0.055007545751313114,0,0,0,0.055007545751313114
7.71,0,3.1504447210684794,0,0.81851958273403391,0,-1.7743499999999994,0,0.044999999999999998,0.054977304085615381,0,0,0,0.054977304085615381
7.7199999999999998,0,3.1327012210684799,0,0.81896958273403386,0,-1.7743499999999994,0,0.044999999999999998,0.05494709565375161,0,0,0,0.05494709565375161
7.7300000000000004,0,3.1149577210684787,0,0.81941958273403392,0,-1.7743499999999994,0,0.044999999999999998,0.054916920400968787,0,0,0,0.054916920400968787
7.7400000000000002,0,3.0972142210684792,0,0.81986958273403387,0,-1.7743499999999994,0,0.044999999999999998,0.054886778272634149,0,0,0,0.054886778272634149
7.75,0,3.0794707210684793,0,0.82031958273403394,0,-1.7743499999999994,0,0.044999999999999998,0.054856669214234779,0,0,0,0.054856669214234779
7.7599999999999998,0,3.0617272210684798,0,0.82076958273403389,0,-1.7743499999999994,0,0.044999999999999998,0.054826593171377329,0,0,0,0.054826593171377329
7.7700000000000005,0,3.0439837210684786,0,0.82121958273403395,0,-1.7743499999999994,0,0.044999999999999998,0.054796550089787642,0,0,0,0.054796550089787642
7.7800000000000002,0,3.0262402210684791,0,0.8216695827340339,0,-1.7743499999999994,0,0.044999999999999998,0.054766539915310511,0,0,0,0.054766539915310511
7.79,0,3.0084967210684797,0,0.82211958273403385,0,-1.7743499999999994,0,0.044999999999999998,0.054736562593909251,0,0,0,0.054736562593909251
7.7999999999999998,0,2.9907532210684797,0,0.82256958273403391,0,-1.7743499999999994,0,0.044999999999999998,0.054706618071665436,0,0,0,0.054706618071665436
7.8100000000000005,0,2.9730097210684785,0,0.82301958273403397,0,-1.7743500000000001,0,0.044999999999999998,0.054676706294778582,0,0,0,0.054676706294778582
7.8200000000000003,0,2.9552662210684786,0,0.82346958273403392,0,-1.7743500000000001,0,0.044999999999999998,0.054646827209565797,0,0,0,0.054646827209565797
7.8300000000000001,0,2.9375227210684791,0,0.82391958273403398,0,-1.7743500000000001,0,0.044999999999999998,0.054616980762461451,0,0,0,0.054616980762461451
7.8399999999999999,0,2.9197792210684796,0,0.82436958273403393,0,-1.7743500000000001,0,0.044999999999999998,0.054587166900016894,0,0,0,0.054587166900016894
7.8500000000000005,0,2.9020357210684784,0,0.824819582734034,0,-1.7743500000000001,0,0.044999999999999998,0.054557385568900114,0,0,0,0.054557385568900114
7.8600000000000003,0,2.8842922210684789,0,0.82526958273403395,0,-1.7743500000000001,0,0.044999999999999998,0.054527636715895417,0,0,0,0.054527636715895417
7.8700000000000001,0,2.866548721068479,0,0.8257195827340339,0,-1.7743500000000001,0,0.044999999999999998,0.054497920287903116,0,0,0,0.054497920287903116
7.8799999999999999,0,2.8488052210684796,0,0.82616958273403396,0,-1.7743500000000001,0,0.044999999999999998,0.0544682362319392,0,0,0,0.0544682362319392
7.8900000000000006,0,2.8310617210684783,0,0.82661958273403391,0,-1.7743500000000001,0,0.044999999999999998,0.05443858449513507,0,0,0,0.05443858449513507
7.9000000000000004,0,2.8133182210684788,0,0.82706958273403397,0,-1.7743500000000001,0,0.044999999999999998,0.05440896502473714,0,0,0,0.05440896502473714
7.9100000000000001,0,2.7955747210684789,0,0.82751958273403392,0,-1.7743500000000001,0,0.044999999999999998,0.054379377768106633,0,0,0,0.054379377768106633
7.9199999999999999,0,2.7778312210684795,0,0.82796958273403398,0,-1.7743500000000001,0,0.044999999999999998,0.054349822672719136,0,0,0,0.054349822672719136
7.9300000000000006,0,2.7600877210684782,0,0.82841958273403393,0,-1.7743500000000001,0,0.044999999999999998,0.054320299686164412,0,0,0,0.054320299686164412
7.9400000000000004,0,2.7423442210684787,0,0.82886958273403399,0,-1.7743500000000001,0,0.044999999999999998,0.054290808756146031,0,0,0,0.054290808756146031
7.9500000000000002,0,2.7246007210684788,0,0.82931958273403394,0,-1.7743500000000001,0,0.044999999999999998,0.054261349830481059,0,0,0,0.054261349830481059
7.96,0,2.7068572210684794,0,0.82976958273403389,0,-1.7743500000000001,0,0.044999999999999998,0.054231922857099782,0,0,0,0.054231922857099782
7.9699999999999998,0,2.6891137210684799,0,0.83021958273403396,0,-1.7743500000000001,0,0.044999999999999998,0.054202527784045329,0,0,0,0.054202527784045329
7.9800000000000004,0,2.6713702210684787,0,0.83066958273403391,0,-1.7743500000000001,0,0.044999999999999998,0.054173164559473491,0,0,0,0.054173164559473491
7.9900000000000002,0,2.6536267210684787,0,0.83111958273403397,0,-1.7743500000000001,0,0.044999999999999998,0.054143833131652275,0,0,0,0.054143833131652275
8,0,2.6358832210684793,0,0.83156958273403392,0,-1.7743500000000001,0,0.044999999999999998,0.054114533448961701,0,0,0,0.054114533448961701
8.0099999999999998,0,2.6181397210684798,0,0.83201958273403398,0,-1.7743500000000001,0,0.044999999999999998,0.054085265459893443,0,0,0,0.054085265459893443
8.0199999999999996,0,2.6003962210684799,0,0.83246958273403393,0,-1.7743500000000001,0,0.044999999999999998,0.054056029113050567,0,0,0,0.054056029113050567
8.0299999999999994,0,2.5826527210684804,0,0.83291958273403388,0,-1.7743500000000001,0,0.044999999999999998,0.054026824357147223,0,0,0,0.054026824357147223
8.0400000000000009,0,2.5649092210684779,0,0.83336958273403394,0,-1.7743500000000001,0,0.044999999999999998,0.053997651141008275,0,0,0,0.053997651141008275
8.0500000000000007,0,2.5471657210684779,0,0.833819582734034,0,-1.7743500000000001,0,0.044999999999999998,0.053968509413569128,0,0,0,0.053968509413569128
8.0600000000000005,0,2.5294222210684785,0,0.83426958273403395,0,-1.7743500000000001,0,0.044999999999999998,0.053939399123875346,0,0,0,0.053939399123875346
8.0700000000000003,0,2.511678721068479,0,0.8347195827340339,0,-1.7743500000000001,0,0.044999999999999998,0.053910320221082331,0,0,0,0.053910320221082331
8.0800000000000001,0,2.4939352210684791,0,0.83516958273403397,0,-1.7743500000000001,0,0.044999999999999998,0.053881272654455116,0,0,0,0.053881272654455116
8.0899999999999999,0,2.4761917210684796,0,0.83561958273403392,0,-1.7743500000000001,0,0.044999999999999998,0.053852256373368011,0,0,0,0.053852256373368011
8.0999999999999996,0,2.4584482210684802,0,0.83606958273403387,0,-1.7743500000000001,0,0.044999999999999998,0.053823271327304308,0,0,0,0.053823271327304308
8.1099999999999994,0,2.4407047210684802,0,0.83651958273403393,0,-1.7743500000000001,0,0.044999999999999998,0.05379431746585598,0,0,0,0.05379431746585598
8.120000000000001,0,2.4229612210684777,0,0.83696958273403399,0,-1.7743500000000001,0,0.044999999999999998,0.053765394738723458,0,0,0,0.053765394738723458
8.1300000000000008,0,2.4052177210684778,0,0.83741958273403394,0,-1.7743500000000001,0,0.044999999999999998,0.053736503095715267,0,0,0,0.053736503095715267
8.1400000000000006,0,2.3874742210684783,0,0.837869582734034,0,-1.7743500000000001,0,0.044999999999999998,0.053707642486747732,0,0,0,0.053707642486747732
8.1500000000000004,0,2.3697307210684788,0,0.83831958273403395,0,-1.7743500000000001,0,0.044999999999999998,0.053678812861844769,0,0,0,0.053678812861844769
8.1600000000000001,0,2.3519872210684789,0,0.8387695827340339,0,-1.7743500000000001,0,0.044999999999999998,0.053650014171137489,0,0,0,0.053650014171137489
8.1699999999999999,0,2.3342437210684794,0,0.83921958273403396,0,-1.7743500000000001,0,0.044999999999999998,0.053621246364863998,0,0,0,0.053621246364863998
8.1799999999999997,0,2.31650022106848,0,0.83966958273403391,0,-1.7743500000000001,0,0.044999999999999998,0.05359250939336907,0,0,0,0.05359250939336907
8.1899999999999995,0,2.2987567210684801,0,0.84011958273403387,0,-1.7743500000000001,0,0.044999999999999998,0.053563803207103855,0,0,0,0.053563803207103855
8.1999999999999993,0,2.2810132210684806,0,0.84056958273403393,0,-1.7743500000000001,0,0.044999999999999998,0.053535127756625625,0,0,0,0.053535127756625625
8.2100000000000009,0,2.263269721068478,0,0.84101958273403399,0,-1.7743500000000001,0,0.044999999999999998,0.053506482992597457,0,0,0,0.053506482992597457
8.2200000000000006,0,2.2455262210684781,0,0.84146958273403394,0,-1.7743500000000001,0,0.044999999999999998,0.053477868865787981,0,0,0,0.053477868865787981
8.2300000000000004,0,2.2277827210684786,0,0.841919582734034,0,-1.7743500000000001,0,0.044999999999999998,0.053449285327071064,0,0,0,0.053449285327071064
8.2400000000000002,0,2.2100392210684787,0,0.84236958273403395,0,-1.7743500000000001,0,0.044999999999999998,0.053420732327425578,0,0,0,0.053420732327425578
8.25,0,2.1922957210684793,0,0.8428195827340339,0,-1.7743500000000001,0,0.044999999999999998,0.053392209817935035,0,0,0,0.053392209817935035
8.2599999999999998,0,2.1745522210684798,0,0.84326958273403396,0,-1.7743500000000001,0,0.044999999999999998,0.053363717749787418,0,0,0,0.053363717749787418
8.2699999999999996,0,2.1568087210684799,0,0.84371958273403391,0,-1.7743500000000001,0,0.044999999999999998,0.05333525607427482,0,0,0,0.05333525607427482
8.2799999999999994,0,2.1390652210684804,0,0.84416958273403386,0,-1.7743500000000001,0,0.044999999999999998,0.053306824742793191,0,0,0,0.053306824742793191
8.2900000000000009,0,2.1213217210684778,0,0.84461958273403392,0,-1.7743500000000001,0,0.044999999999999998,0.053278423706842055,0,0,0,0.053278423706842055
8.3000000000000007,0,2.1035782210684779,0,0.84506958273403399,0,-1.7743500000000001,0,0.044999999999999998,0.053250052918024267,0,0,0,0.053250052918024267
8.3100000000000005,0,2.0858347210684784,0,0.84551958273403394,0,-1.7743500000000001,0,0.044999999999999998,0.053221712328045713,0,0,0,0.053221712328045713
8.3200000000000003,0,2.068091221068479,0,0.845969582734034,0,-1.7743500000000001,0,0.044999999999999998,0.053193401888714992,0,0,0,0.053193401888714992
8.3300000000000001,0,2.0503477210684791,0,0.84641958273403395,0,-1.7743500000000001,0,0.044999999999999998,0.053165121551943251,0,0,0,0.053165121551943251
8.3399999999999999,0,2.0326042210684796,0,0.8468695827340339,0,-1.7743500000000001,0,0.044999999999999998,0.053136871269743792,0,0,0,0.053136871269743792
8.3499999999999996,0,2.0148607210684801,0,0.84731958273403396,0,-1.7743500000000001,0,0.044999999999999998,0.053108650994231885,0,0,0,0.053108650994231885
8.3599999999999994,0,1.9971172210684804,0,0.84776958273403391,0,-1.7743500000000001,0,0.044999999999999998,0.053080460677624473,0,0,0,0.053080460677624473
8.370000000000001,0,1.9793737210684776,0,0.84821958273403397,0,-1.7743500000000001,0,0.044999999999999998,0.053052300272239894,0,0,0,0.053052300272239894
8.3800000000000008,0,1.961630221068478,0,0.84866958273403392,0,-1.7743500000000001,0,0.044999999999999998,0.05302416973049761,0,0,0,0.05302416973049761
8.3900000000000006,0,1.9438867210684783,0,0.84911958273403398,0,-1.7743500000000001,0,0.044999999999999998,0.052996069004917948,0,0,0,0.052996069004917948
8.4000000000000004,0,1.9261432210684788,0,0.84956958273403393,0,-1.7743500000000001,0,0.044999999999999998,0.052967998048121842,0,0,0,0.052967998048121842
8.4100000000000001,0,1.9083997210684791,0,0.85001958273403388,0,-1.7743500000000001,0,0.044999999999999998,0.052939956812830556,0,0,0,0.052939956812830556
8.4199999999999999,0,1.8906562210684794,0,0.85046958273403395,0,-1.7743500000000001,0,0.044999999999999998,0.052911945251865378,0,0,0,0.052911945251865378
8.4299999999999997,0,1.8729127210684799,0,0.8509195827340339,0,-1.7743500000000001,0,0.044999999999999998,0.052883963318147466,0,0,0,0.052883963318147466
8.4399999999999995,0,1.8551692210684803,0,0.85136958273403396,0,-1.7743500000000001,0,0.044999999999999998,0.052856010964697456,0,0,0,0.052856010964697456
8.4499999999999993,0,1.8374257210684806,0,0.85181958273403391,0,-1.7743500000000001,0,0.044999999999999998,0.052828088144635292,0,0,0,0.052828088144635292
8.4600000000000009,0,1.8196822210684778,0,0.85226958273403397,0,-1.7743500000000001,0,0.044999999999999998,0.052800194811179903,0,0,0,0.052800194811179903
8.4700000000000006,0,1.8019387210684783,0,0.85271958273403392,0,-1.7743500000000001,0,0.044999999999999998,0.052772330917648984,0,0,0,0.052772330917648984
8.4800000000000004,0,1.7841952210684786,0,0.85316958273403398,0,-1.7743500000000001,0,0.044999999999999998,0.052744496417458708,0,0,0,0.052744496417458708
8.4900000000000002,0,1.7664517210684789,0,0.85361958273403393,0,-1.7743500000000001,0,0.044999999999999998,0.052716691264123511,0,0,0,0.052716691264123511
8.5,0,1.7487082210684795,0,0.85406958273403388,0,-1.7743500000000001,0,0.044999999999999998,0.052688915411255741,0,0,0,0.052688915411255741
8.5099999999999998,0,1.7309647210684798,0,0.85451958273403394,0,-1.7743500000000001,0,0.044999999999999998,0.052661168812565509,0,0,0,0.052661168812565509
8.5199999999999996,0,1.7132212210684801,0,0.85496958273403389,0,-1.7743500000000001,0,0.044999999999999998,0.052633451421860364,0,0,0,0.052633451421860364
8.5299999999999994,0,1.6954777210684806,0,0.85541958273403396,0,-1.7743500000000001,0,0.044999999999999998,0.052605763193045045,0,0,0,0.052605763193045045
8.5400000000000009,0,1.6777342210684778,0,0.85586958273403402,0,-1.7743500000000001,0,0.044999999999999998,0.052578104080121264,0,0,0,0.052578104080121264
8.5500000000000007,0,1.6599907210684781,0,0.85631958273403397,0,-1.7743500000000001,0,0.044999999999999998,0.052550474037187399,0,0,0,0.052550474037187399
8.5600000000000005,0,1.6422472210684784,0,0.85676958273403392,0,-1.7743500000000001,0,0.044999999999999998,0.052522873018438263,0,0,0,0.052522873018438263
8.5700000000000003,0,1.6245037210684787,0,0.85721958273403398,0,-1.7743500000000001,0,0.044999999999999998,0.052495300978164849,0,0,0,0.052495300978164849
8.5800000000000001,0,1.6067602210684793,0,0.85766958273403393,0,-1.7743500000000001,0,0.044999999999999998,0.052467757870754105,0,0,0,0.052467757870754105
8.5899999999999999,0,1.5890167210684796,0,0.85811958273403388,0,-1.7743500000000001,0,0.044999999999999998,0.052440243650688632,0,0,0,0.052440243650688632
8.5999999999999996,0,1.5712732210684799,0,0.85856958273403394,0,-1.7743500000000001,0,0.044999999999999998,0.052412758272546461,0,0,0,0.052412758272546461
8.6099999999999994,0,1.5535297210684804,0,0.85901958273403389,0,-1.7743500000000001,0,0.044999999999999998,0.052385301691000814,0,0,0,0.052385301691000814
8.620000000000001,0,1.5357862210684776,0,0.85946958273403395,0,-1.7743500000000001,0,0.044999999999999998,0.052357873860819824,0,0,0,0.052357873860819824
8.6300000000000008,0,1.5180427210684779,0,0.85991958273403402,0,-1.7743500000000001,0,0.044999999999999998,0.052330474736866327,0,0,0,0.052330474736866327
8.6400000000000006,0,1.5002992210684782,0,0.86036958273403397,0,-1.7743500000000001,0,0.044999999999999998,0.052303104274097574,0,0,0,0.052303104274097574
8.6500000000000004,0,1.4825557210684801,0,0.86081958273403392,0,-1.7743499999999996,0,0.044999999999999998,0.052275762427565008,0,0,0,0.052275762427565008
8.6600000000000001,0,1.4648122210684804,0,0.86126958273403387,0,-1.7743499999999996,0,0.044999999999999998,0.052248449152414007,0,0,0,0.052248449152414007
8.6699999999999999,0,1.4470687210684807,0,0.86171958273403393,0,-1.7743499999999996,0,0.044999999999999998,0.052221164403883649,0,0,0,0.052221164403883649
8.6799999999999997,0,1.429325221068481,0,0.86216958273403388,0,-1.7743499999999996,0,0.044999999999999998,0.052193908137306448,0,0,0,0.052193908137306448
8.6899999999999995,0,1.4115817210684816,0,0.86261958273403383,0,-1.7743499999999996,0,0.044999999999999998,0.052166680308108157,0,0,0,0.052166680308108157
8.7000000000000011,0,1.3938382210684788,0,0.863069582734034,0,-1.7743499999999996,0,0.044999999999999998,0.052139480871807448,0,0,0,0.052139480871807448
8.7100000000000009,0,1.3760947210684791,0,0.86351958273403395,0,-1.7743499999999996,0,0.044999999999999998,0.052112309784015751,0,0,0,0.052112309784015751
8.7200000000000006,0,1.3583512210684796,0,0.8639695827340339,0,-1.7743499999999996,0,0.044999999999999998,0.052085167000436965,0,0,0,0.052085167000436965
8.7300000000000004,0,1.3406077210684799,0,0.86441958273403396,0,-1.7743499999999996,0,0.044999999999999998,0.052058052476867213,0,0,0,0.052058052476867213
8.7400000000000002,0,1.3228642210684802,0,0.86486958273403391,0,-1.7743499999999996,0,0.044999999999999998,0.052030966169194635,0,0,0,0.052030966169194635
8.75,0,1.3051207210684808,0,0.86531958273403387,0,-1.7743499999999996,0,0.044999999999999998,0.052003908033399125,0,0,0,0.052003908033399125
8.7599999999999998,0,1.2873772210684811,0,0.86576958273403393,0,-1.7743499999999996,0,0.044999999999999998,0.051976878025552078,0,0,0,0.051976878025552078
8.7699999999999996,0,1.2696337210684814,0,0.86621958273403388,0,-1.7743499999999996,0,0.044999999999999998,0.051949876101816214,0,0,0,0.051949876101816214
8.7799999999999994,0,1.2518902210684819,0,0.86666958273403383,0,-1.7743499999999996,0,0.044999999999999998,0.051922902218445269,0,0,0,0.051922902218445269
8.7900000000000009,0,1.2341467210684791,0,0.86711958273403389,0,-1.7743499999999996,0,0.044999999999999998,0.051895956331783781,0,0,0,0.051895956331783781
8.8000000000000007,0,1.2164032210684794,0,0.86756958273403395,0,-1.7743499999999996,0,0.044999999999999998,0.051869038398266905,0,0,0,0.051869038398266905
8.8100000000000005,0,1.1986597210684797,0,0.8680195827340339,0,-1.7743499999999996,0,0.044999999999999998,0.05184214837442009,0,0,0,0.05184214837442009
8.8200000000000003,0,1.1809162210684803,0,0.86846958273403396,0,-1.7743499999999996,0,0.044999999999999998,0.051815286216858908,0,0,0,0.051815286216858908
8.8300000000000001,0,1.1631727210684806,0,0.86891958273403391,0,-1.7743499999999996,0,0.044999999999999998,0.051788451882288825,0,0,0,0.051788451882288825
8.8399999999999999,0,1.1454292210684809,0,0.86936958273403386,0,-1.7743499999999996,0,0.044999999999999998,0.051761645327504907,0,0,0,0.051761645327504907
8.8499999999999996,0,1.1276857210684814,0,0.86981958273403392,0,-1.7743499999999996,0,0.044999999999999998,0.051734866509391658,0,0,0,0.051734866509391658
8.8599999999999994,0,1.1099422210684817,0,0.87026958273403388,0,-1.7743499999999996,0,0.044999999999999998,0.051708115384922752,0,0,0,0.051708115384922752
8.870000000000001,0,1.0921987210684789,0,0.87071958273403394,0,-1.7743499999999996,0,0.044999999999999998,0.051681391911160786,0,0,0,0.051681391911160786
8.8800000000000008,0,1.0744552210684792,0,0.87116958273403389,0,-1.7743499999999996,0,0.044999999999999998,0.051654696045257124,0,0,0,0.051654696045257124
8.8900000000000006,0,1.0567117210684798,0,0.87161958273403395,0,-1.7743499999999996,0,0.044999999999999998,0.051628027744451563,0,0,0,0.051628027744451563
8.9000000000000004,0,1.0389682210684801,0,0.8720695827340339,0,-1.7743499999999996,0,0.044999999999999998,0.051601386966072194,0,0,0,0.051601386966072194
8.9100000000000001,0,1.0212247210684804,0,0.87251958273403396,0,-1.7743499999999996,0,0.044999999999999998,0.051574773667535136,0,0,0,0.051574773667535136
8.9199999999999999,0,1.0034812210684809,0,0.87296958273403391,0,-1.7743499999999996,0,0.044999999999999998,0.051548187806344299,0,0,0,0.051548187806344299
8.9299999999999997,0,0.98573772106848123,0,0.87341958273403386,0,-1.7743499999999996,0,0.044999999999999998,0.051521629340091191,0,0,0,0.051521629340091191
8.9399999999999995,0,0.96799422106848165,0,0.87386958273403392,0,-1.7743499999999996,0,0.044999999999999998,0.051495098226454629,0,0,0,0.051495098226454629
8.9500000000000011,0,0.95025072106847885,0,0.87431958273403398,0,-1.7743499999999996,0,0.044999999999999998,0.05146859442320062,0,0,0,0.05146859442320062
8.9600000000000009,0,0.93250722106847928,0,0.87476958273403393,0,-1.7743499999999996,0,0.044999999999999998,0.051442117888182058,0,0,0,0.051442117888182058
8.9700000000000006,0,0.91476372106847958,0,0.87521958273403389,0,-1.7743499999999996,0,0.044999999999999998,0.051415668579338478,0,0,0,0.051415668579338478
8.9800000000000004,0,0.89702022106848001,0,0.87566958273403395,0,-1.7743499999999996,0,0.044999999999999998,0.051389246454695912,0,0,0,0.051389246454695912
8.9900000000000002,0,0.87927672106848098,0,0.87611958273403379,0,-1.7743500000000001,0,0.044999999999999991,0.051362851472366626,0,0,0,0.051362851472366626
9,0,0.8615332210684814,0,0.87656958273403385,0,-1.7743500000000001,0,0.044999999999999991,0.051336483590548876,0,0,0,0.051336483590548876
9.0099999999999998,0,0.84378972106848182,0,0.8770195827340338,0,-1.7743500000000001,0,0.044999999999999991,0.051310142767526733,0,0,0,0.051310142767526733
9.0199999999999996,0,0.82604622106848213,0,0.87746958273403386,0,-1.7743500000000001,0,0.044999999999999991,0.051283828961669845,0,0,0,0.051283828961669845
9.0299999999999994,0,0.80830272106848255,0,0.87791958273403381,0,-1.7743500000000001,0,0.044999999999999991,0.051257542131433208,0,0,0,0.051257542131433208
9.0400000000000009,0,0.79055922106847976,0,0.87836958273403387,0,-1.7743500000000001,0,0.044999999999999991,0.051231282235356938,0,0,0,0.051231282235356938
9.0500000000000007,0,0.77281572106848007,0,0.87881958273403382,0,-1.7743500000000001,0,0.044999999999999991,0.051205049232066112,0,0,0,0.051205049232066112
9.0600000000000005,0,0.75507222106848049,0,0.87926958273403388,0,-1.7743500000000001,0,0.044999999999999991,0.051178843080270459,0,0,0,0.051178843080270459
9.0700000000000003,0,0.73732872106848091,0,0.87971958273403383,0,-1.7743500000000001,0,0.044999999999999991,0.051152663738764217,0,0,0,0.051152663738764217
9.0800000000000001,0,0.71958522106848122,0,0.88016958273403378,0,-1.7743500000000001,0,0.044999999999999991,0.051126511166425893,0,0,0,0.051126511166425893
9.0899999999999999,0,0.70184172106848164,0,0.88061958273403385,0,-1.7743500000000001,0,0.044999999999999991,0.051100385322218042,0,0,0,0.051100385322218042
9.0999999999999996,0,0.68409822106848206,0,0.8810695827340338,0,-1.7743500000000001,0,0.044999999999999991,0.051074286165187055,0,0,0,0.051074286165187055
9.1099999999999994,0,0.66635472106848237,0,0.88151958273403386,0,-1.7743500000000001,0,0.044999999999999991,0.051048213654462958,0,0,0,0.051048213654462958
9.120000000000001,0,0.64861122106847957,0,0.88196958273403392,0,-1.7743500000000001,0,0.044999999999999991,0.051022167749259176,0,0,0,0.051022167749259176
9.1300000000000008,0,0.63086772106847999,0,0.88241958273403387,0,-1.7743500000000001,0,0.044999999999999991,0.050996148408872344,0,0,0,0.050996148408872344
9.1400000000000006,0,0.61312422106848041,0,0.88286958273403382,0,-1.7743500000000001,0,0.044999999999999991,0.050970155592682066,0,0,0,0.050970155592682066
9.1500000000000004,0,0.59538072106848072,0,0.88331958273403388,0,-1.7743500000000001,0,0.044999999999999991,0.050944189260150735,0,0,0,0.050944189260150735
9.1600000000000001,0,0.57763722106848148,0,0.88376958273403383,0,-1.7743500000000001,0,0.044999999999999998,0.050918249370823308,0,0,0,0.050918249370823308
9.1699999999999999,0,0.55989372106848179,0,0.88421958273403378,0,-1.7743500000000001,0,0.044999999999999998,0.050892335884327095,0,0,0,0.050892335884327095
9.1799999999999997,0,0.54215022106848221,0,0.88466958273403373,0,-1.7743500000000001,0,0.044999999999999998,0.050866448760371545,0,0,0,0.050866448760371545
9.1899999999999995,0,0.52440672106848263,0,0.88511958273403379,0,-1.7743500000000001,0,0.044999999999999998,0.050840587958748025,0,0,0,0.050840587958748025
9.2000000000000011,0,0.50666322106847983,0,0.88556958273403386,0,-1.7743500000000001,0,0.044999999999999998,0.050814753439329688,0,0,0,0.050814753439329688
9.2100000000000009,0,0.4889197210684802,0,0.88601958273403381,0,-1.7743500000000001,0,0.044999999999999998,0.050788945162071143,0,0,0,0.050788945162071143
9.2200000000000006,0,0.47117622106848056,0,0.88646958273403387,0,-1.7743500000000001,0,0.044999999999999998,0.050763163087008345,0,0,0,0.050763163087008345
9.2300000000000004,0,0.45343272106848093,0,0.88691958273403382,0,-1.7743500000000001,0,0.044999999999999998,0.050737407174258363,0,0,0,0.050737407174258363
9.2400000000000002,0,0.43568922106848196,0,0.88736958273403377,0,-1.7743499999999996,0,0.044999999999999998,0.05071167738401914,0,0,0,0.05071167738401914
9.25,0,0.41794572106848238,0,0.88781958273403372,0,-1.7743499999999996,0,0.044999999999999998,0.050685973676569331,0,0,0,0.050685973676569331
9.2599999999999998,0,0.40020222106848269,0,0.88826958273403367,0,-1.7743499999999996,0,0.044999999999999998,0.050660296012268076,0,0,0,0.050660296012268076
9.2699999999999996,0,0.38245872106848311,0,0.88871958273403373,0,-1.7743499999999996,0,0.044999999999999998,0.050634644351554819,0,0,0,0.050634644351554819
9.2799999999999994,0,0.36471522106848347,0,0.88916958273403368,0,-1.7743499999999996,0,0.044999999999999998,0.05060901865494908,0,0,0,0.05060901865494908
9.2900000000000009,0,0.34697172106848073,0,0.88961958273403374,0,-1.7743499999999996,0,0.044999999999999998,0.050583418883050242,0,0,0,0.050583418883050242
9.3000000000000007,0,0.3292282210684811,0,0.8900695827340338,0,-1.7743499999999996,0,0.044999999999999998,0.050557844996537399,0,0,0,0.050557844996537399
9.3100000000000005,0,0.31148472106848146,0,0.89051958273403375,0,-1.7743499999999996,0,0.044999999999999998,0.050532296956169113,0,0,0,0.050532296956169113
9.3200000000000003,0,0.29374122106848188,0,0.8909695827340337,0,-1.7743499999999996,0,0.044999999999999998,0.050506774722783213,0,0,0,0.050506774722783213
9.3300000000000001,0,0.27599772106848225,0,0.89141958273403377,0,-1.7743499999999996,0,0.044999999999999998,0.050481278257296612,0,0,0,0.050481278257296612
9.3399999999999999,0,0.25825422106848261,0,0.89186958273403372,0,-1.7743499999999996,0,0.044999999999999998,0.050455807520705123,0,0,0,0.050455807520705123
9.3499999999999996,0,0.24051072106848301,0,0.89231958273403367,0,-1.7743499999999996,0,0.044999999999999998,0.050430362474083203,0,0,0,0.050430362474083203
9.3599999999999994,0,0.22276722106848337,0,0.89276958273403373,0,-1.7743499999999996,0,0.044999999999999998,0.050404943078583821,0,0,0,0.050404943078583821
9.370000000000001,0,0.2050237210684806,0,0.89321958273403379,0,-1.7743499999999996,0,0.044999999999999998,0.050379549295438204,0,0,0,0.050379549295438204
9.3800000000000008,0,0.187280221068481,0,0.89366958273403374,0,-1.7743499999999996,0,0.044999999999999998,0.050354181085955692,0,0,0,0.050354181085955692
9.3900000000000006,0,0.16953672106848139,0,0.8941195827340338,0,-1.7743499999999996,0,0.044999999999999998,0.050328838411523497,0,0,0,0.050328838411523497
9.4000000000000004,0,0.15179322106848175,0,0.89456958273403375,0,-1.7743499999999996,0,0.044999999999999998,0.050303521233606527,0,0,0,0.050303521233606527
9.4100000000000001,0,0.13404972106848065,0,0.89501958273403381,0,-1.7743499999999996,1.9215335500515736e-16,0.044999999999999991,0.050278229513747198,0,0,0,0.050278229513747198
9.4199999999999999,0,0.11630622106848103,0,0.89546958273403376,0,-1.7743499999999996,1.9215335500515736e-16,0.044999999999999991,0.050252963213565219,0,0,0,0.050252963213565219
9.4299999999999997,0,0.098562721068481574,0,0.89591958273403371,0,-1.7743500000000001,4.5596568892970259e-17,0.044999999999999998,0.050227722294757429,0,0,0,0.050227722294757429
9.4399999999999995,0,0.080819221068481953,0,0.89636958273403367,0,-1.7743500000000001,4.5596568892970259e-17,0.044999999999999998,0.050202506719097553,0,0,0,0.050202506719097553
9.4500000000000011,0,0.063075721068479182,0,0.89681958273403384,0,-1.7743500000000001,4.5596568892970259e-17,0.044999999999999998,0.050177316448436059,0,0,0,0.050177316448436059
9.4600000000000009,0,0.045332221068479554,0,0.89726958273403379,0,-1.7743500000000001,4.5596568892970259e-17,0.044999999999999998,0.050152151444699956,0,0,0,0.050152151444699956
9.4700000000000006,0,0.027588721068479934,0,0.89771958273403374,0,-1.7743500000000001,4.5596568892970259e-17,0.044999999999999998,0.050127011669892571,0,0,0,0.050127011669892571
9.4800000000000004,0,0.0098452210684813468,0,0.89816958273403369,0,-1.7743500000000001,0,0.044999999999999998,0.050101897086093396,0,0,0,0.050101897086093396
9.4900000000000002,0,0,0.0068951693270709272,0.89841927106952646,0,0,1.5232861589397009,0,0,0,0,0,0
9.5,0,0,0.021570815877052747,0.89841927106952646,0,0,1.4132188990298069,0,0,0,0,0,0
9.5099999999999998,0,0,0.035186051886739268,0.89841927106952646,0,0,1.3111046310633474,0,0,0,0,0,0
9.5199999999999996,0,0,0.047817498311266207,0.89841927106952646,0,0,1.216368756711917,0,0,0,0,0,0
9.5299999999999994,0,0,0.059536240427540688,0.89841927106952646,0,0,1.1284781876799104,0,0,0,0,0,0
9.5400000000000009,0,0,0.070408226753760655,0.89841927106952646,0,0,1.0469382349548302,0,0,0,0,0,0
9.5500000000000007,0,0,0.080494640870597517,0.89841927106952646,0,0,0.97129008350578216,0,0,0,0,0,0
9.5600000000000005,0,0,0.089852245721566332,0.89841927106952646,0,0,0.90110805951229345,0,0,0,0,0,0
9.5700000000000003,0,0,0.098533702865180886,0.89841927106952646,0,0,0.835997179970562,0,0,0,0,0,0
9.5800000000000001,0,0,0.10658786826039406,0.89841927106952646,0,0,0.77559090085982674,0,0,0,0,0,0
9.5899999999999999,0,0,0.1140600676771935,0.89841927106952646,0,0,0.71954941881391288,0,0,0,0,0,0
9.5999999999999996,0,0,0.12099235215693428,0.89841927106952646,0,0,0.66755734663057587,0,0,0,0,0,0
9.6099999999999994,0,0,0.12742373392907902,0.89841927106952646,0,0,0.61932192732644942,0,0,0,0,0,0
9.620000000000001,0,0,0.13339040650117331,0.89841927106952646,0,0,0.57457190499808375,0,0,0,0,0,0
9.6300000000000008,0,0,0.13892594820890783,0.89841927106952646,0,0,0.53305533073910272,0,0,0,0,0,0
9.6400000000000006,0,0,0.14406151094027456,0.89841927106952646,0,0,0.49453861574921998,0,0,0,0,0,0
9.6500000000000004,0,0,0.14882599588016299,0.89841927106952646,0,0,0.45880500981310002,0,0,0,0,0,0
9.6600000000000001,0,0,0.15324621578070413,0.89841927106952646,0,0,0.42565333428511076,0,0,0,0,0,0
9.6699999999999999,0,0,0.15734704599891047,0.89841927106952646,0,0,0.39489711845890602,0,0,0,0,0,0
9.6799999999999997,0,0,0.16115156459920338,0.89841927106952646,0,0,0.36636322697490192,0,0,0,0,0,0
9.6899999999999995,0,0,0.16468118192048867,0.89841927106952646,0,0,0.33989109829458874,0,0,0,0,0,0
9.7000000000000011,0,0,0.16795576143557253,0.89841927106952646,0,0,0.31533176798473639,0,0,0,0,0,0
9.7100000000000009,0,0,0.17099373129382178,0.89841927106952646,0,0,0.29254698319405792,0,0,0,0,0,0
9.7200000000000006,0,0,0.17381218802751067,0.89841927106952646,0,0,0.2714085622391354,0,0,0,0,0,0
9.7300000000000004,0,0,0.1764269929477989,0.89841927106952646,0,0,0.25179754628645568,0,0,0,0,0,0
9.7400000000000002,0,0,0.17885286118317323,0.89841927106952646,0,0,0.2336035151639671,0,0,0,0,0,0
9.75,0,0,0.18110344464582387,0.89841927106952646,0,0,0.21672414705284271,0,0,0,0,0,0
9.7599999999999998,0,0,0.18319140883167551,0.89841927106952646,0,0,0.20106441216163615,0,0,0,0,0,0
9.7699999999999996,0,0,0.18512850399062653,0.89841927106952646,0,0,0.18653620007147184,0,0,0,0,0,0
9.7799999999999994,0,0,0.18692563143063071,0.89841927106952646,0,0,0.17305775526024489,0,0,0,0,0,0
9.7900000000000009,0,0,0.18859290472298143,0.89841927106952646,0,0,0.16055319678067512,0,0,0,0,0,0
9.8000000000000007,0,0,0.19013970665672042,0.89841927106952646,0,0,0.14895218588386824,0,0,0,0,0,0
9.8100000000000005,0,0,0.19157474210412093,0.89841927106952646,0,0,0.13818943383812604,0,0,0,0,0,0
9.8200000000000003,0,0,0.19290608688357061,0.89841927106952646,0,0,0.12820433423730487,0,0,0,0,0,0
9.8300000000000001,0,0,0.1941412333428803,0.89841927106952646,0,0,0.11894074136120765,0,0,0,0,0,0
9.8399999999999999,0,0,0.19528713244267387,0.89841927106952646,0,0,0.1103464946254375,0,0,0,0,0,0
9.8499999999999996,0,0,0.19635023286240399,0.89841927106952646,0,0,0.10237324295839183,0,0,0,0,0,0
9.8599999999999994,0,0,0.19733651736779656,0.89841927106952646,0,0,0.094976116555896342,0,0,0,0,0,0
9.870000000000001,0,0,0.19825153639655307,0.89841927106952646,0,0,0.08811346722636787,0,0,0,0,0,0
9.8800000000000008,0,0,0.19910043934209387,0.89841927106952646,0,0,0.081746697824385595,0,0,0,0,0,0
9.8900000000000006,0,0,0.19988800353526215,0.89841927106952646,0,0,0.075839965393491568,0,0,0,0,0,0
9.9000000000000004,0,0,0.20061866107994392,0.89841927106952646,0,0,0.070360034285280537,0,0,0,0,0,0
9.9100000000000001,0,0,0.20129652386620844,0.89841927106952646,0,0,0.065276067232505341,0,0,0,0,0,0
9.9199999999999999,0,0,0.20192540665783584,0.89841927106952646,0,0,0.060559443371886949,0,0,0,0,0,0
9.9299999999999997,0,0,0.20250884856956927,0.89841927106952646,0,0,0.056183630240364026,0,0,0,0,0,0
9.9399999999999995,0,0,0.20305013301305083,0.89841927106952646,0,0,0.052124001806732954,0,0,0,0,0,0
9.9500000000000011,0,0,0.20355230611318961,0.89841927106952646,0,0,0.048357689629985899,0,0,0,0,0,0
9.9600000000000009,0,0,0.2040181936335963,0.89841927106952646,0,0,0.044863483179987999,0,0,0,0,0,0
9.9700000000000006,0,0,0.20445041728622815,0.89841927106952646,0,0,0.041621786756408513,0,0,0,0,0,0
9.9800000000000004,0,0,0.20485141003737886,0.89841927106952646,0,0,0.038614316133225739,0,0,0,0,0,0
9.9900000000000002,0,0,0.20522342819092301,0.89841927106952646,0,0,0.035824174159303446,0,0,0,0,0,0
10,0,0,0.20556856591134062,0.89841927106952646,0,0,0.03323576792294286,0,0,0,0,0,0
